county_fips,county_name,state_name,in_msa_1950,in_msa_1960,in_msa_1970,in_msa_1980,in_msa_1990,in_msa_2000,in_msa_2010,in_msa_2020,first_msa_decade
01001,Autauga,Alabama,False,False,True,True,True,True,True,True,1970
01003,Baldwin,Alabama,False,False,True,True,True,True,True,True,1970
01005,Barbour,Alabama,False,False,False,False,False,False,False,False,0
01007,Bibb,Alabama,False,False,False,False,False,False,True,True,2010
01009,Blount,Alabama,False,False,False,True,True,True,True,True,1980
01011,Bullock,Alabama,False,False,False,False,False,False,False,False,0
01013,Butler,Alabama,False,False,False,False,False,False,False,False,0
01015,Calhoun,Alabama,False,False,False,True,True,True,True,True,1980
01017,Chambers,Alabama,False,False,False,False,False,False,False,False,0
01019,Cherokee,Alabama,False,False,False,False,False,False,False,False,0
01021,Chilton,Alabama,False,False,False,False,False,False,True,True,2010
01023,Choctaw,Alabama,False,False,False,False,False,False,False,False,0
01025,Clarke,Alabama,False,False,False,False,False,False,False,False,0
01027,Clay,Alabama,False,False,False,False,False,False,False,False,0
01029,Cleburne,Alabama,False,False,False,False,False,False,False,False,0
01031,Coffee,Alabama,False,False,False,False,False,False,False,False,0
01033,Colbert,Alabama,False,False,True,True,True,True,True,True,1970
01035,Conecuh,Alabama,False,False,False,False,False,False,False,False,0
01037,Coosa,Alabama,False,False,False,False,False,False,False,False,0
01039,Covington,Alabama,False,False,False,False,False,False,False,False,0
01041,Crenshaw,Alabama,False,False,False,False,False,False,False,False,0
01043,Cullman,Alabama,False,False,False,False,False,False,False,False,0
01045,Dale,Alabama,False,False,False,True,True,True,False,False,1980
01047,Dallas,Alabama,False,False,False,False,False,False,False,False,0
01049,DeKalb,Alabama,False,False,False,False,False,False,False,False,0
01051,Elmore,Alabama,False,False,True,True,True,True,True,True,1970
01053,Escambia,Alabama,False,False,False,False,False,False,False,False,0
01055,Etowah,Alabama,True,True,True,True,True,True,True,True,1950
01057,Fayette,Alabama,False,False,False,False,False,False,False,False,0
01059,Franklin,Alabama,False,False,False,False,False,False,False,False,0
01061,Geneva,Alabama,False,False,False,False,False,False,True,True,2010
01063,Greene,Alabama,False,False,False,False,False,False,False,True,2020
01065,Hale,Alabama,False,False,False,False,False,False,True,True,2010
01067,Henry,Alabama,False,False,False,False,False,False,True,True,2010
01069,Houston,Alabama,False,False,False,True,True,True,True,True,1980
01071,Jackson,Alabama,False,False,False,False,False,False,False,False,0
01073,Jefferson,Alabama,True,True,True,True,True,True,True,True,1950
01075,Lamar,Alabama,False,False,False,False,False,False,False,False,0
01077,Lauderdale,Alabama,False,False,True,True,True,True,True,True,1970
01079,Lawrence,Alabama,False,False,False,False,True,True,True,True,1990
01081,Lee,Alabama,False,False,False,False,False,True,True,True,2000
01083,Limestone,Alabama,False,False,True,False,True,True,True,True,1970
01085,Lowndes,Alabama,False,False,False,False,False,False,True,True,2010
01087,Macon,Alabama,False,False,False,False,False,False,False,True,2020
01089,Madison,Alabama,False,True,True,True,True,True,True,True,1960
01091,Marengo,Alabama,False,False,False,False,False,False,False,False,0
01093,Marion,Alabama,False,False,False,False,False,False,False,False,0
01095,Marshall,Alabama,False,False,True,False,False,False,False,False,1970
01097,Mobile,Alabama,True,True,True,True,True,True,True,True,1950
01099,Monroe,Alabama,False,False,False,False,False,False,False,False,0
01101,Montgomery,Alabama,True,True,True,True,True,True,True,True,1950
01103,Morgan,Alabama,False,False,False,False,True,True,True,True,1990
01105,Perry,Alabama,False,False,False,False,False,False,False,False,0
01107,Pickens,Alabama,False,False,False,False,False,False,True,True,2010
01109,Pike,Alabama,False,False,False,False,False,False,False,False,0
01111,Randolph,Alabama,False,False,False,False,False,False,False,False,0
01113,Russell,Alabama,True,True,True,True,True,True,True,True,1950
01115,St Clair,Alabama,False,False,True,True,True,True,True,True,1970
01117,Shelby,Alabama,False,False,True,True,True,True,True,True,1970
01119,Sumter,Alabama,False,False,False,False,False,False,False,False,0
01121,Talladega,Alabama,False,False,False,False,False,False,False,False,0
01123,Tallapoosa,Alabama,False,False,False,False,False,False,False,False,0
01125,Tuscaloosa,Alabama,False,True,True,True,True,True,True,True,1960
01127,Walker,Alabama,False,False,True,True,False,False,True,True,1970
01129,Washington,Alabama,False,False,False,False,False,False,False,False,0
01131,Wilcox,Alabama,False,False,False,False,False,False,False,False,0
01133,Winston,Alabama,False,False,False,False,False,False,False,False,0
02001,First Judicial Dist,Alaska Territory,False,False,False,False,False,False,False,False,0
02003,Fourth Judicial Dist,Alaska Territory,False,False,False,False,False,False,False,False,0
02007,Second Judicial Dist,Alaska Territory,False,False,False,False,False,False,False,False,0
02010,Aleutian Islands - Elec District 14,Alaska,False,False,False,False,False,False,False,False,0
02011,Third Judicial Dist,Alaska Territory,False,False,False,False,False,False,False,False,0
02013,Aleutians East,Alaska,False,False,False,False,False,False,False,False,0
02016,Aleutians West,Alaska,False,False,False,False,False,False,False,False,0
02020,Anchorage - Elec District 10,Alaska,False,False,True,True,True,True,True,True,1970
02030,Angoon,Alaska,False,False,False,False,False,False,False,False,0
02040,Barrow - Elec District 21,Alaska,False,False,False,False,False,False,False,False,0
02050,Bethel - Elec District 16,Alaska,False,False,False,False,False,False,False,False,0
02060,Bristol Bay - Elec District 15,Alaska,False,False,False,False,False,False,False,False,0
02062,Bristol Bay Division,Alaska,False,False,False,False,False,False,False,False,0
02063,Chugach Census Area,Alaska,False,False,False,False,False,False,False,False,0
02066,Copper River Census Area,Alaska,False,False,False,False,False,False,False,False,0
02068,Denali,Alaska,False,False,False,False,False,False,False,False,0
02070,Dillingham,Alaska,False,False,False,False,False,False,False,False,0
02080,Cordova-McCarthy - Elec District 07,Alaska,False,False,False,False,False,False,False,False,0
02090,Fairbanks Northstar - Elec District 19,Alaska,False,False,False,False,False,False,True,True,2010
02100,Haines,Alaska,False,False,False,False,False,False,False,False,0
02105,Hoonah-Angoon Census Area,Alaska,False,False,False,False,False,False,False,False,0
02110,Juneau - Elec District 05,Alaska,False,False,False,False,False,False,False,False,0
02120,Kenai-Cook Inlet - Elec District 12,Alaska,False,False,False,False,False,False,False,False,0
02122,Kenai Peninsula,Alaska,False,False,False,False,False,False,False,False,0
02130,Ketchikan - Elec District 02,Alaska,False,False,False,False,False,False,False,False,0
02140,Kobuk - Elec District 22,Alaska,False,False,False,False,False,False,False,False,0
02150,Kodiak - Elec District 13,Alaska,False,False,False,False,False,False,False,False,0
02158,Kusilvak Census Area,Alaska,False,False,False,False,False,False,False,False,0
02160,Kuskokwim - Elec District 17,Alaska,False,False,False,False,False,False,False,False,0
02164,Lynn Canal-Icy Straits - Elec District 06,Alaska,False,False,False,False,False,False,False,False,0
02170,Matanuska-Susitna,Alaska,False,False,False,False,False,False,True,True,2010
02180,Nome - Elec District 23,Alaska,False,False,False,False,False,False,False,False,0
02185,North Slope,Alaska,False,False,False,False,False,False,False,False,0
02188,Northwest Arctic,Alaska,False,False,False,False,False,False,False,False,0
02190,Palmer-Wasilla-Talkeetna - Elec District 09,Alaska,False,False,False,False,False,False,False,False,0
02195,Petersburg Census Area,Alaska,False,False,False,False,False,False,False,False,0
02198,Prince of Wales-Hyder Census Area,Alaska,False,False,False,False,False,False,False,False,0
02200,Prince Of Wales - Elec District 01,Alaska,False,False,False,False,False,False,False,False,0
02201,Seward - Elec District 11,Alaska,False,False,False,False,False,False,False,False,0
02210,Seward,Alaska,False,False,False,False,False,False,False,False,0
02220,Sitka - Elec District 04,Alaska,False,False,False,False,False,False,False,False,0
02230,Skagway-Yakutat,Alaska,False,False,False,False,False,False,False,False,0
02231,Skagway-Yakutat-Angoon,Alaska,False,False,False,False,False,False,False,False,0
02232,Skagway-Hoonah-Angoon,Alaska,False,False,False,False,False,False,False,False,0
02240,Southeast Fairbanks,Alaska,False,False,False,False,False,False,False,False,0
02250,Upper Yukon - Elec District 20,Alaska,False,False,False,False,False,False,False,False,0
02260,Valdez-Chitina-Whittier - Elec District 08,Alaska,False,False,False,False,False,False,False,False,0
02261,Valdez-Cordova,Alaska,False,False,False,False,False,False,False,False,0
02270,Wade Hapton - Elec District 24,Alaska,False,False,False,False,False,False,False,False,0
02275,Wrangell City and Borough,Alaska,False,False,False,False,False,False,False,False,0
02280,Wrangell-Petersburg - Elec District 03,Alaska,False,False,False,False,False,False,False,False,0
02282,Yakutat,Alaska,False,False,False,False,False,False,False,False,0
02290,Yukon-Koyukuk - Elec District 18,Alaska,False,False,False,False,False,False,False,False,0
04001,Apache,Arizona,False,False,False,False,False,False,False,False,0
04003,Cochise,Arizona,False,False,False,False,False,False,True,True,2010
04005,Coconino,Arizona,False,False,False,False,False,True,True,True,2000
04007,Gila,Arizona,False,False,False,False,False,False,False,False,0
04009,Graham,Arizona,False,False,False,False,False,False,False,False,0
04011,Greenlee,Arizona,False,False,False,False,False,False,False,False,0
04012,La Paz,Arizona,False,False,False,False,False,False,False,False,0
04013,Maricopa,Arizona,True,True,True,True,True,True,True,True,1950
04015,Mohave,Arizona,False,False,False,False,True,True,True,True,1990
04017,Navajo,Arizona,False,False,False,False,False,False,False,False,0
04019,Pima,Arizona,False,True,True,True,True,True,True,True,1960
04021,Pinal,Arizona,False,False,False,False,True,True,True,True,1990
04023,Santa Cruz,Arizona,False,False,False,False,False,False,False,False,0
04025,Yavapai,Arizona,False,False,False,False,False,False,True,True,2010
04027,Yuma,Arizona,False,False,False,False,True,True,True,True,1990
05001,Arkansas,Arkansas,False,False,False,False,False,False,False,False,0
05003,Ashley,Arkansas,False,False,False,False,False,False,False,False,0
05005,Baxter,Arkansas,False,False,False,False,False,False,False,False,0
05007,Benton,Arkansas,False,False,True,False,True,True,True,True,1970
05009,Boone,Arkansas,False,False,False,False,False,False,False,False,0
05011,Bradley,Arkansas,False,False,False,False,False,False,False,False,0
05013,Calhoun,Arkansas,False,False,False,False,False,False,False,False,0
05015,Carroll,Arkansas,False,False,False,False,False,False,False,False,0
05017,Chicot,Arkansas,False,False,False,False,False,False,False,False,0
05019,Clark,Arkansas,False,False,False,False,False,False,False,False,0
05021,Clay,Arkansas,False,False,False,False,False,False,False,False,0
05023,Cleburne,Arkansas,False,False,False,False,False,False,False,False,0
05025,Cleveland,Arkansas,False,False,False,False,False,False,True,False,2010
05027,Columbia,Arkansas,False,False,False,False,False,False,False,False,0
05029,Conway,Arkansas,False,False,False,False,False,False,False,False,0
05031,Craighead,Arkansas,False,False,False,False,False,True,True,True,2000
05033,Crawford,Arkansas,False,False,True,True,True,True,True,True,1970
05035,Crittenden,Arkansas,False,False,True,True,True,True,True,True,1970
05037,Cross,Arkansas,False,False,False,False,False,False,False,False,0
05039,Dallas,Arkansas,False,False,False,False,False,False,False,False,0
05041,Desha,Arkansas,False,False,False,False,False,False,False,False,0
05043,Drew,Arkansas,False,False,False,False,False,False,False,False,0
05045,Faulkner,Arkansas,False,False,False,True,True,True,True,True,1980
05047,Franklin,Arkansas,False,False,False,False,False,False,False,False,0
05049,Fulton,Arkansas,False,False,False,False,False,False,False,False,0
05051,Garland,Arkansas,False,False,False,False,False,False,True,True,2010
05053,Grant,Arkansas,False,False,False,False,False,False,True,True,2010
05055,Greene,Arkansas,False,False,False,False,False,False,False,False,0
05057,Hempstead,Arkansas,False,False,False,False,False,False,False,False,0
05059,Hot Spring,Arkansas,False,False,False,False,False,False,False,False,0
05061,Howard,Arkansas,False,False,False,False,False,False,False,False,0
05063,Independence,Arkansas,False,False,False,False,False,False,False,False,0
05065,Izard,Arkansas,False,False,False,False,False,False,False,False,0
05067,Jackson,Arkansas,False,False,False,False,False,False,False,False,0
05069,Jefferson,Arkansas,False,False,True,True,True,True,True,False,1970
05071,Johnson,Arkansas,False,False,False,False,False,False,False,False,0
05073,Lafayette,Arkansas,False,False,False,False,False,False,False,False,0
05075,Lawrence,Arkansas,False,False,False,False,False,False,False,False,0
05077,Lee,Arkansas,False,False,False,False,False,False,False,False,0
05079,Lincoln,Arkansas,False,False,False,False,False,False,True,False,2010
05081,Little River,Arkansas,False,False,True,False,False,False,True,True,1970
05083,Logan,Arkansas,False,False,False,False,False,False,False,False,0
05085,Lonoke,Arkansas,False,False,False,True,True,True,True,True,1980
05087,Madison,Arkansas,False,False,False,False,False,False,True,True,2010
05089,Marion,Arkansas,False,False,False,False,False,False,False,False,0
05091,Miller,Arkansas,False,True,True,True,True,True,True,True,1960
05093,Mississippi,Arkansas,False,False,False,False,False,False,False,False,0
05095,Monroe,Arkansas,False,False,False,False,False,False,False,False,0
05097,Montgomery,Arkansas,False,False,False,False,False,False,False,False,0
05099,Nevada,Arkansas,False,False,False,False,False,False,False,False,0
05101,Newton,Arkansas,False,False,False,False,False,False,False,False,0
05103,Ouachita,Arkansas,False,False,False,False,False,False,False,False,0
05105,Perry,Arkansas,False,False,False,False,False,False,True,True,2010
05107,Phillips,Arkansas,False,False,False,False,False,False,False,False,0
05109,Pike,Arkansas,False,False,False,False,False,False,False,False,0
05111,Poinsett,Arkansas,False,False,False,False,False,False,True,True,2010
05113,Polk,Arkansas,False,False,False,False,False,False,False,False,0
05115,Pope,Arkansas,False,False,False,False,False,False,False,False,0
05117,Prairie,Arkansas,False,False,False,False,False,False,False,False,0
05119,Pulaski,Arkansas,True,True,True,True,True,True,True,True,1950
05121,Randolph,Arkansas,False,False,False,False,False,False,False,False,0
05123,St Francis,Arkansas,False,False,False,False,False,False,False,False,0
05125,Saline,Arkansas,False,False,True,True,True,True,True,True,1970
05127,Scott,Arkansas,False,False,False,False,False,False,False,False,0
05129,Searcy,Arkansas,False,False,False,False,False,False,False,False,0
05131,Sebastian,Arkansas,False,True,True,True,True,True,True,True,1960
05133,Sevier,Arkansas,False,False,False,False,False,False,False,False,0
05135,Sharp,Arkansas,False,False,False,False,False,False,False,False,0
05137,Stone,Arkansas,False,False,False,False,False,False,False,False,0
05139,Union,Arkansas,False,False,False,False,False,False,False,False,0
05141,Van Buren,Arkansas,False,False,False,False,False,False,False,False,0
05143,Washington,Arkansas,False,False,True,True,True,True,True,True,1970
05145,White,Arkansas,False,False,False,False,False,False,False,False,0
05147,Woodruff,Arkansas,False,False,False,False,False,False,False,False,0
05149,Yell,Arkansas,False,False,False,False,False,False,False,False,0
06001,Alameda,California,True,True,True,True,True,True,True,True,1950
06003,Alpine,California,False,False,False,False,False,False,False,False,0
06005,Amador,California,False,False,False,False,False,False,False,False,0
06007,Butte,California,False,False,False,True,True,True,True,True,1980
06009,Calaveras,California,False,False,False,False,False,False,False,False,0
06011,Colusa,California,False,False,False,False,False,False,False,False,0
06013,Contra Costa,California,True,True,True,True,True,True,True,True,1950
06015,Del Norte,California,False,False,False,False,False,False,False,False,0
06017,El Dorado,California,False,False,False,True,True,True,True,True,1980
06019,Fresno,California,True,True,True,True,True,True,True,True,1950
06021,Glenn,California,False,False,False,False,False,False,False,False,0
06023,Humboldt,California,False,False,False,False,False,False,False,False,0
06025,Imperial,California,False,False,False,False,False,False,True,True,2010
06027,Inyo,California,False,False,False,False,False,False,False,False,0
06029,Kern,California,False,True,True,True,True,True,True,True,1960
06031,Kings,California,False,False,False,False,False,False,True,True,2010
06033,Lake,California,False,False,False,False,False,False,False,False,0
06035,Lassen,California,False,False,False,False,False,False,False,False,0
06037,Los Angeles,California,True,True,True,True,True,True,True,True,1950
06039,Madera,California,False,False,False,False,True,True,True,True,1990
06041,Marin,California,True,True,True,True,True,True,True,True,1950
06043,Mariposa,California,False,False,False,False,False,False,False,False,0
06045,Mendocino,California,False,False,False,False,False,False,False,False,0
06047,Merced,California,False,False,False,False,True,True,True,True,1990
06049,Modoc,California,False,False,False,False,False,False,False,False,0
06051,Mono,California,False,False,False,False,False,False,False,False,0
06053,Monterey,California,False,False,True,True,True,True,True,True,1970
06055,Napa,California,False,False,True,True,True,True,True,True,1970
06057,Nevada,California,False,False,False,False,False,False,False,False,0
06059,Orange,California,True,True,True,True,True,True,True,True,1950
06061,Placer,California,False,False,True,True,True,True,True,True,1970
06063,Plumas,California,False,False,False,False,False,False,False,False,0
06065,Riverside,California,False,True,True,True,True,True,True,True,1960
06067,Sacramento,California,True,True,True,True,True,True,True,True,1950
06069,San Benito,California,False,False,False,False,False,False,True,True,2010
06071,San Bernardino,California,True,True,True,True,True,True,True,True,1950
06073,San Diego,California,True,True,True,True,True,True,True,True,1950
06075,San Francisco,California,True,True,True,True,True,True,True,True,1950
06077,San Joaquin,California,True,True,True,True,True,True,True,True,1950
06079,San Luis Obispo,California,False,False,False,False,True,True,True,True,1990
06081,San Mateo,California,True,True,True,True,True,True,True,True,1950
06083,Santa Barbara,California,False,True,True,True,True,True,True,True,1960
06085,Santa Clara,California,True,True,True,True,True,True,True,True,1950
06087,Santa Cruz,California,False,False,True,True,True,True,True,True,1970
06089,Shasta,California,False,False,False,True,True,True,True,True,1980
06091,Sierra,California,False,False,False,False,False,False,False,False,0
06093,Siskiyou,California,False,False,False,False,False,False,False,False,0
06095,Solano,California,True,True,True,True,True,True,True,True,1950
06097,Sonoma,California,False,False,True,True,True,True,True,True,1970
06099,Stanislaus,California,False,False,True,True,True,True,True,True,1970
06101,Sutter,California,False,False,False,True,True,True,True,True,1980
06103,Tehama,California,False,False,False,False,False,False,False,False,0
06105,Trinity,California,False,False,False,False,False,False,False,False,0
06107,Tulare,California,False,False,False,True,True,True,True,True,1980
06109,Tuolumne,California,False,False,False,False,False,False,False,False,0
06111,Ventura,California,False,False,True,True,True,True,True,True,1970
06113,Yolo,California,False,False,True,True,True,True,True,True,1970
06115,Yuba,California,False,False,False,True,True,True,True,True,1980
08001,Adams,Colorado,True,True,True,True,True,True,True,True,1950
08003,Alamosa,Colorado,False,False,False,False,False,False,False,False,0
08005,Arapahoe,Colorado,True,True,True,True,True,True,True,True,1950
08007,Archuleta,Colorado,False,False,False,False,False,False,False,False,0
08009,Baca,Colorado,False,False,False,False,False,False,False,False,0
08011,Bent,Colorado,False,False,False,False,False,False,False,False,0
08013,Boulder,Colorado,False,True,True,True,True,True,True,True,1960
08014,Broomfield County,Colorado,False,False,False,False,False,False,True,True,2010
08015,Chaffee,Colorado,False,False,False,False,False,False,False,False,0
08017,Cheyenne,Colorado,False,False,False,False,False,False,False,False,0
08019,Clear Creek,Colorado,False,False,False,False,False,False,True,True,2010
08021,Conejos,Colorado,False,False,False,False,False,False,False,False,0
08023,Costilla,Colorado,False,False,False,False,False,False,False,False,0
08025,Crowley,Colorado,False,False,False,False,False,False,False,False,0
08027,Custer,Colorado,False,False,False,False,False,False,False,False,0
08029,Delta,Colorado,False,False,False,False,False,False,False,False,0
08031,Denver,Colorado,True,True,True,True,True,True,True,True,1950
08033,Dolores,Colorado,False,False,False,False,False,False,False,False,0
08035,Douglas,Colorado,False,False,False,True,True,True,True,True,1980
08037,Eagle,Colorado,False,False,False,False,False,False,False,False,0
08039,Elbert,Colorado,False,False,False,False,False,False,True,True,2010
08041,El Paso,Colorado,False,True,True,True,True,True,True,True,1960
08043,Fremont,Colorado,False,False,False,False,False,False,False,False,0
08045,Garfield,Colorado,False,False,False,False,False,False,False,False,0
08047,Gilpin,Colorado,False,False,True,False,False,False,True,True,1970
08049,Grand,Colorado,False,False,False,False,False,False,False,False,0
08051,Gunnison,Colorado,False,False,False,False,False,False,False,False,0
08053,Hinsdale,Colorado,False,False,False,False,False,False,False,False,0
08055,Huerfano,Colorado,False,False,False,False,False,False,False,False,0
08057,Jackson,Colorado,False,False,False,False,False,False,False,False,0
08059,Jefferson,Colorado,True,True,True,True,True,True,True,True,1950
08061,Kiowa,Colorado,False,False,False,False,False,False,False,False,0
08063,Kit Carson,Colorado,False,False,False,False,False,False,False,False,0
08065,Lake,Colorado,False,False,False,False,False,False,False,False,0
08067,La Plata,Colorado,False,False,False,False,False,False,False,False,0
08069,Larimer,Colorado,False,False,False,True,True,True,True,True,1980
08071,Las Animas,Colorado,False,False,False,False,False,False,False,False,0
08073,Lincoln,Colorado,False,False,False,False,False,False,False,False,0
08075,Logan,Colorado,False,False,False,False,False,False,False,False,0
08077,Mesa,Colorado,False,False,False,False,False,True,True,True,2000
08079,Mineral,Colorado,False,False,False,False,False,False,False,False,0
08081,Moffat,Colorado,False,False,False,False,False,False,False,False,0
08083,Montezuma,Colorado,False,False,False,False,False,False,False,False,0
08085,Montrose,Colorado,False,False,False,False,False,False,False,False,0
08087,Morgan,Colorado,False,False,False,False,False,False,False,False,0
08089,Otero,Colorado,False,False,False,False,False,False,False,False,0
08091,Ouray,Colorado,False,False,False,False,False,False,False,False,0
08093,Park,Colorado,False,False,False,False,False,False,True,True,2010
08095,Phillips,Colorado,False,False,False,False,False,False,False,False,0
08097,Pitkin,Colorado,False,False,False,False,False,False,False,False,0
08099,Prowers,Colorado,False,False,False,False,False,False,False,False,0
08101,Pueblo,Colorado,True,True,True,True,True,True,True,True,1950
08103,Rio Blanco,Colorado,False,False,False,False,False,False,False,False,0
08105,Rio Grande,Colorado,False,False,False,False,False,False,False,False,0
08107,Routt,Colorado,False,False,False,False,False,False,False,False,0
08109,Saguache,Colorado,False,False,False,False,False,False,False,False,0
08111,San Juan,Colorado,False,False,False,False,False,False,False,False,0
08113,San Miguel,Colorado,False,False,False,False,False,False,False,False,0
08115,Sedgwick,Colorado,False,False,False,False,False,False,False,False,0
08117,Summit,Colorado,False,False,False,False,False,False,False,False,0
08119,Teller,Colorado,False,False,True,False,False,False,True,True,1970
08121,Washington,Colorado,False,False,False,False,False,False,False,False,0
08123,Weld,Colorado,False,False,False,True,True,True,True,True,1980
08125,Yuma,Colorado,False,False,False,False,False,False,False,False,0
09001,Fairfield,Connecticut,True,True,True,True,True,True,True,True,1950
09003,Hartford,Connecticut,True,True,True,True,True,True,True,True,1950
09005,Litchfield,Connecticut,True,True,True,True,True,True,False,True,1950
09007,Middlesex,Connecticut,False,True,True,True,True,True,True,True,1960
09009,New Haven,Connecticut,True,True,True,True,True,True,True,True,1950
09011,New London,Connecticut,False,True,True,True,True,True,True,True,1960
09013,Tolland,Connecticut,False,True,True,True,True,True,True,True,1960
09015,Windham,Connecticut,False,False,False,True,True,True,True,True,1980
10001,Kent,Delaware,False,False,False,False,True,True,True,True,1990
10003,New Castle,Delaware,True,True,True,True,True,True,True,True,1950
10005,Sussex,Delaware,False,False,False,False,False,False,True,False,2010
11001,District Of Columbia,District Of Columbia,True,True,True,True,True,True,True,True,1950
12001,Alachua,Florida,False,False,True,True,True,True,True,True,1970
12003,Baker,Florida,False,False,True,False,False,False,True,True,1970
12005,Bay,Florida,False,False,False,True,True,True,True,True,1980
12007,Bradford,Florida,False,False,False,True,False,False,False,False,1980
12009,Brevard,Florida,False,False,True,True,True,True,True,True,1970
12011,Broward,Florida,False,True,True,True,True,True,True,True,1960
12013,Calhoun,Florida,False,False,False,False,False,False,False,False,0
12015,Charlotte,Florida,False,False,False,False,True,True,True,True,1990
12017,Citrus,Florida,False,False,False,False,False,False,True,True,2010
12019,Clay,Florida,False,False,True,True,True,True,True,True,1970
12021,Collier,Florida,False,False,False,False,True,True,True,True,1990
12023,Columbia,Florida,False,False,False,False,False,False,False,False,0
12025,Dade,Florida,True,True,True,True,True,False,False,False,1950
12027,DeSoto,Florida,False,False,False,False,False,False,False,False,0
12029,Dixie,Florida,False,False,False,False,False,False,False,False,0
12031,Duval,Florida,True,True,True,True,True,True,True,True,1950
12033,Escambia,Florida,False,True,True,True,True,True,True,True,1960
12035,Flagler,Florida,False,False,False,False,True,True,True,True,1990
12037,Franklin,Florida,False,False,False,False,False,False,False,False,0
12039,Gadsden,Florida,False,False,False,True,True,True,True,True,1980
12041,Gilchrist,Florida,False,False,False,False,False,False,True,True,2010
12043,Glades,Florida,False,False,False,False,False,False,False,False,0
12045,Gulf,Florida,False,False,False,False,False,False,True,False,2010
12047,Hamilton,Florida,False,False,False,False,False,False,False,False,0
12049,Hardee,Florida,False,False,False,False,False,False,False,False,0
12051,Hendry,Florida,False,False,False,False,False,False,False,False,0
12053,Hernando,Florida,False,False,False,True,True,True,True,True,1980
12055,Highlands,Florida,False,False,False,False,False,False,True,True,2010
12057,Hillsborough,Florida,True,True,True,True,True,True,True,True,1950
12059,Holmes,Florida,False,False,False,False,False,False,False,False,0
12061,Indian River,Florida,False,False,False,False,False,False,True,True,2010
12063,Jackson,Florida,False,False,False,False,False,False,False,False,0
12065,Jefferson,Florida,False,False,False,False,False,False,True,True,2010
12067,Lafayette,Florida,False,False,False,False,False,False,False,False,0
12069,Lake,Florida,False,False,False,False,True,True,True,True,1990
12071,Lee,Florida,False,False,True,True,True,True,True,True,1970
12073,Leon,Florida,False,False,True,True,True,True,True,True,1970
12075,Levy,Florida,False,False,False,False,False,False,False,True,2020
12077,Liberty,Florida,False,False,False,False,False,False,False,False,0
12079,Madison,Florida,False,False,False,False,False,False,False,False,0
12081,Manatee,Florida,False,False,False,True,True,True,True,True,1980
12083,Marion,Florida,False,False,False,True,True,True,True,True,1980
12085,Martin,Florida,False,False,False,True,True,True,True,True,1980
12086,Miami-Dade,Florida,False,False,False,False,False,True,True,True,2000
12087,Monroe,Florida,False,False,False,False,False,False,False,False,0
12089,Nassau,Florida,False,False,True,True,True,True,True,True,1970
12091,Okaloosa,Florida,False,False,False,True,True,True,True,True,1980
12093,Okeechobee,Florida,False,False,False,False,False,False,False,False,0
12095,Orange,Florida,True,True,True,True,True,True,True,True,1950
12097,Osceola,Florida,False,False,True,True,True,True,True,True,1970
12099,Palm Beach,Florida,False,True,True,True,True,True,True,True,1960
12101,Pasco,Florida,False,False,True,True,True,True,True,True,1970
12103,Pinellas,Florida,True,True,True,True,True,True,True,True,1950
12105,Polk,Florida,False,False,True,True,True,True,True,True,1970
12107,Putnam,Florida,False,False,False,False,False,False,False,False,0
12109,St Johns,Florida,False,False,True,True,True,True,True,True,1970
12111,St Lucie,Florida,False,False,False,True,True,True,True,True,1980
12113,Santa Rosa,Florida,False,True,True,True,True,True,True,True,1960
12115,Sarasota,Florida,False,False,True,True,True,True,True,True,1970
12117,Seminole,Florida,False,True,True,True,True,True,True,True,1960
12119,Sumter,Florida,False,False,False,False,False,False,True,True,2010
12121,Suwannee,Florida,False,False,False,False,False,False,False,False,0
12123,Taylor,Florida,False,False,False,False,False,False,False,False,0
12125,Union,Florida,False,False,False,False,False,False,False,False,0
12127,Volusia,Florida,False,False,True,True,True,True,True,True,1970
12129,Wakulla,Florida,False,False,True,False,False,False,True,True,1970
12131,Walton,Florida,False,False,False,False,False,False,True,True,2010
12133,Washington,Florida,False,False,False,False,False,False,False,True,2020
13001,Appling,Georgia,False,False,False,False,False,False,False,False,0
13003,Atkinson,Georgia,False,False,False,False,False,False,False,False,0
13005,Bacon,Georgia,False,False,False,False,False,False,False,False,0
13007,Baker,Georgia,False,False,False,False,False,False,True,False,2010
13009,Baldwin,Georgia,False,False,False,False,False,False,False,False,0
13011,Banks,Georgia,False,False,False,False,False,False,False,False,0
13013,Barrow,Georgia,False,False,False,True,True,True,True,True,1980
13015,Bartow,Georgia,False,False,False,False,True,True,True,True,1990
13017,Ben Hill,Georgia,False,False,False,False,False,False,False,False,0
13019,Berrien,Georgia,False,False,False,False,False,False,False,False,0
13021,Bibb,Georgia,True,True,True,True,True,True,True,True,1950
13023,Bleckley,Georgia,False,False,False,False,False,False,False,False,0
13025,Brantley,Georgia,False,False,False,False,False,False,True,True,2010
13027,Brooks,Georgia,False,False,False,False,False,False,True,True,2010
13029,Bryan,Georgia,False,False,True,False,True,True,True,True,1970
13031,Bulloch,Georgia,False,False,False,False,False,False,False,False,0
13033,Burke,Georgia,False,False,False,False,False,False,True,True,2010
13035,Butts,Georgia,False,False,True,True,False,False,True,True,1970
13037,Calhoun,Georgia,False,False,False,False,False,False,False,False,0
13039,Camden,Georgia,False,False,False,False,False,False,False,False,0
13043,Candler,Georgia,False,False,False,False,False,False,False,False,0
13045,Carroll,Georgia,False,False,False,False,True,True,True,True,1990
13047,Catoosa,Georgia,False,False,True,True,True,True,True,True,1970
13049,Charlton,Georgia,False,False,False,False,False,False,False,False,0
13051,Chatham,Georgia,True,True,True,True,True,True,True,True,1950
13053,Chattahoochee,Georgia,True,True,True,True,True,True,True,True,1950
13055,Chattooga,Georgia,False,False,False,False,False,False,False,False,0
13057,Cherokee,Georgia,False,False,True,True,True,True,True,True,1970
13059,Clarke,Georgia,False,False,False,True,True,True,True,True,1980
13061,Clay,Georgia,False,False,False,False,False,False,False,False,0
13063,Clayton,Georgia,False,True,True,True,True,True,True,True,1960
13065,Clinch,Georgia,False,False,False,False,False,False,False,False,0
13067,Cobb,Georgia,True,True,True,True,True,True,True,True,1950
13069,Coffee,Georgia,False,False,False,False,False,False,False,False,0
13071,Colquitt,Georgia,False,False,False,False,False,False,False,False,0
13073,Columbia,Georgia,False,False,True,True,True,True,True,True,1970
13075,Cook,Georgia,False,False,False,False,False,False,False,False,0
13077,Coweta,Georgia,False,False,False,True,True,True,True,True,1980
13079,Crawford,Georgia,False,False,False,False,False,False,True,True,2010
13081,Crisp,Georgia,False,False,False,False,False,False,False,False,0
13083,Dade,Georgia,False,False,True,True,True,True,True,True,1970
13085,Dawson,Georgia,False,False,False,False,False,False,True,True,2010
13087,Decatur,Georgia,False,False,False,False,False,False,False,False,0
13089,DeKalb,Georgia,True,True,True,True,True,True,True,True,1950
13091,Dodge,Georgia,False,False,False,False,False,False,False,False,0
13093,Dooly,Georgia,False,False,False,False,False,False,False,False,0
13095,Dougherty,Georgia,False,True,True,True,True,True,True,True,1960
13097,Douglas,Georgia,False,False,True,True,True,True,True,True,1970
13099,Early,Georgia,False,False,False,False,False,False,False,False,0
13101,Echols,Georgia,False,False,False,False,False,False,True,True,2010
13103,Effingham,Georgia,False,False,True,True,True,True,True,True,1970
13105,Elbert,Georgia,False,False,False,False,False,False,False,False,0
13107,Emanuel,Georgia,False,False,False,False,False,False,False,False,0
13109,Evans,Georgia,False,False,False,False,False,False,False,False,0
13111,Fannin,Georgia,False,False,False,False,False,False,False,False,0
13113,Fayette,Georgia,False,False,True,True,True,True,True,True,1970
13115,Floyd,Georgia,False,False,False,False,False,False,True,True,2010
13117,Forsyth,Georgia,False,False,True,True,True,True,True,True,1970
13119,Franklin,Georgia,False,False,False,False,False,False,False,False,0
13121,Fulton,Georgia,True,True,True,True,True,True,True,True,1950
13123,Gilmer,Georgia,False,False,False,False,False,False,False,False,0
13125,Glascock,Georgia,False,False,False,False,False,False,False,False,0
13127,Glynn,Georgia,False,False,False,False,False,False,True,True,2010
13129,Gordon,Georgia,False,False,False,False,False,False,False,False,0
13131,Grady,Georgia,False,False,False,False,False,False,False,False,0
13133,Greene,Georgia,False,False,False,False,False,False,False,False,0
13135,Gwinnett,Georgia,False,True,True,True,True,True,True,True,1960
13137,Habersham,Georgia,False,False,False,False,False,False,False,False,0
13139,Hall,Georgia,False,False,False,False,False,False,True,True,2010
13141,Hancock,Georgia,False,False,False,False,False,False,False,False,0
13143,Haralson,Georgia,False,False,False,False,False,False,True,True,2010
13145,Harris,Georgia,False,False,False,False,True,True,True,True,1990
13147,Hart,Georgia,False,False,False,False,False,False,False,False,0
13149,Heard,Georgia,False,False,False,False,False,False,True,True,2010
13151,Henry,Georgia,False,False,True,True,True,True,True,True,1970
13153,Houston,Georgia,True,True,True,True,True,True,True,True,1950
13155,Irwin,Georgia,False,False,False,False,False,False,False,False,0
13157,Jackson,Georgia,False,False,False,True,False,False,False,False,1980
13159,Jasper,Georgia,False,False,False,False,False,False,True,True,2010
13161,Jeff Davis,Georgia,False,False,False,False,False,False,False,False,0
13163,Jefferson,Georgia,False,False,False,False,False,False,False,False,0
13165,Jenkins,Georgia,False,False,False,False,False,False,False,False,0
13167,Johnson,Georgia,False,False,False,False,False,False,False,False,0
13169,Jones,Georgia,False,False,True,True,True,True,True,True,1970
13171,Lamar,Georgia,False,False,False,False,False,False,True,False,2010
13173,Lanier,Georgia,False,False,False,False,False,False,True,True,2010
13175,Laurens,Georgia,False,False,False,False,False,False,False,False,0
13177,Lee,Georgia,False,False,True,True,True,True,True,True,1970
13179,Liberty,Georgia,False,False,False,False,False,False,True,True,2010
13181,Lincoln,Georgia,False,False,False,False,False,False,True,True,2010
13183,Long,Georgia,False,False,False,False,False,False,True,True,2010
13185,Lowndes,Georgia,False,False,False,False,False,False,True,True,2010
13187,Lumpkin,Georgia,False,False,False,False,False,False,False,True,2020
13189,McDuffie,Georgia,False,False,False,True,True,True,True,True,1980
13191,McIntosh,Georgia,False,False,False,False,False,False,True,True,2010
13193,Macon,Georgia,False,False,False,False,False,False,False,False,0
13195,Madison,Georgia,False,False,False,True,True,True,True,True,1980
13197,Marion,Georgia,False,False,False,False,False,False,True,True,2010
13199,Meriwether,Georgia,False,False,False,False,False,False,True,True,2010
13201,Miller,Georgia,False,False,False,False,False,False,False,False,0
13205,Mitchell,Georgia,False,False,False,False,False,False,False,False,0
13207,Monroe,Georgia,False,False,False,False,False,False,True,True,2010
13209,Montgomery,Georgia,False,False,False,False,False,False,False,False,0
13211,Morgan,Georgia,False,False,False,False,False,False,True,True,2010
13213,Murray,Georgia,False,False,False,False,False,False,True,True,2010
13215,Muscogee,Georgia,True,True,True,True,True,True,True,True,1950
13217,Newton,Georgia,False,False,True,True,True,True,True,True,1970
13219,Oconee,Georgia,False,False,False,True,True,True,True,True,1980
13221,Oglethorpe,Georgia,False,False,False,False,False,False,True,True,2010
13223,Paulding,Georgia,False,False,True,True,True,True,True,True,1970
13225,Peach,Georgia,False,False,False,True,True,True,True,True,1980
13227,Pickens,Georgia,False,False,False,False,True,True,True,True,1990
13229,Pierce,Georgia,False,False,False,False,False,False,False,False,0
13231,Pike,Georgia,False,False,False,False,False,False,True,True,2010
13233,Polk,Georgia,False,False,False,False,False,False,False,False,0
13235,Pulaski,Georgia,False,False,False,False,False,False,True,False,2010
13237,Putnam,Georgia,False,False,False,False,False,False,False,False,0
13239,Quitman,Georgia,False,False,False,False,False,False,False,False,0
13241,Rabun,Georgia,False,False,False,False,False,False,False,False,0
13243,Randolph,Georgia,False,False,False,False,False,False,False,False,0
13245,Richmond,Georgia,True,True,True,True,True,True,True,True,1950
13247,Rockdale,Georgia,False,False,True,True,True,True,True,True,1970
13249,Schley,Georgia,False,False,False,False,False,False,False,False,0
13251,Screven,Georgia,False,False,False,False,False,False,False,False,0
13253,Seminole,Georgia,False,False,False,False,False,False,False,False,0
13255,Spalding,Georgia,False,False,False,True,True,True,True,True,1980
13257,Stephens,Georgia,False,False,False,False,False,False,False,False,0
13259,Stewart,Georgia,False,False,False,False,False,False,False,True,2020
13261,Sumter,Georgia,False,False,False,False,False,False,False,False,0
13263,Talbot,Georgia,False,False,False,False,False,False,False,True,2020
13265,Taliaferro,Georgia,False,False,False,False,False,False,False,False,0
13267,Tattnall,Georgia,False,False,False,False,False,False,False,False,0
13269,Taylor,Georgia,False,False,False,False,False,False,False,False,0
13271,Telfair,Georgia,False,False,False,False,False,False,False,False,0
13273,Terrell,Georgia,False,False,False,False,False,False,True,True,2010
13275,Thomas,Georgia,False,False,False,False,False,False,False,False,0
13277,Tift,Georgia,False,False,False,False,False,False,False,False,0
13279,Toombs,Georgia,False,False,False,False,False,False,False,False,0
13281,Towns,Georgia,False,False,False,False,False,False,False,False,0
13283,Treutlen,Georgia,False,False,False,False,False,False,False,False,0
13285,Troup,Georgia,False,False,False,False,False,False,False,False,0
13287,Turner,Georgia,False,False,False,False,False,False,False,False,0
13289,Twiggs,Georgia,False,False,True,False,True,True,True,True,1970
13291,Union,Georgia,False,False,False,False,False,False,False,False,0
13293,Upson,Georgia,False,False,False,False,False,False,False,False,0
13295,Walker,Georgia,True,True,True,True,True,True,True,True,1950
13297,Walton,Georgia,False,False,True,True,True,True,True,True,1970
13299,Ware,Georgia,False,False,False,False,False,False,False,False,0
13301,Warren,Georgia,False,False,False,False,False,False,False,False,0
13303,Washington,Georgia,False,False,False,False,False,False,False,False,0
13305,Wayne,Georgia,False,False,False,False,False,False,False,False,0
13307,Webster,Georgia,False,False,False,False,False,False,False,False,0
13309,Wheeler,Georgia,False,False,False,False,False,False,False,False,0
13311,White,Georgia,False,False,False,False,False,False,False,False,0
13313,Whitfield,Georgia,False,False,False,False,False,False,True,True,2010
13315,Wilcox,Georgia,False,False,False,False,False,False,False,False,0
13317,Wilkes,Georgia,False,False,False,False,False,False,False,False,0
13319,Wilkinson,Georgia,False,False,False,False,False,False,False,False,0
13321,Worth,Georgia,False,False,False,False,False,False,True,True,2010
15001,Hawaii,Hawaii Territory,False,False,False,False,False,False,False,False,0
15003,Honolulu,Hawaii Territory,True,True,True,True,True,True,True,True,1950
15005,Kalawao,Hawaii,False,False,False,False,False,False,True,True,2010
15007,Kauai,Hawaii Territory,False,False,False,False,False,False,False,False,0
15009,Maui,Hawaii Territory,False,False,False,False,False,False,True,True,2010
16001,Ada,Idaho,False,False,True,True,True,True,True,True,1970
16003,Adams,Idaho,False,False,False,False,False,False,False,False,0
16005,Bannock,Idaho,False,False,False,False,False,True,True,True,2000
16007,Bear Lake,Idaho,False,False,False,False,False,False,False,False,0
16009,Benewah,Idaho,False,False,False,False,False,False,False,False,0
16011,Bingham,Idaho,False,False,False,False,False,False,False,False,0
16013,Blaine,Idaho,False,False,False,False,False,False,False,False,0
16015,Boise,Idaho,False,False,False,False,False,False,True,True,2010
16017,Bonner,Idaho,False,False,False,False,False,False,False,False,0
16019,Bonneville,Idaho,False,False,False,False,False,False,True,True,2010
16021,Boundary,Idaho,False,False,False,False,False,False,False,False,0
16023,Butte,Idaho,False,False,False,False,False,False,True,True,2010
16025,Camas,Idaho,False,False,False,False,False,False,False,False,0
16027,Canyon,Idaho,False,False,False,False,True,True,True,True,1990
16029,Caribou,Idaho,False,False,False,False,False,False,False,False,0
16031,Cassia,Idaho,False,False,False,False,False,False,False,False,0
16033,Clark,Idaho,False,False,False,False,False,False,False,False,0
16035,Clearwater,Idaho,False,False,False,False,False,False,False,False,0
16037,Custer,Idaho,False,False,False,False,False,False,False,False,0
16039,Elmore,Idaho,False,False,False,False,False,False,False,False,0
16041,Franklin,Idaho,False,False,False,False,False,False,True,True,2010
16043,Fremont,Idaho,False,False,False,False,False,False,False,False,0
16045,Gem,Idaho,False,False,False,False,False,False,True,True,2010
16047,Gooding,Idaho,False,False,False,False,False,False,False,False,0
16049,Idaho,Idaho,False,False,False,False,False,False,False,False,0
16051,Jefferson,Idaho,False,False,False,False,False,False,True,True,2010
16053,Jerome,Idaho,False,False,False,False,False,False,False,True,2020
16055,Kootenai,Idaho,False,False,False,False,False,False,True,True,2010
16057,Latah,Idaho,False,False,False,False,False,False,False,False,0
16059,Lemhi,Idaho,False,False,False,False,False,False,False,False,0
16061,Lewis,Idaho,False,False,False,False,False,False,False,False,0
16063,Lincoln,Idaho,False,False,False,False,False,False,False,False,0
16065,Madison,Idaho,False,False,False,False,False,False,False,False,0
16067,Minidoka,Idaho,False,False,False,False,False,False,False,False,0
16069,Nez Perce,Idaho,False,False,False,False,False,False,True,True,2010
16071,Oneida,Idaho,False,False,False,False,False,False,False,False,0
16073,Owyhee,Idaho,False,False,False,False,False,False,True,True,2010
16075,Payette,Idaho,False,False,False,False,False,False,False,False,0
16077,Power,Idaho,False,False,False,False,False,False,False,False,0
16079,Shoshone,Idaho,False,False,False,False,False,False,False,False,0
16081,Teton,Idaho,False,False,False,False,False,False,False,False,0
16083,Twin Falls,Idaho,False,False,False,False,False,False,False,True,2020
16085,Valley,Idaho,False,False,False,False,False,False,False,False,0
16087,Washington,Idaho,False,False,False,False,False,False,False,False,0
17001,Adams,Illinois,False,False,False,False,False,False,False,False,0
17003,Alexander,Illinois,False,False,False,False,False,False,True,True,2010
17005,Bond,Illinois,False,False,False,False,False,False,True,True,2010
17007,Boone,Illinois,False,False,True,True,True,True,True,True,1970
17009,Brown,Illinois,False,False,False,False,False,False,False,False,0
17011,Bureau,Illinois,False,False,False,False,False,False,False,False,0
17013,Calhoun,Illinois,False,False,False,False,False,False,True,True,2010
17015,Carroll,Illinois,False,False,False,False,False,False,False,False,0
17017,Cass,Illinois,False,False,False,False,False,False,False,False,0
17019,Champaign,Illinois,False,True,True,True,True,True,True,True,1960
17021,Christian,Illinois,False,False,False,False,False,False,False,False,0
17023,Clark,Illinois,False,False,False,False,False,False,False,False,0
17025,Clay,Illinois,False,False,False,False,False,False,False,False,0
17027,Clinton,Illinois,False,False,True,True,True,True,True,True,1970
17029,Coles,Illinois,False,False,False,False,False,False,False,False,0
17031,Cook,Illinois,True,True,True,True,True,True,True,True,1950
17033,Crawford,Illinois,False,False,False,False,False,False,False,False,0
17035,Cumberland,Illinois,False,False,False,False,False,False,False,False,0
17037,DeKalb,Illinois,False,False,False,False,True,True,True,True,1990
17039,De Witt,Illinois,False,False,False,False,False,False,True,False,2010
17041,Douglas,Illinois,False,False,False,False,False,False,False,False,0
17043,Dupage,Illinois,True,True,True,True,True,True,True,True,1950
17045,Edgar,Illinois,False,False,False,False,False,False,False,False,0
17047,Edwards,Illinois,False,False,False,False,False,False,False,False,0
17049,Effingham,Illinois,False,False,False,False,False,False,False,False,0
17051,Fayette,Illinois,False,False,False,False,False,False,False,False,0
17053,Ford,Illinois,False,False,False,False,False,False,True,True,2010
17055,Franklin,Illinois,False,False,False,False,False,False,False,False,0
17057,Fulton,Illinois,False,False,False,False,False,False,False,False,0
17059,Gallatin,Illinois,False,False,False,False,False,False,False,False,0
17061,Greene,Illinois,False,False,False,False,False,False,False,False,0
17063,Grundy,Illinois,False,False,False,True,True,True,True,True,1980
17065,Hamilton,Illinois,False,False,False,False,False,False,False,False,0
17067,Hancock,Illinois,False,False,False,False,False,False,False,False,0
17069,Hardin,Illinois,False,False,False,False,False,False,False,False,0
17071,Henderson,Illinois,False,False,False,False,False,False,False,False,0
17073,Henry,Illinois,False,False,True,True,True,True,True,True,1970
17075,Iroquois,Illinois,False,False,False,False,False,False,False,False,0
17077,Jackson,Illinois,False,False,False,False,False,False,True,False,2010
17079,Jasper,Illinois,False,False,False,False,False,False,False,False,0
17081,Jefferson,Illinois,False,False,False,False,False,False,False,False,0
17083,Jersey,Illinois,False,False,False,True,True,True,True,True,1980
17085,Jo Daviess,Illinois,False,False,False,False,False,False,False,False,0
17087,Johnson,Illinois,False,False,False,False,False,False,False,False,0
17089,Kane,Illinois,True,True,True,True,True,True,True,True,1950
17091,Kankakee,Illinois,False,False,False,True,True,True,True,True,1980
17093,Kendall,Illinois,False,False,False,True,True,True,True,True,1980
17095,Knox,Illinois,False,False,False,False,False,False,False,False,0
17097,Lake,Illinois,True,True,True,True,True,True,True,True,1950
17099,La Salle,Illinois,False,False,False,False,False,False,False,False,0
17101,Lawrence,Illinois,False,False,False,False,False,False,False,False,0
17103,Lee,Illinois,False,False,False,False,False,False,False,False,0
17105,Livingston,Illinois,False,False,False,False,False,False,False,False,0
17107,Logan,Illinois,False,False,False,False,False,False,False,False,0
17109,McDonough,Illinois,False,False,False,False,False,False,False,False,0
17111,McHenry,Illinois,False,True,True,True,True,True,True,True,1960
17113,McLean,Illinois,False,False,True,True,True,True,True,True,1970
17115,Macon,Illinois,True,True,True,True,True,True,True,True,1950
17117,Macoupin,Illinois,False,False,False,False,False,False,True,True,2010
17119,Madison,Illinois,True,True,True,True,True,True,True,True,1950
17121,Marion,Illinois,False,False,False,False,False,False,False,False,0
17123,Marshall,Illinois,False,False,False,False,False,False,True,True,2010
17125,Mason,Illinois,False,False,False,False,False,False,False,False,0
17127,Massac,Illinois,False,False,False,False,False,False,False,True,2020
17129,Menard,Illinois,False,False,True,True,True,True,True,True,1970
17131,Mercer,Illinois,False,False,False,False,False,False,True,True,2010
17133,Monroe,Illinois,False,False,True,True,True,True,True,True,1970
17135,Montgomery,Illinois,False,False,False,False,False,False,False,False,0
17137,Morgan,Illinois,False,False,False,False,False,False,False,False,0
17139,Moultrie,Illinois,False,False,False,False,False,False,False,False,0
17141,Ogle,Illinois,False,False,False,False,True,True,False,False,1990
17143,Peoria,Illinois,True,True,True,True,True,True,True,True,1950
17145,Perry,Illinois,False,False,False,False,False,False,False,False,0
17147,Piatt,Illinois,False,False,False,False,False,False,True,True,2010
17149,Pike,Illinois,False,False,False,False,False,False,False,False,0
17151,Pope,Illinois,False,False,False,False,False,False,False,False,0
17153,Pulaski,Illinois,False,False,False,False,False,False,False,False,0
17155,Putnam,Illinois,False,False,False,False,False,False,False,False,0
17157,Randolph,Illinois,False,False,False,False,False,False,False,False,0
17159,Richland,Illinois,False,False,False,False,False,False,False,False,0
17161,Rock Island,Illinois,True,True,True,True,True,True,True,True,1950
17163,St Clair,Illinois,True,True,True,True,True,True,True,True,1950
17165,Saline,Illinois,False,False,False,False,False,False,False,False,0
17167,Sangamon,Illinois,True,True,True,True,True,True,True,True,1950
17169,Schuyler,Illinois,False,False,False,False,False,False,False,False,0
17171,Scott,Illinois,False,False,False,False,False,False,False,False,0
17173,Shelby,Illinois,False,False,False,False,False,False,False,False,0
17175,Stark,Illinois,False,False,False,False,False,False,True,True,2010
17177,Stephenson,Illinois,False,False,False,False,False,False,False,False,0
17179,Tazewell,Illinois,True,True,True,True,True,True,True,True,1950
17181,Union,Illinois,False,False,False,False,False,False,False,False,0
17183,Vermilion,Illinois,False,False,False,False,False,False,True,False,2010
17185,Wabash,Illinois,False,False,False,False,False,False,False,False,0
17187,Warren,Illinois,False,False,False,False,False,False,False,False,0
17189,Washington,Illinois,False,False,False,False,False,False,False,False,0
17191,Wayne,Illinois,False,False,False,False,False,False,False,False,0
17193,White,Illinois,False,False,False,False,False,False,False,False,0
17195,Whiteside,Illinois,False,False,False,False,False,False,False,False,0
17197,Will,Illinois,True,True,True,True,True,True,True,True,1950
17199,Williamson,Illinois,False,False,False,False,False,False,True,False,2010
17201,Winnebago,Illinois,True,True,True,True,True,True,True,True,1950
17203,Woodford,Illinois,False,False,True,True,True,True,True,True,1970
18001,Adams,Indiana,False,False,True,False,True,True,False,False,1970
18003,Allen,Indiana,True,True,True,True,True,True,True,True,1950
18005,Bartholomew,Indiana,False,False,False,False,False,False,True,True,2010
18007,Benton,Indiana,False,False,False,False,False,False,True,True,2010
18009,Blackford,Indiana,False,False,False,False,False,False,False,False,0
18011,Boone,Indiana,False,False,True,True,True,True,True,True,1970
18013,Brown,Indiana,False,False,False,False,False,False,True,True,2010
18015,Carroll,Indiana,False,False,False,False,False,False,True,True,2010
18017,Cass,Indiana,False,False,False,False,False,False,False,False,0
18019,Clark,Indiana,True,True,True,True,True,True,True,True,1950
18021,Clay,Indiana,False,False,True,True,True,True,True,True,1970
18023,Clinton,Indiana,False,False,False,False,True,True,False,False,1990
18025,Crawford,Indiana,False,False,False,False,False,False,False,False,0
18027,Daviess,Indiana,False,False,False,False,False,False,False,False,0
18029,Dearborn,Indiana,False,False,True,True,True,True,True,True,1970
18031,Decatur,Indiana,False,False,False,False,False,False,False,False,0
18033,DeKalb,Indiana,False,False,True,True,True,True,False,False,1970
18035,Delaware,Indiana,True,True,True,True,True,True,True,True,1950
18037,Dubois,Indiana,False,False,False,False,False,False,False,False,0
18039,Elkhart,Indiana,False,False,False,True,True,True,True,True,1980
18041,Fayette,Indiana,False,False,False,False,False,False,False,False,0
18043,Floyd,Indiana,True,True,True,True,True,True,True,True,1950
18045,Fountain,Indiana,False,False,False,False,False,False,False,False,0
18047,Franklin,Indiana,False,False,False,False,False,False,False,True,2020
18049,Fulton,Indiana,False,False,False,False,False,False,False,False,0
18051,Gibson,Indiana,False,False,True,False,False,False,False,False,1970
18053,Grant,Indiana,False,False,False,False,False,False,False,False,0
18055,Greene,Indiana,False,False,False,False,False,False,False,False,0
18057,Hamilton,Indiana,False,False,True,True,True,True,True,True,1970
18059,Hancock,Indiana,False,False,True,True,True,True,True,True,1970
18061,Harrison,Indiana,False,False,False,True,True,True,True,True,1980
18063,Hendricks,Indiana,False,False,True,True,True,True,True,True,1970
18065,Henry,Indiana,False,False,False,False,False,False,False,False,0
18067,Howard,Indiana,False,False,False,True,True,True,True,True,1980
18069,Huntington,Indiana,False,False,False,False,True,True,False,False,1990
18071,Jackson,Indiana,False,False,False,False,False,False,False,False,0
18073,Jasper,Indiana,False,False,False,False,False,False,True,True,2010
18075,Jay,Indiana,False,False,False,False,False,False,False,False,0
18077,Jefferson,Indiana,False,False,False,False,False,False,False,False,0
18079,Jennings,Indiana,False,False,False,False,False,False,False,False,0
18081,Johnson,Indiana,False,False,True,True,True,True,True,True,1970
18083,Knox,Indiana,False,False,False,False,False,False,False,False,0
18085,Kosciusko,Indiana,False,False,False,False,False,False,False,False,0
18087,Lagrange,Indiana,False,False,False,False,False,False,False,False,0
18089,Lake,Indiana,True,True,True,True,True,True,True,True,1950
18091,LaPorte,Indiana,False,False,False,False,False,False,True,True,2010
18093,Lawrence,Indiana,False,False,False,False,False,False,False,False,0
18095,Madison,Indiana,False,False,True,True,True,True,True,True,1970
18097,Marion,Indiana,True,True,True,True,True,True,True,True,1950
18099,Marshall,Indiana,False,False,True,False,False,False,False,False,1970
18101,Martin,Indiana,False,False,False,False,False,False,False,False,0
18103,Miami,Indiana,False,False,False,False,False,False,False,False,0
18105,Monroe,Indiana,False,False,False,True,True,True,True,True,1980
18107,Montgomery,Indiana,False,False,False,False,False,False,False,False,0
18109,Morgan,Indiana,False,False,True,True,True,True,True,True,1970
18111,Newton,Indiana,False,False,False,False,False,False,True,True,2010
18113,Noble,Indiana,False,False,False,False,False,False,False,False,0
18115,Ohio,Indiana,False,False,False,False,True,True,True,True,1990
18117,Orange,Indiana,False,False,False,False,False,False,False,False,0
18119,Owen,Indiana,False,False,False,False,False,False,True,True,2010
18121,Parke,Indiana,False,False,False,False,False,False,False,False,0
18123,Perry,Indiana,False,False,False,False,False,False,False,False,0
18125,Pike,Indiana,False,False,False,False,False,False,False,False,0
18127,Porter,Indiana,False,True,True,True,True,True,True,True,1960
18129,Posey,Indiana,False,False,True,True,True,True,True,True,1970
18131,Pulaski,Indiana,False,False,False,False,False,False,False,False,0
18133,Putnam,Indiana,False,False,False,False,False,False,True,False,2010
18135,Randolph,Indiana,False,False,False,False,False,False,False,False,0
18137,Ripley,Indiana,False,False,False,False,False,False,False,False,0
18139,Rush,Indiana,False,False,False,False,False,False,False,False,0
18141,St Joseph,Indiana,True,True,True,True,True,True,True,True,1950
18143,Scott,Indiana,False,False,False,False,True,True,True,False,1990
18145,Shelby,Indiana,False,False,True,True,True,True,True,True,1970
18147,Spencer,Indiana,False,False,False,False,False,False,False,False,0
18149,Starke,Indiana,False,False,False,False,False,False,False,False,0
18151,Steuben,Indiana,False,False,False,False,False,False,False,False,0
18153,Sullivan,Indiana,False,False,True,False,False,False,True,True,1970
18155,Switzerland,Indiana,False,False,False,False,False,False,False,False,0
18157,Tippecanoe,Indiana,False,False,True,True,True,True,True,True,1970
18159,Tipton,Indiana,False,False,False,True,True,True,False,True,1980
18161,Union,Indiana,False,False,False,False,False,False,True,False,2010
18163,Vanderburgh,Indiana,True,True,True,True,True,True,True,True,1950
18165,Vermillion,Indiana,False,False,True,False,True,True,True,True,1970
18167,Vigo,Indiana,True,True,True,True,True,True,True,True,1950
18169,Wabash,Indiana,False,False,False,False,False,False,False,False,0
18171,Warren,Indiana,False,False,False,False,False,False,False,True,2020
18173,Warrick,Indiana,False,False,True,True,True,True,True,True,1970
18175,Washington,Indiana,False,False,False,False,False,False,True,True,2010
18177,Wayne,Indiana,False,False,False,False,False,False,False,False,0
18179,Wells,Indiana,False,False,True,False,True,True,True,True,1970
18181,White,Indiana,False,False,False,False,False,False,False,False,0
18183,Whitley,Indiana,False,False,False,True,True,True,True,True,1980
19001,Adair,Iowa,False,False,False,False,False,False,False,False,0
19003,Adams,Iowa,False,False,False,False,False,False,False,False,0
19005,Allamakee,Iowa,False,False,False,False,False,False,False,False,0
19007,Appanoose,Iowa,False,False,False,False,False,False,False,False,0
19009,Audubon,Iowa,False,False,False,False,False,False,False,False,0
19011,Benton,Iowa,False,False,False,False,False,False,True,True,2010
19013,Black Hawk,Iowa,True,True,True,True,True,True,True,True,1950
19015,Boone,Iowa,False,False,False,False,False,False,False,True,2020
19017,Bremer,Iowa,False,False,False,True,False,False,True,True,1980
19019,Buchanan,Iowa,False,False,False,False,False,False,False,False,0
19021,Buena Vista,Iowa,False,False,False,False,False,False,False,False,0
19023,Butler,Iowa,False,False,False,False,False,False,False,False,0
19025,Calhoun,Iowa,False,False,False,False,False,False,False,False,0
19027,Carroll,Iowa,False,False,False,False,False,False,False,False,0
19029,Cass,Iowa,False,False,False,False,False,False,False,False,0
19031,Cedar,Iowa,False,False,False,False,False,False,False,False,0
19033,Cerro Gordo,Iowa,False,False,False,False,False,False,False,False,0
19035,Cherokee,Iowa,False,False,False,False,False,False,False,False,0
19037,Chickasaw,Iowa,False,False,False,False,False,False,False,False,0
19039,Clarke,Iowa,False,False,False,False,False,False,False,False,0
19041,Clay,Iowa,False,False,False,False,False,False,False,False,0
19043,Clayton,Iowa,False,False,False,False,False,False,False,False,0
19045,Clinton,Iowa,False,False,False,False,False,False,False,False,0
19047,Crawford,Iowa,False,False,False,False,False,False,False,False,0
19049,Dallas,Iowa,False,False,False,True,True,True,True,True,1980
19051,Davis,Iowa,False,False,False,False,False,False,False,False,0
19053,Decatur,Iowa,False,False,False,False,False,False,False,False,0
19055,Delaware,Iowa,False,False,False,False,False,False,False,False,0
19057,Des Moines,Iowa,False,False,False,False,False,False,False,False,0
19059,Dickinson,Iowa,False,False,False,False,False,False,False,False,0
19061,Dubuque,Iowa,False,True,True,True,True,True,True,True,1960
19063,Emmet,Iowa,False,False,False,False,False,False,False,False,0
19065,Fayette,Iowa,False,False,False,False,False,False,False,False,0
19067,Floyd,Iowa,False,False,False,False,False,False,False,False,0
19069,Franklin,Iowa,False,False,False,False,False,False,False,False,0
19071,Fremont,Iowa,False,False,False,False,False,False,False,False,0
19073,Greene,Iowa,False,False,False,False,False,False,False,False,0
19075,Grundy,Iowa,False,False,False,False,False,False,True,True,2010
19077,Guthrie,Iowa,False,False,False,False,False,False,True,True,2010
19079,Hamilton,Iowa,False,False,False,False,False,False,False,False,0
19081,Hancock,Iowa,False,False,False,False,False,False,False,False,0
19083,Hardin,Iowa,False,False,False,False,False,False,False,False,0
19085,Harrison,Iowa,False,False,False,False,False,False,True,True,2010
19087,Henry,Iowa,False,False,False,False,False,False,False,False,0
19089,Howard,Iowa,False,False,False,False,False,False,False,False,0
19091,Humboldt,Iowa,False,False,False,False,False,False,False,False,0
19093,Ida,Iowa,False,False,False,False,False,False,False,False,0
19095,Iowa,Iowa,False,False,False,False,False,False,False,False,0
19097,Jackson,Iowa,False,False,False,False,False,False,False,False,0
19099,Jasper,Iowa,False,False,False,False,False,False,False,True,2020
19101,Jefferson,Iowa,False,False,False,False,False,False,False,False,0
19103,Johnson,Iowa,False,False,False,True,True,True,True,True,1980
19105,Jones,Iowa,False,False,False,False,False,False,True,True,2010
19107,Keokuk,Iowa,False,False,False,False,False,False,False,False,0
19109,Kossuth,Iowa,False,False,False,False,False,False,False,False,0
19111,Lee,Iowa,False,False,False,False,False,False,False,False,0
19113,Linn,Iowa,True,True,True,True,True,True,True,True,1950
19115,Louisa,Iowa,False,False,False,False,False,False,False,False,0
19117,Lucas,Iowa,False,False,False,False,False,False,False,False,0
19119,Lyon,Iowa,False,False,False,False,False,False,False,False,0
19121,Madison,Iowa,False,False,False,False,False,False,True,True,2010
19123,Mahaska,Iowa,False,False,False,False,False,False,False,False,0
19125,Marion,Iowa,False,False,False,False,False,False,False,False,0
19127,Marshall,Iowa,False,False,False,False,False,False,False,False,0
19129,Mills,Iowa,False,False,False,False,False,False,True,True,2010
19131,Mitchell,Iowa,False,False,False,False,False,False,False,False,0
19133,Monona,Iowa,False,False,False,False,False,False,False,False,0
19135,Monroe,Iowa,False,False,False,False,False,False,False,False,0
19137,Montgomery,Iowa,False,False,False,False,False,False,False,False,0
19139,Muscatine,Iowa,False,False,False,False,False,False,False,False,0
19141,O Brien,Iowa,False,False,False,False,False,False,False,False,0
19143,Osceola,Iowa,False,False,False,False,False,False,False,False,0
19145,Page,Iowa,False,False,False,False,False,False,False,False,0
19147,Palo Alto,Iowa,False,False,False,False,False,False,False,False,0
19149,Plymouth,Iowa,False,False,False,False,False,False,True,False,2010
19151,Pocahontas,Iowa,False,False,False,False,False,False,False,False,0
19153,Polk,Iowa,True,True,True,True,True,True,True,True,1950
19155,Pottawattamie,Iowa,True,True,True,True,True,True,True,True,1950
19157,Poweshiek,Iowa,False,False,False,False,False,False,False,False,0
19159,Ringgold,Iowa,False,False,False,False,False,False,False,False,0
19161,Sac,Iowa,False,False,False,False,False,False,False,False,0
19163,Scott,Iowa,True,True,True,True,True,True,True,True,1950
19165,Shelby,Iowa,False,False,False,False,False,False,False,False,0
19167,Sioux,Iowa,False,False,False,False,False,False,False,False,0
19169,Story,Iowa,False,False,False,False,False,False,True,True,2010
19171,Tama,Iowa,False,False,False,False,False,False,False,False,0
19173,Taylor,Iowa,False,False,False,False,False,False,False,False,0
19175,Union,Iowa,False,False,False,False,False,False,False,False,0
19177,Van Buren,Iowa,False,False,False,False,False,False,False,False,0
19179,Wapello,Iowa,False,False,False,False,False,False,False,False,0
19181,Warren,Iowa,False,False,True,True,True,True,True,True,1970
19183,Washington,Iowa,False,False,False,False,False,False,True,True,2010
19185,Wayne,Iowa,False,False,False,False,False,False,False,False,0
19187,Webster,Iowa,False,False,False,False,False,False,False,False,0
19189,Winnebago,Iowa,False,False,False,False,False,False,False,False,0
19191,Winneshiek,Iowa,False,False,False,False,False,False,False,False,0
19193,Woodbury,Iowa,True,True,True,True,True,True,True,True,1950
19195,Worth,Iowa,False,False,False,False,False,False,False,False,0
19197,Wright,Iowa,False,False,False,False,False,False,False,False,0
20001,Allen,Kansas,False,False,False,False,False,False,False,False,0
20003,Anderson,Kansas,False,False,False,False,False,False,False,False,0
20005,Atchison,Kansas,False,False,False,False,False,False,False,False,0
20007,Barber,Kansas,False,False,False,False,False,False,False,False,0
20009,Barton,Kansas,False,False,False,False,False,False,False,False,0
20011,Bourbon,Kansas,False,False,False,False,False,False,False,False,0
20013,Brown,Kansas,False,False,False,False,False,False,False,False,0
20015,Butler,Kansas,False,False,True,True,True,True,True,True,1970
20017,Chase,Kansas,False,False,False,False,False,False,False,False,0
20019,Chautauqua,Kansas,False,False,False,False,False,False,False,False,0
20021,Cherokee,Kansas,False,False,False,False,False,False,False,True,2020
20023,Cheyenne,Kansas,False,False,False,False,False,False,False,False,0
20025,Clark,Kansas,False,False,False,False,False,False,False,False,0
20027,Clay,Kansas,False,False,False,False,False,False,False,False,0
20029,Cloud,Kansas,False,False,False,False,False,False,False,False,0
20031,Coffey,Kansas,False,False,False,False,False,False,False,False,0
20033,Comanche,Kansas,False,False,False,False,False,False,False,False,0
20035,Cowley,Kansas,False,False,False,False,False,False,False,False,0
20037,Crawford,Kansas,False,False,False,False,False,False,False,False,0
20039,Decatur,Kansas,False,False,False,False,False,False,False,False,0
20041,Dickinson,Kansas,False,False,False,False,False,False,False,False,0
20043,Doniphan,Kansas,False,False,False,False,False,False,True,True,2010
20045,Douglas,Kansas,False,False,True,True,True,True,True,True,1970
20047,Edwards,Kansas,False,False,False,False,False,False,False,False,0
20049,Elk,Kansas,False,False,False,False,False,False,False,False,0
20051,Ellis,Kansas,False,False,False,False,False,False,False,False,0
20053,Ellsworth,Kansas,False,False,False,False,False,False,False,False,0
20055,Finney,Kansas,False,False,False,False,False,False,False,False,0
20057,Ford,Kansas,False,False,False,False,False,False,False,False,0
20059,Franklin,Kansas,False,False,False,False,False,False,False,False,0
20061,Geary,Kansas,False,False,False,False,False,False,False,True,2020
20063,Gove,Kansas,False,False,False,False,False,False,False,False,0
20065,Graham,Kansas,False,False,False,False,False,False,False,False,0
20067,Grant,Kansas,False,False,False,False,False,False,False,False,0
20069,Gray,Kansas,False,False,False,False,False,False,False,False,0
20071,Greeley,Kansas,False,False,False,False,False,False,False,False,0
20073,Greenwood,Kansas,False,False,False,False,False,False,False,False,0
20075,Hamilton,Kansas,False,False,False,False,False,False,False,False,0
20077,Harper,Kansas,False,False,False,False,False,False,False,False,0
20079,Harvey,Kansas,False,False,False,False,True,True,True,True,1990
20081,Haskell,Kansas,False,False,False,False,False,False,False,False,0
20083,Hodgeman,Kansas,False,False,False,False,False,False,False,False,0
20085,Jackson,Kansas,False,False,False,False,False,False,True,True,2010
20087,Jefferson,Kansas,False,False,True,False,False,False,True,True,1970
20089,Jewell,Kansas,False,False,False,False,False,False,False,False,0
20091,Johnson,Kansas,True,True,True,True,True,True,True,True,1950
20093,Kearny,Kansas,False,False,False,False,False,False,False,False,0
20095,Kingman,Kansas,False,False,False,False,False,False,True,False,2010
20097,Kiowa,Kansas,False,False,False,False,False,False,False,False,0
20099,Labette,Kansas,False,False,False,False,False,False,False,False,0
20101,Lane,Kansas,False,False,False,False,False,False,False,False,0
20103,Leavenworth,Kansas,False,False,False,True,True,True,True,True,1980
20105,Lincoln,Kansas,False,False,False,False,False,False,False,False,0
20107,Linn,Kansas,False,False,False,False,False,False,True,True,2010
20109,Logan,Kansas,False,False,False,False,False,False,False,False,0
20111,Lyon,Kansas,False,False,False,False,False,False,False,False,0
20113,McPherson,Kansas,False,False,False,False,False,False,False,False,0
20115,Marion,Kansas,False,False,False,False,False,False,False,False,0
20117,Marshall,Kansas,False,False,False,False,False,False,False,False,0
20119,Meade,Kansas,False,False,False,False,False,False,False,False,0
20121,Miami,Kansas,False,False,False,True,True,True,True,True,1980
20123,Mitchell,Kansas,False,False,False,False,False,False,False,False,0
20125,Montgomery,Kansas,False,False,False,False,False,False,False,False,0
20127,Morris,Kansas,False,False,False,False,False,False,False,False,0
20129,Morton,Kansas,False,False,False,False,False,False,False,False,0
20131,Nemaha,Kansas,False,False,False,False,False,False,False,False,0
20133,Neosho,Kansas,False,False,False,False,False,False,False,False,0
20135,Ness,Kansas,False,False,False,False,False,False,False,False,0
20137,Norton,Kansas,False,False,False,False,False,False,False,False,0
20139,Osage,Kansas,False,False,True,False,False,False,True,True,1970
20141,Osborne,Kansas,False,False,False,False,False,False,False,False,0
20143,Ottawa,Kansas,False,False,False,False,False,False,False,False,0
20145,Pawnee,Kansas,False,False,False,False,False,False,False,False,0
20147,Phillips,Kansas,False,False,False,False,False,False,False,False,0
20149,Pottawatomie,Kansas,False,False,False,False,False,False,True,True,2010
20151,Pratt,Kansas,False,False,False,False,False,False,False,False,0
20153,Rawlins,Kansas,False,False,False,False,False,False,False,False,0
20155,Reno,Kansas,False,False,False,False,False,False,False,False,0
20157,Republic,Kansas,False,False,False,False,False,False,False,False,0
20159,Rice,Kansas,False,False,False,False,False,False,False,False,0
20161,Riley,Kansas,False,False,False,False,False,False,True,True,2010
20163,Rooks,Kansas,False,False,False,False,False,False,False,False,0
20165,Rush,Kansas,False,False,False,False,False,False,False,False,0
20167,Russell,Kansas,False,False,False,False,False,False,False,False,0
20169,Saline,Kansas,False,False,False,False,False,False,False,False,0
20171,Scott,Kansas,False,False,False,False,False,False,False,False,0
20173,Sedgwick,Kansas,True,True,True,True,True,True,True,True,1950
20175,Seward,Kansas,False,False,False,False,False,False,False,False,0
20177,Shawnee,Kansas,True,True,True,True,True,True,True,True,1950
20179,Sheridan,Kansas,False,False,False,False,False,False,False,False,0
20181,Sherman,Kansas,False,False,False,False,False,False,False,False,0
20183,Smith,Kansas,False,False,False,False,False,False,False,False,0
20185,Stafford,Kansas,False,False,False,False,False,False,False,False,0
20187,Stanton,Kansas,False,False,False,False,False,False,False,False,0
20189,Stevens,Kansas,False,False,False,False,False,False,False,False,0
20191,Sumner,Kansas,False,False,False,False,False,False,True,True,2010
20193,Thomas,Kansas,False,False,False,False,False,False,False,False,0
20195,Trego,Kansas,False,False,False,False,False,False,False,False,0
20197,Wabaunsee,Kansas,False,False,False,False,False,False,True,True,2010
20199,Wallace,Kansas,False,False,False,False,False,False,False,False,0
20201,Washington,Kansas,False,False,False,False,False,False,False,False,0
20203,Wichita,Kansas,False,False,False,False,False,False,False,False,0
20205,Wilson,Kansas,False,False,False,False,False,False,False,False,0
20207,Woodson,Kansas,False,False,False,False,False,False,False,False,0
20209,Wyandotte,Kansas,True,True,True,True,True,True,True,True,1950
21001,Adair,Kentucky,False,False,False,False,False,False,False,False,0
21003,Allen,Kentucky,False,False,False,False,False,False,True,True,2010
21005,Anderson,Kentucky,False,False,False,False,False,False,False,False,0
21007,Ballard,Kentucky,False,False,False,False,False,False,False,True,2020
21009,Barren,Kentucky,False,False,False,False,False,False,False,False,0
21011,Bath,Kentucky,False,False,False,False,False,False,False,False,0
21013,Bell,Kentucky,False,False,False,False,False,False,False,False,0
21015,Boone,Kentucky,False,False,True,True,True,True,True,True,1970
21017,Bourbon,Kentucky,False,False,True,True,True,True,True,True,1970
21019,Boyd,Kentucky,True,True,True,True,True,True,True,True,1950
21021,Boyle,Kentucky,False,False,False,False,False,False,False,False,0
21023,Bracken,Kentucky,False,False,False,False,False,False,True,True,2010
21025,Breathitt,Kentucky,False,False,False,False,False,False,False,False,0
21027,Breckinridge,Kentucky,False,False,False,False,False,False,False,False,0
21029,Bullitt,Kentucky,False,False,True,True,True,True,True,True,1970
21031,Butler,Kentucky,False,False,False,False,False,False,True,True,2010
21033,Caldwell,Kentucky,False,False,False,False,False,False,False,False,0
21035,Calloway,Kentucky,False,False,False,False,False,False,False,False,0
21037,Campbell,Kentucky,True,True,True,True,True,True,True,True,1950
21039,Carlisle,Kentucky,False,False,False,False,False,False,False,True,2020
21041,Carroll,Kentucky,False,False,False,False,False,False,False,False,0
21043,Carter,Kentucky,False,False,False,True,True,True,False,True,1980
21045,Casey,Kentucky,False,False,False,False,False,False,False,False,0
21047,Christian,Kentucky,False,False,False,True,True,True,True,True,1980
21049,Clark,Kentucky,False,False,True,True,True,True,True,True,1970
21051,Clay,Kentucky,False,False,False,False,False,False,False,False,0
21053,Clinton,Kentucky,False,False,False,False,False,False,False,False,0
21055,Crittenden,Kentucky,False,False,False,False,False,False,False,False,0
21057,Cumberland,Kentucky,False,False,False,False,False,False,False,False,0
21059,Daviess,Kentucky,False,False,True,True,True,True,True,True,1970
21061,Edmonson,Kentucky,False,False,False,False,False,False,True,True,2010
21063,Elliott,Kentucky,False,False,False,False,False,False,False,False,0
21065,Estill,Kentucky,False,False,False,False,False,False,False,False,0
21067,Fayette,Kentucky,True,True,True,True,True,True,True,True,1950
21069,Fleming,Kentucky,False,False,False,False,False,False,False,False,0
21071,Floyd,Kentucky,False,False,False,False,False,False,False,False,0
21073,Franklin,Kentucky,False,False,False,False,False,False,False,False,0
21075,Fulton,Kentucky,False,False,False,False,False,False,False,False,0
21077,Gallatin,Kentucky,False,False,False,False,True,True,True,True,1990
21079,Garrard,Kentucky,False,False,False,False,False,False,False,False,0
21081,Grant,Kentucky,False,False,False,False,True,True,True,True,1990
21083,Graves,Kentucky,False,False,False,False,False,False,False,False,0
21085,Grayson,Kentucky,False,False,False,False,False,False,False,False,0
21087,Green,Kentucky,False,False,False,False,False,False,False,False,0
21089,Greenup,Kentucky,False,False,True,True,True,True,True,True,1970
21091,Hancock,Kentucky,False,False,False,False,False,False,True,False,2010
21093,Hardin,Kentucky,False,False,False,False,False,False,True,True,2010
21095,Harlan,Kentucky,False,False,False,False,False,False,False,False,0
21097,Harrison,Kentucky,False,False,False,False,False,False,False,False,0
21099,Hart,Kentucky,False,False,False,False,False,False,False,False,0
21101,Henderson,Kentucky,False,True,True,True,True,True,True,False,1960
21103,Henry,Kentucky,False,False,False,False,False,False,True,True,2010
21105,Hickman,Kentucky,False,False,False,False,False,False,False,False,0
21107,Hopkins,Kentucky,False,False,False,False,False,False,False,False,0
21109,Jackson,Kentucky,False,False,False,False,False,False,False,False,0
21111,Jefferson,Kentucky,True,True,True,True,True,True,True,True,1950
21113,Jessamine,Kentucky,False,False,True,True,True,True,True,True,1970
21115,Johnson,Kentucky,False,False,False,False,False,False,False,False,0
21117,Kenton,Kentucky,True,True,True,True,True,True,True,True,1950
21119,Knott,Kentucky,False,False,False,False,False,False,False,False,0
21121,Knox,Kentucky,False,False,False,False,False,False,False,False,0
21123,Larue,Kentucky,False,False,False,False,False,False,True,True,2010
21125,Laurel,Kentucky,False,False,False,False,False,False,False,False,0
21127,Lawrence,Kentucky,False,False,False,False,False,False,False,True,2020
21129,Lee,Kentucky,False,False,False,False,False,False,False,False,0
21131,Leslie,Kentucky,False,False,False,False,False,False,False,False,0
21133,Letcher,Kentucky,False,False,False,False,False,False,False,False,0
21135,Lewis,Kentucky,False,False,False,False,False,False,False,False,0
21137,Lincoln,Kentucky,False,False,False,False,False,False,False,False,0
21139,Livingston,Kentucky,False,False,False,False,False,False,False,True,2020
21141,Logan,Kentucky,False,False,False,False,False,False,False,False,0
21143,Lyon,Kentucky,False,False,False,False,False,False,False,False,0
21145,McCracken,Kentucky,False,False,False,False,False,False,False,True,2020
21147,McCreary,Kentucky,False,False,False,False,False,False,False,False,0
21149,McLean,Kentucky,False,False,False,False,False,False,True,True,2010
21151,Madison,Kentucky,False,False,False,False,True,True,False,False,1990
21153,Magoffin,Kentucky,False,False,False,False,False,False,False,False,0
21155,Marion,Kentucky,False,False,False,False,False,False,False,False,0
21157,Marshall,Kentucky,False,False,False,False,False,False,False,False,0
21159,Martin,Kentucky,False,False,False,False,False,False,False,False,0
21161,Mason,Kentucky,False,False,False,False,False,False,False,False,0
21163,Meade,Kentucky,False,False,False,False,False,False,True,True,2010
21165,Menifee,Kentucky,False,False,False,False,False,False,False,False,0
21167,Mercer,Kentucky,False,False,False,False,False,False,False,False,0
21169,Metcalfe,Kentucky,False,False,False,False,False,False,False,False,0
21171,Monroe,Kentucky,False,False,False,False,False,False,False,False,0
21173,Montgomery,Kentucky,False,False,False,False,False,False,False,False,0
21175,Morgan,Kentucky,False,False,False,False,False,False,False,False,0
21177,Muhlenberg,Kentucky,False,False,False,False,False,False,False,False,0
21179,Nelson,Kentucky,False,False,False,False,False,False,False,True,2020
21181,Nicholas,Kentucky,False,False,False,False,False,False,False,False,0
21183,Ohio,Kentucky,False,False,False,False,False,False,False,False,0
21185,Oldham,Kentucky,False,False,True,True,True,True,True,True,1970
21187,Owen,Kentucky,False,False,False,False,False,False,False,False,0
21189,Owsley,Kentucky,False,False,False,False,False,False,False,False,0
21191,Pendleton,Kentucky,False,False,False,False,True,True,True,True,1990
21193,Perry,Kentucky,False,False,False,False,False,False,False,False,0
21195,Pike,Kentucky,False,False,False,False,False,False,False,False,0
21197,Powell,Kentucky,False,False,False,False,False,False,False,False,0
21199,Pulaski,Kentucky,False,False,False,False,False,False,False,False,0
21201,Robertson,Kentucky,False,False,False,False,False,False,False,False,0
21203,Rockcastle,Kentucky,False,False,False,False,False,False,False,False,0
21205,Rowan,Kentucky,False,False,False,False,False,False,False,False,0
21207,Russell,Kentucky,False,False,False,False,False,False,False,False,0
21209,Scott,Kentucky,False,False,True,True,True,True,True,True,1970
21211,Shelby,Kentucky,False,False,False,True,False,False,True,True,1980
21213,Simpson,Kentucky,False,False,False,False,False,False,False,False,0
21215,Spencer,Kentucky,False,False,False,False,False,False,True,True,2010
21217,Taylor,Kentucky,False,False,False,False,False,False,False,False,0
21219,Todd,Kentucky,False,False,False,False,False,False,False,False,0
21221,Trigg,Kentucky,False,False,False,False,False,False,True,True,2010
21223,Trimble,Kentucky,False,False,False,False,False,False,True,False,2010
21225,Union,Kentucky,False,False,False,False,False,False,False,False,0
21227,Warren,Kentucky,False,False,False,False,False,False,True,True,2010
21229,Washington,Kentucky,False,False,False,False,False,False,False,False,0
21231,Wayne,Kentucky,False,False,False,False,False,False,False,False,0
21233,Webster,Kentucky,False,False,False,False,False,False,False,False,0
21235,Whitley,Kentucky,False,False,False,False,False,False,False,False,0
21237,Wolfe,Kentucky,False,False,False,False,False,False,False,False,0
21239,Woodford,Kentucky,False,False,True,True,True,True,True,True,1970
22001,Acadia,Louisiana,False,False,False,False,True,True,True,True,1990
22003,Allen,Louisiana,False,False,False,False,False,False,False,False,0
22005,Ascension,Louisiana,False,False,True,True,True,True,True,True,1970
22007,Assumption,Louisiana,False,False,False,False,False,False,False,True,2020
22009,Avoyelles,Louisiana,False,False,False,False,False,False,False,False,0
22011,Beauregard,Louisiana,False,False,False,False,False,False,False,False,0
22013,Bienville,Louisiana,False,False,False,False,False,False,False,False,0
22015,Bossier,Louisiana,False,True,True,True,True,True,True,True,1960
22017,Caddo,Louisiana,True,True,True,True,True,True,True,True,1950
22019,Calcasieu,Louisiana,False,True,True,True,True,True,True,True,1960
22021,Caldwell,Louisiana,False,False,False,False,False,False,False,False,0
22023,Cameron,Louisiana,False,False,False,False,False,False,True,True,2010
22025,Catahoula,Louisiana,False,False,False,False,False,False,False,False,0
22027,Claiborne,Louisiana,False,False,False,False,False,False,False,False,0
22029,Concordia,Louisiana,False,False,False,False,False,False,False,False,0
22031,De Soto,Louisiana,False,False,False,False,False,False,True,True,2010
22033,East Baton Rouge,Louisiana,True,True,True,True,True,True,True,True,1950
22035,East Carroll,Louisiana,False,False,False,False,False,False,False,False,0
22037,East Feliciana,Louisiana,False,False,False,False,False,False,True,True,2010
22039,Evangeline,Louisiana,False,False,False,False,False,False,False,False,0
22041,Franklin,Louisiana,False,False,False,False,False,False,False,False,0
22043,Grant,Louisiana,False,False,True,False,False,False,True,True,1970
22045,Iberia,Louisiana,False,False,False,False,False,False,True,False,2010
22047,Iberville,Louisiana,False,False,False,False,False,False,True,True,2010
22049,Jackson,Louisiana,False,False,False,False,False,False,False,False,0
22051,Jefferson,Louisiana,True,True,True,True,True,True,True,True,1950
22053,Jefferson Davis,Louisiana,False,False,False,False,False,False,False,True,2020
22055,Lafayette,Louisiana,False,False,True,True,True,True,True,True,1970
22057,Lafourche,Louisiana,False,False,False,True,True,True,True,True,1980
22059,La Salle,Louisiana,False,False,False,False,False,False,False,False,0
22061,Lincoln,Louisiana,False,False,False,False,False,False,False,False,0
22063,Livingston,Louisiana,False,False,True,True,True,True,True,True,1970
22065,Madison,Louisiana,False,False,False,False,False,False,False,False,0
22067,Morehouse,Louisiana,False,False,False,False,False,False,False,True,2020
22069,Natchitoches,Louisiana,False,False,False,False,False,False,False,False,0
22071,Orleans,Louisiana,True,True,True,True,True,True,True,True,1950
22073,Ouachita,Louisiana,False,True,True,True,True,True,True,True,1960
22075,Plaquemines,Louisiana,False,False,False,False,True,True,True,True,1990
22077,Pointe Coupee,Louisiana,False,False,False,False,False,False,True,True,2010
22079,Rapides,Louisiana,False,False,True,True,True,True,True,True,1970
22081,Red River,Louisiana,False,False,False,False,False,False,False,False,0
22083,Richland,Louisiana,False,False,False,False,False,False,False,True,2020
22085,Sabine,Louisiana,False,False,False,False,False,False,False,False,0
22087,St Bernard,Louisiana,True,True,True,True,True,True,True,True,1950
22089,St Charles,Louisiana,False,False,False,True,True,True,True,True,1980
22091,St Helena,Louisiana,False,False,False,False,False,False,True,True,2010
22093,St James,Louisiana,False,False,False,False,True,True,True,True,1990
22095,St John The Baptist,Louisiana,False,False,False,True,True,True,True,True,1980
22097,St Landry,Louisiana,False,False,False,False,True,True,False,False,1990
22099,St Martin,Louisiana,False,False,False,True,True,True,True,True,1980
22101,St Mary,Louisiana,False,False,False,False,False,False,False,False,0
22103,St Tammany,Louisiana,False,False,True,True,True,True,True,True,1970
22105,Tangipahoa,Louisiana,False,False,False,False,False,False,True,True,2010
22107,Tensas,Louisiana,False,False,False,False,False,False,False,False,0
22109,Terrebonne,Louisiana,False,False,False,True,True,True,True,True,1980
22111,Union,Louisiana,False,False,False,False,False,False,True,True,2010
22113,Vermilion,Louisiana,False,False,False,False,False,False,True,True,2010
22115,Vernon,Louisiana,False,False,False,False,False,False,False,False,0
22117,Washington,Louisiana,False,False,False,False,False,False,False,False,0
22119,Webster,Louisiana,False,False,True,False,True,True,True,False,1970
22121,West Baton Rouge,Louisiana,False,False,True,True,True,True,True,True,1970
22123,West Carroll,Louisiana,False,False,False,False,False,False,False,False,0
22125,West Feliciana,Louisiana,False,False,False,False,False,False,True,True,2010
22127,Winn,Louisiana,False,False,False,False,False,False,False,False,0
23001,Androscoggin,Maine,False,True,True,True,True,True,True,True,1960
23003,Aroostook,Maine,False,False,False,False,False,False,False,False,0
23005,Cumberland,Maine,True,True,True,True,True,True,True,True,1950
23007,Franklin,Maine,False,False,False,False,False,False,False,False,0
23009,Hancock,Maine,False,False,False,False,False,False,False,False,0
23011,Kennebec,Maine,False,False,False,False,False,False,False,False,0
23013,Knox,Maine,False,False,False,False,False,False,False,False,0
23015,Lincoln,Maine,False,False,False,False,False,False,False,False,0
23017,Oxford,Maine,False,False,False,False,False,False,False,False,0
23019,Penobscot,Maine,False,False,False,True,True,True,True,True,1980
23021,Piscataquis,Maine,False,False,False,False,False,False,False,False,0
23023,Sagadahoc,Maine,False,False,False,False,False,False,True,True,2010
23025,Somerset,Maine,False,False,False,False,False,False,False,False,0
23027,Waldo,Maine,False,False,False,True,True,True,False,False,1980
23029,Washington,Maine,False,False,False,False,False,False,False,False,0
23031,York,Maine,False,False,True,True,True,True,True,True,1970
24001,Allegany,Maryland,False,False,False,True,True,True,True,False,1980
24003,Anne Arundel,Maryland,True,True,True,True,True,True,True,True,1950
24005,Baltimore,Maryland,True,True,True,True,True,True,True,True,1950
24009,Calvert,Maryland,False,False,False,True,True,True,True,True,1980
24011,Caroline,Maryland,False,False,False,False,False,False,False,False,0
24013,Carroll,Maryland,False,True,True,True,True,True,True,True,1960
24015,Cecil,Maryland,False,False,True,True,True,True,True,True,1970
24017,Charles,Maryland,False,False,True,True,True,True,True,True,1970
24019,Dorchester,Maryland,False,False,False,False,False,False,False,False,0
24021,Frederick,Maryland,False,False,False,True,True,True,True,True,1980
24023,Garrett,Maryland,False,False,False,False,False,False,False,False,0
24025,Harford,Maryland,False,False,True,True,True,True,True,True,1970
24027,Howard,Maryland,False,True,True,True,True,True,True,True,1960
24029,Kent,Maryland,False,False,False,False,False,False,False,False,0
24031,Montgomery,Maryland,True,True,True,True,True,True,True,True,1950
24033,Prince Georges,Maryland,True,True,True,True,True,True,True,True,1950
24035,Queen Anne's,Maryland,False,False,False,True,True,True,True,True,1980
24037,St Mary's,Maryland,False,False,False,False,False,False,True,True,2010
24039,Somerset,Maryland,False,False,False,False,False,False,True,True,2010
24041,Talbot,Maryland,False,False,False,False,False,False,False,False,0
24043,Washington,Maryland,False,False,False,True,True,True,True,True,1980
24045,Wicomico,Maryland,False,False,False,False,False,False,True,True,2010
24047,Worcester,Maryland,False,False,False,False,False,False,True,False,2010
24510,Baltimore City,Maryland,True,True,True,True,True,True,True,True,1950
25001,Barnstable,Massachusetts,False,False,False,False,True,True,True,True,1990
25003,Berkshire,Massachusetts,True,True,True,True,True,True,True,True,1950
25005,Bristol,Massachusetts,True,True,True,True,True,True,True,True,1950
25007,Dukes,Massachusetts,False,False,False,False,False,False,False,False,0
25009,Essex,Massachusetts,True,True,True,True,True,True,True,True,1950
25011,Franklin,Massachusetts,False,False,False,False,True,True,False,False,1990
25013,Hampden,Massachusetts,True,True,True,True,True,True,True,True,1950
25015,Hampshire,Massachusetts,True,True,True,True,True,True,True,True,1950
25017,Middlesex,Massachusetts,True,True,True,True,True,True,True,True,1950
25019,Nantucket,Massachusetts,False,False,False,False,False,False,False,False,0
25021,Norfolk,Massachusetts,True,True,True,True,True,True,True,True,1950
25023,Plymouth,Massachusetts,True,True,True,True,True,True,True,True,1950
25025,Suffolk,Massachusetts,True,True,True,True,True,True,True,True,1950
25027,Worcester,Massachusetts,True,True,True,True,True,True,True,True,1950
26001,Alcona,Michigan,False,False,False,False,False,False,False,False,0
26003,Alger,Michigan,False,False,False,False,False,False,False,False,0
26005,Allegan,Michigan,False,False,False,False,True,True,False,False,1990
26007,Alpena,Michigan,False,False,False,False,False,False,False,False,0
26009,Antrim,Michigan,False,False,False,False,False,False,False,False,0
26011,Arenac,Michigan,False,False,False,False,False,False,False,False,0
26013,Baraga,Michigan,False,False,False,False,False,False,False,False,0
26015,Barry,Michigan,False,False,True,False,False,False,True,True,1970
26017,Bay,Michigan,True,True,True,True,True,True,True,True,1950
26019,Benzie,Michigan,False,False,False,False,False,False,False,True,2020
26021,Berrien,Michigan,False,False,False,True,True,True,True,True,1980
26023,Branch,Michigan,False,False,False,False,False,False,False,False,0
26025,Calhoun,Michigan,False,False,True,True,True,True,True,True,1970
26027,Cass,Michigan,False,False,False,False,False,False,True,True,2010
26029,Charlevoix,Michigan,False,False,False,False,False,False,False,False,0
26031,Cheboygan,Michigan,False,False,False,False,False,False,False,False,0
26033,Chippewa,Michigan,False,False,False,False,False,False,False,False,0
26035,Clare,Michigan,False,False,False,False,False,False,False,False,0
26037,Clinton,Michigan,False,True,True,True,True,True,True,True,1960
26039,Crawford,Michigan,False,False,False,False,False,False,False,False,0
26041,Delta,Michigan,False,False,False,False,False,False,False,False,0
26043,Dickinson,Michigan,False,False,False,False,False,False,False,False,0
26045,Eaton,Michigan,False,True,True,True,True,True,True,True,1960
26047,Emmet,Michigan,False,False,False,False,False,False,False,False,0
26049,Genesee,Michigan,True,True,True,True,True,True,True,True,1950
26051,Gladwin,Michigan,False,False,False,False,False,False,False,False,0
26053,Gogebic,Michigan,False,False,False,False,False,False,False,False,0
26055,Grand Traverse,Michigan,False,False,False,False,False,False,False,True,2020
26057,Gratiot,Michigan,False,False,False,False,False,False,False,False,0
26059,Hillsdale,Michigan,False,False,False,False,False,False,False,False,0
26061,Houghton,Michigan,False,False,False,False,False,False,False,False,0
26063,Huron,Michigan,False,False,False,False,False,False,False,False,0
26065,Ingham,Michigan,True,True,True,True,True,True,True,True,1950
26067,Ionia,Michigan,False,False,True,False,False,False,False,True,1970
26069,Iosco,Michigan,False,False,False,False,False,False,False,False,0
26071,Iron,Michigan,False,False,False,False,False,False,False,False,0
26073,Isabella,Michigan,False,False,False,False,False,False,False,False,0
26075,Jackson,Michigan,True,True,True,True,True,True,True,True,1950
26077,Kalamazoo,Michigan,True,True,True,True,True,True,True,True,1950
26079,Kalkaska,Michigan,False,False,False,False,False,False,False,True,2020
26081,Kent,Michigan,True,True,True,True,True,True,True,True,1950
26083,Keweenaw,Michigan,False,False,False,False,False,False,False,False,0
26085,Lake,Michigan,False,False,False,False,False,False,False,False,0
26087,Lapeer,Michigan,False,False,True,True,True,True,True,True,1970
26089,Leelanau,Michigan,False,False,False,False,False,False,False,True,2020
26091,Lenawee,Michigan,False,False,False,False,True,True,False,False,1990
26093,Livingston,Michigan,False,False,True,True,True,True,True,True,1970
26095,Luce,Michigan,False,False,False,False,False,False,False,False,0
26097,Mackinac,Michigan,False,False,False,False,False,False,False,False,0
26099,Macomb,Michigan,True,True,True,True,True,True,True,True,1950
26101,Manistee,Michigan,False,False,False,False,False,False,False,False,0
26103,Marquette,Michigan,False,False,False,False,False,False,False,False,0
26105,Mason,Michigan,False,False,False,False,False,False,False,False,0
26107,Mecosta,Michigan,False,False,False,False,False,False,False,False,0
26109,Menominee,Michigan,False,False,False,False,False,False,False,False,0
26111,Midland,Michigan,False,False,False,True,True,True,True,True,1980
26113,Missaukee,Michigan,False,False,False,False,False,False,False,False,0
26115,Monroe,Michigan,False,False,True,True,True,True,True,True,1970
26117,Montcalm,Michigan,False,False,False,False,False,False,True,True,2010
26119,Montmorency,Michigan,False,False,False,False,False,False,False,False,0
26121,Muskegon,Michigan,False,True,True,True,True,True,True,True,1960
26123,Newaygo,Michigan,False,False,False,False,False,False,False,False,0
26125,Oakland,Michigan,True,True,True,True,True,True,True,True,1950
26127,Oceana,Michigan,False,False,True,False,False,False,False,False,1970
26129,Ogemaw,Michigan,False,False,False,False,False,False,False,False,0
26131,Ontonagon,Michigan,False,False,False,False,False,False,False,False,0
26133,Osceola,Michigan,False,False,False,False,False,False,False,False,0
26135,Oscoda,Michigan,False,False,False,False,False,False,False,False,0
26137,Otsego,Michigan,False,False,False,False,False,False,False,False,0
26139,Ottawa,Michigan,False,False,True,True,True,True,True,True,1970
26141,Presque Isle,Michigan,False,False,False,False,False,False,False,False,0
26143,Roscommon,Michigan,False,False,False,False,False,False,False,False,0
26145,Saginaw,Michigan,True,True,True,True,True,True,True,True,1950
26147,St Clair,Michigan,False,False,True,True,True,True,True,True,1970
26149,St Joseph,Michigan,False,False,False,False,False,False,False,False,0
26151,Sanilac,Michigan,False,False,False,False,False,False,False,False,0
26153,Schoolcraft,Michigan,False,False,False,False,False,False,False,False,0
26155,Shiawassee,Michigan,False,False,True,False,False,False,False,False,1970
26157,Tuscola,Michigan,False,False,False,False,False,False,False,False,0
26159,Van Buren,Michigan,False,False,True,False,True,True,True,False,1970
26161,Washtenaw,Michigan,False,True,True,True,True,True,True,True,1960
26163,Wayne,Michigan,True,True,True,True,True,True,True,True,1950
26165,Wexford,Michigan,False,False,False,False,False,False,False,False,0
27001,Aitkin,Minnesota,False,False,False,False,False,False,False,False,0
27003,Anoka,Minnesota,True,True,True,True,True,True,True,True,1950
27005,Becker,Minnesota,False,False,False,False,False,False,False,False,0
27007,Beltrami,Minnesota,False,False,False,False,False,False,False,False,0
27009,Benton,Minnesota,False,False,True,True,True,True,True,True,1970
27011,Big Stone,Minnesota,False,False,False,False,False,False,False,False,0
27013,Blue Earth,Minnesota,False,False,False,False,False,False,True,True,2010
27015,Brown,Minnesota,False,False,False,False,False,False,False,False,0
27017,Carlton,Minnesota,False,False,False,False,False,False,True,True,2010
27019,Carver,Minnesota,False,False,True,True,True,True,True,True,1970
27021,Cass,Minnesota,False,False,False,False,False,False,False,False,0
27023,Chippewa,Minnesota,False,False,False,False,False,False,False,False,0
27025,Chisago,Minnesota,False,False,True,True,True,True,True,True,1970
27027,Clay,Minnesota,False,True,True,True,True,True,True,True,1960
27029,Clearwater,Minnesota,False,False,False,False,False,False,False,False,0
27031,Cook,Minnesota,False,False,False,False,False,False,False,False,0
27033,Cottonwood,Minnesota,False,False,False,False,False,False,False,False,0
27035,Crow Wing,Minnesota,False,False,False,False,False,False,False,False,0
27037,Dakota,Minnesota,True,True,True,True,True,True,True,True,1950
27039,Dodge,Minnesota,False,False,False,False,False,False,True,True,2010
27041,Douglas,Minnesota,False,False,False,False,False,False,False,False,0
27043,Faribault,Minnesota,False,False,False,False,False,False,False,False,0
27045,Fillmore,Minnesota,False,False,False,False,False,False,True,True,2010
27047,Freeborn,Minnesota,False,False,False,False,False,False,False,False,0
27049,Goodhue,Minnesota,False,False,False,False,False,False,False,False,0
27051,Grant,Minnesota,False,False,False,False,False,False,False,False,0
27053,Hennepin,Minnesota,True,True,True,True,True,True,True,True,1950
27055,Houston,Minnesota,False,False,False,False,True,True,True,True,1990
27057,Hubbard,Minnesota,False,False,False,False,False,False,False,False,0
27059,Isanti,Minnesota,False,False,False,True,True,True,True,True,1980
27061,Itasca,Minnesota,False,False,False,False,False,False,False,False,0
27063,Jackson,Minnesota,False,False,False,False,False,False,False,False,0
27065,Kanabec,Minnesota,False,False,False,False,False,False,False,False,0
27067,Kandiyohi,Minnesota,False,False,False,False,False,False,False,False,0
27069,Kittson,Minnesota,False,False,False,False,False,False,False,False,0
27071,Koochiching,Minnesota,False,False,False,False,False,False,False,False,0
27073,Lac Qui Parle,Minnesota,False,False,False,False,False,False,False,False,0
27075,Lake,Minnesota,False,False,False,False,False,False,False,False,0
27077,Lake Of The Woods,Minnesota,False,False,False,False,False,False,False,False,0
27079,Le Sueur,Minnesota,False,False,False,False,False,False,True,True,2010
27081,Lincoln,Minnesota,False,False,False,False,False,False,False,False,0
27083,Lyon,Minnesota,False,False,False,False,False,False,False,False,0
27085,McLeod,Minnesota,False,False,False,False,False,False,False,False,0
27087,Mahnomen,Minnesota,False,False,False,False,False,False,False,False,0
27089,Marshall,Minnesota,False,False,False,False,False,False,False,False,0
27091,Martin,Minnesota,False,False,False,False,False,False,False,False,0
27093,Meeker,Minnesota,False,False,False,False,False,False,False,False,0
27095,Mille Lacs,Minnesota,False,False,False,False,False,False,True,True,2010
27097,Morrison,Minnesota,False,False,False,False,False,False,False,False,0
27099,Mower,Minnesota,False,False,False,False,False,False,False,False,0
27101,Murray,Minnesota,False,False,False,False,False,False,False,False,0
27103,Nicollet,Minnesota,False,False,False,False,False,False,True,True,2010
27105,Nobles,Minnesota,False,False,False,False,False,False,False,False,0
27107,Norman,Minnesota,False,False,False,False,False,False,False,False,0
27109,Olmsted,Minnesota,False,False,True,True,True,True,True,True,1970
27111,Otter Tail,Minnesota,False,False,False,False,False,False,False,False,0
27113,Pennington,Minnesota,False,False,False,False,False,False,False,False,0
27115,Pine,Minnesota,False,False,False,False,False,False,False,False,0
27117,Pipestone,Minnesota,False,False,False,False,False,False,False,False,0
27119,Polk,Minnesota,False,False,False,False,True,True,True,True,1990
27121,Pope,Minnesota,False,False,False,False,False,False,False,False,0
27123,Ramsey,Minnesota,True,True,True,True,True,True,True,True,1950
27125,Red Lake,Minnesota,False,False,False,False,False,False,False,False,0
27127,Redwood,Minnesota,False,False,False,False,False,False,False,False,0
27129,Renville,Minnesota,False,False,False,False,False,False,False,False,0
27131,Rice,Minnesota,False,False,False,False,False,False,False,False,0
27133,Rock,Minnesota,False,False,False,False,False,False,False,True,2020
27135,Roseau,Minnesota,False,False,False,False,False,False,False,False,0
27137,St Louis,Minnesota,True,True,True,True,True,True,True,True,1950
27139,Scott,Minnesota,False,False,True,True,True,True,True,True,1970
27141,Sherburne,Minnesota,False,False,True,True,True,True,True,True,1970
27143,Sibley,Minnesota,False,False,False,False,False,False,True,False,2010
27145,Stearns,Minnesota,False,False,True,True,True,True,True,True,1970
27147,Steele,Minnesota,False,False,False,False,False,False,False,False,0
27149,Stevens,Minnesota,False,False,False,False,False,False,False,False,0
27151,Swift,Minnesota,False,False,False,False,False,False,False,False,0
27153,Todd,Minnesota,False,False,False,False,False,False,False,False,0
27155,Traverse,Minnesota,False,False,False,False,False,False,False,False,0
27157,Wabasha,Minnesota,False,False,False,False,False,False,True,True,2010
27159,Wadena,Minnesota,False,False,False,False,False,False,False,False,0
27161,Waseca,Minnesota,False,False,False,False,False,False,False,False,0
27163,Washington,Minnesota,False,True,True,True,True,True,True,True,1960
27165,Watonwan,Minnesota,False,False,False,False,False,False,False,False,0
27167,Wilkin,Minnesota,False,False,False,False,False,False,False,False,0
27169,Winona,Minnesota,False,False,False,False,False,False,False,False,0
27171,Wright,Minnesota,False,False,True,True,True,True,True,True,1970
27173,Yellow Medicine,Minnesota,False,False,False,False,False,False,False,False,0
28001,Adams,Mississippi,False,False,False,False,False,False,False,False,0
28003,Alcorn,Mississippi,False,False,False,False,False,False,False,False,0
28005,Amite,Mississippi,False,False,False,False,False,False,False,False,0
28007,Attala,Mississippi,False,False,False,False,False,False,False,False,0
28009,Benton,Mississippi,False,False,False,False,False,False,True,True,2010
28011,Bolivar,Mississippi,False,False,False,False,False,False,False,False,0
28013,Calhoun,Mississippi,False,False,False,False,False,False,False,False,0
28015,Carroll,Mississippi,False,False,False,False,False,False,False,False,0
28017,Chickasaw,Mississippi,False,False,False,False,False,False,False,False,0
28019,Choctaw,Mississippi,False,False,False,False,False,False,False,False,0
28021,Claiborne,Mississippi,False,False,False,False,False,False,False,False,0
28023,Clarke,Mississippi,False,False,False,False,False,False,False,False,0
28025,Clay,Mississippi,False,False,False,False,False,False,False,False,0
28027,Coahoma,Mississippi,False,False,False,False,False,False,False,False,0
28029,Copiah,Mississippi,False,False,False,False,False,False,True,True,2010
28031,Covington,Mississippi,False,False,False,False,False,False,False,False,0
28033,DeSoto,Mississippi,False,False,True,True,True,True,True,True,1970
28035,Forrest,Mississippi,False,False,False,False,False,True,True,True,2000
28037,Franklin,Mississippi,False,False,False,False,False,False,False,False,0
28039,George,Mississippi,False,False,False,False,False,False,False,False,0
28041,Greene,Mississippi,False,False,False,False,False,False,False,False,0
28043,Grenada,Mississippi,False,False,False,False,False,False,False,False,0
28045,Hancock,Mississippi,False,False,True,True,True,True,True,True,1970
28047,Harrison,Mississippi,False,False,True,True,True,True,True,True,1970
28049,Hinds,Mississippi,True,True,True,True,True,True,True,True,1950
28051,Holmes,Mississippi,False,False,False,False,False,False,False,True,2020
28053,Humphreys,Mississippi,False,False,False,False,False,False,False,False,0
28055,Issaquena,Mississippi,False,False,False,False,False,False,False,False,0
28057,Itawamba,Mississippi,False,False,False,False,False,False,False,False,0
28059,Jackson,Mississippi,False,False,False,True,True,True,True,True,1980
28061,Jasper,Mississippi,False,False,False,False,False,False,False,False,0
28063,Jefferson,Mississippi,False,False,False,False,False,False,False,False,0
28065,Jefferson Davis,Mississippi,False,False,False,False,False,False,False,False,0
28067,Jones,Mississippi,False,False,False,False,False,False,False,False,0
28069,Kemper,Mississippi,False,False,False,False,False,False,False,False,0
28071,Lafayette,Mississippi,False,False,False,False,False,False,False,False,0
28073,Lamar,Mississippi,False,False,False,False,False,True,True,True,2000
28075,Lauderdale,Mississippi,False,False,False,False,False,False,False,False,0
28077,Lawrence,Mississippi,False,False,False,False,False,False,False,False,0
28079,Leake,Mississippi,False,False,False,False,False,False,False,False,0
28081,Lee,Mississippi,False,False,False,False,False,False,False,False,0
28083,Leflore,Mississippi,False,False,False,False,False,False,False,False,0
28085,Lincoln,Mississippi,False,False,False,False,False,False,False,False,0
28087,Lowndes,Mississippi,False,False,False,False,False,False,False,False,0
28089,Madison,Mississippi,False,False,False,True,True,True,True,True,1980
28091,Marion,Mississippi,False,False,False,False,False,False,False,False,0
28093,Marshall,Mississippi,False,False,False,False,False,False,True,True,2010
28095,Monroe,Mississippi,False,False,False,False,False,False,False,False,0
28097,Montgomery,Mississippi,False,False,False,False,False,False,False,False,0
28099,Neshoba,Mississippi,False,False,False,False,False,False,False,False,0
28101,Newton,Mississippi,False,False,False,False,False,False,False,False,0
28103,Noxubee,Mississippi,False,False,False,False,False,False,False,False,0
28105,Oktibbeha,Mississippi,False,False,False,False,False,False,False,False,0
28107,Panola,Mississippi,False,False,False,False,False,False,False,False,0
28109,Pearl River,Mississippi,False,False,False,False,False,False,False,False,0
28111,Perry,Mississippi,False,False,False,False,False,False,True,True,2010
28113,Pike,Mississippi,False,False,False,False,False,False,False,False,0
28115,Pontotoc,Mississippi,False,False,False,False,False,False,False,False,0
28117,Prentiss,Mississippi,False,False,False,False,False,False,False,False,0
28119,Quitman,Mississippi,False,False,False,False,False,False,False,False,0
28121,Rankin,Mississippi,False,False,True,True,True,True,True,True,1970
28123,Scott,Mississippi,False,False,False,False,False,False,False,True,2020
28125,Sharkey,Mississippi,False,False,False,False,False,False,False,False,0
28127,Simpson,Mississippi,False,False,False,False,False,False,True,True,2010
28129,Smith,Mississippi,False,False,False,False,False,False,False,False,0
28131,Stone,Mississippi,False,False,True,False,False,False,False,True,1970
28133,Sunflower,Mississippi,False,False,False,False,False,False,False,False,0
28135,Tallahatchie,Mississippi,False,False,False,False,False,False,False,False,0
28137,Tate,Mississippi,False,False,False,False,False,False,True,True,2010
28139,Tippah,Mississippi,False,False,False,False,False,False,False,False,0
28141,Tishomingo,Mississippi,False,False,False,False,False,False,False,False,0
28143,Tunica,Mississippi,False,False,False,False,False,False,True,True,2010
28145,Union,Mississippi,False,False,False,False,False,False,False,False,0
28147,Walthall,Mississippi,False,False,False,False,False,False,False,False,0
28149,Warren,Mississippi,False,False,False,False,False,False,False,False,0
28151,Washington,Mississippi,False,False,False,False,False,False,False,False,0
28153,Wayne,Mississippi,False,False,False,False,False,False,False,False,0
28155,Webster,Mississippi,False,False,False,False,False,False,False,False,0
28157,Wilkinson,Mississippi,False,False,False,False,False,False,False,False,0
28159,Winston,Mississippi,False,False,False,False,False,False,False,False,0
28161,Yalobusha,Mississippi,False,False,False,False,False,False,False,False,0
28163,Yazoo,Mississippi,False,False,False,False,False,False,True,True,2010
29001,Adair,Missouri,False,False,False,False,False,False,False,False,0
29003,Andrew,Missouri,False,False,True,False,True,True,True,True,1970
29005,Atchison,Missouri,False,False,False,False,False,False,False,False,0
29007,Audrain,Missouri,False,False,False,False,False,False,False,False,0
29009,Barry,Missouri,False,False,False,False,False,False,False,False,0
29011,Barton,Missouri,False,False,False,False,False,False,False,False,0
29013,Bates,Missouri,False,False,False,False,False,False,True,True,2010
29015,Benton,Missouri,False,False,False,False,False,False,False,False,0
29017,Bollinger,Missouri,False,False,False,False,False,False,True,True,2010
29019,Boone,Missouri,False,False,True,True,True,True,True,True,1970
29021,Buchanan,Missouri,True,True,True,True,True,True,True,True,1950
29023,Butler,Missouri,False,False,False,False,False,False,False,False,0
29025,Caldwell,Missouri,False,False,False,False,False,False,True,True,2010
29027,Callaway,Missouri,False,False,False,False,False,False,True,True,2010
29029,Camden,Missouri,False,False,False,False,False,False,False,False,0
29031,Cape Girardeau,Missouri,False,False,False,False,False,False,True,True,2010
29033,Carroll,Missouri,False,False,False,False,False,False,False,False,0
29035,Carter,Missouri,False,False,False,False,False,False,False,False,0
29037,Cass,Missouri,False,False,True,True,True,True,True,True,1970
29039,Cedar,Missouri,False,False,False,False,False,False,False,False,0
29041,Chariton,Missouri,False,False,False,False,False,False,False,False,0
29043,Christian,Missouri,False,False,True,True,True,True,True,True,1970
29045,Clark,Missouri,False,False,False,False,False,False,False,False,0
29047,Clay,Missouri,True,True,True,True,True,True,True,True,1950
29049,Clinton,Missouri,False,False,False,False,True,True,True,True,1990
29051,Cole,Missouri,False,False,False,False,False,False,True,True,2010
29053,Cooper,Missouri,False,False,False,False,False,False,False,True,2020
29055,Crawford,Missouri,False,False,False,False,True,True,False,False,1990
29057,Dade,Missouri,False,False,False,False,False,False,False,False,0
29059,Dallas,Missouri,False,False,False,False,False,False,True,True,2010
29061,Daviess,Missouri,False,False,False,False,False,False,False,False,0
29063,DeKalb,Missouri,False,False,False,False,False,False,True,True,2010
29065,Dent,Missouri,False,False,False,False,False,False,False,False,0
29067,Douglas,Missouri,False,False,False,False,False,False,False,False,0
29069,Dunklin,Missouri,False,False,False,False,False,False,False,False,0
29071,Franklin,Missouri,False,False,True,True,True,True,True,True,1970
29073,Gasconade,Missouri,False,False,False,False,False,False,False,False,0
29075,Gentry,Missouri,False,False,False,False,False,False,False,False,0
29077,Greene,Missouri,True,True,True,True,True,True,True,True,1950
29079,Grundy,Missouri,False,False,False,False,False,False,False,False,0
29081,Harrison,Missouri,False,False,False,False,False,False,False,False,0
29083,Henry,Missouri,False,False,False,False,False,False,False,False,0
29085,Hickory,Missouri,False,False,False,False,False,False,False,False,0
29087,Holt,Missouri,False,False,False,False,False,False,False,False,0
29089,Howard,Missouri,False,False,False,False,False,False,False,True,2020
29091,Howell,Missouri,False,False,False,False,False,False,False,False,0
29093,Iron,Missouri,False,False,False,False,False,False,False,False,0
29095,Jackson,Missouri,True,True,True,True,True,True,True,True,1950
29097,Jasper,Missouri,False,False,False,True,True,True,True,True,1980
29099,Jefferson,Missouri,False,True,True,True,True,True,True,True,1960
29101,Johnson,Missouri,False,False,False,False,False,False,False,False,0
29103,Knox,Missouri,False,False,False,False,False,False,False,False,0
29105,Laclede,Missouri,False,False,False,False,False,False,False,False,0
29107,Lafayette,Missouri,False,False,False,True,True,True,True,True,1980
29109,Lawrence,Missouri,False,False,False,False,False,False,False,False,0
29111,Lewis,Missouri,False,False,False,False,False,False,False,False,0
29113,Lincoln,Missouri,False,False,False,False,True,True,True,True,1990
29115,Linn,Missouri,False,False,False,False,False,False,False,False,0
29117,Livingston,Missouri,False,False,False,False,False,False,False,False,0
29119,McDonald,Missouri,False,False,False,False,False,False,True,False,2010
29121,Macon,Missouri,False,False,False,False,False,False,False,False,0
29123,Madison,Missouri,False,False,False,False,False,False,False,False,0
29125,Maries,Missouri,False,False,False,False,False,False,False,False,0
29127,Marion,Missouri,False,False,False,False,False,False,False,False,0
29129,Mercer,Missouri,False,False,False,False,False,False,False,False,0
29131,Miller,Missouri,False,False,False,False,False,False,False,False,0
29133,Mississippi,Missouri,False,False,False,False,False,False,False,False,0
29135,Moniteau,Missouri,False,False,False,False,False,False,True,True,2010
29137,Monroe,Missouri,False,False,False,False,False,False,False,False,0
29139,Montgomery,Missouri,False,False,False,False,False,False,False,False,0
29141,Morgan,Missouri,False,False,False,False,False,False,False,False,0
29143,New Madrid,Missouri,False,False,False,False,False,False,False,False,0
29145,Newton,Missouri,False,False,False,True,True,True,True,True,1980
29147,Nodaway,Missouri,False,False,False,False,False,False,False,False,0
29149,Oregon,Missouri,False,False,False,False,False,False,False,False,0
29151,Osage,Missouri,False,False,False,False,False,False,True,True,2010
29153,Ozark,Missouri,False,False,False,False,False,False,False,False,0
29155,Pemiscot,Missouri,False,False,False,False,False,False,False,False,0
29157,Perry,Missouri,False,False,False,False,False,False,False,False,0
29159,Pettis,Missouri,False,False,False,False,False,False,False,False,0
29161,Phelps,Missouri,False,False,False,False,False,False,False,False,0
29163,Pike,Missouri,False,False,False,False,False,False,False,False,0
29165,Platte,Missouri,False,False,True,True,True,True,True,True,1970
29167,Polk,Missouri,False,False,False,False,False,False,True,True,2010
29169,Pulaski,Missouri,False,False,False,False,False,False,False,False,0
29171,Putnam,Missouri,False,False,False,False,False,False,False,False,0
29173,Ralls,Missouri,False,False,False,False,False,False,False,False,0
29175,Randolph,Missouri,False,False,False,False,False,False,False,False,0
29177,Ray,Missouri,False,False,True,True,True,True,True,True,1970
29179,Reynolds,Missouri,False,False,False,False,False,False,False,False,0
29181,Ripley,Missouri,False,False,False,False,False,False,False,False,0
29183,St Charles,Missouri,True,True,True,True,True,True,True,True,1950
29185,St Clair,Missouri,False,False,False,False,False,False,False,False,0
29186,Ste Genevieve,Missouri,False,False,False,False,False,False,False,False,0
29187,St Francois,Missouri,False,False,False,False,False,False,False,False,0
29189,St Louis,Missouri,True,True,True,True,True,True,True,True,1950
29195,Saline,Missouri,False,False,False,False,False,False,False,False,0
29197,Schuyler,Missouri,False,False,False,False,False,False,False,False,0
29199,Scotland,Missouri,False,False,False,False,False,False,False,False,0
29201,Scott,Missouri,False,False,False,False,False,False,False,False,0
29203,Shannon,Missouri,False,False,False,False,False,False,False,False,0
29205,Shelby,Missouri,False,False,False,False,False,False,False,False,0
29207,Stoddard,Missouri,False,False,False,False,False,False,False,False,0
29209,Stone,Missouri,False,False,False,False,False,False,False,False,0
29211,Sullivan,Missouri,False,False,False,False,False,False,False,False,0
29213,Taney,Missouri,False,False,False,False,False,False,False,False,0
29215,Texas,Missouri,False,False,False,False,False,False,False,False,0
29217,Vernon,Missouri,False,False,False,False,False,False,False,False,0
29219,Warren,Missouri,False,False,False,False,True,True,True,True,1990
29221,Washington,Missouri,False,False,False,False,False,False,False,False,0
29223,Wayne,Missouri,False,False,False,False,False,False,False,False,0
29225,Webster,Missouri,False,False,False,False,True,True,True,True,1990
29227,Worth,Missouri,False,False,False,False,False,False,False,False,0
29229,Wright,Missouri,False,False,False,False,False,False,False,False,0
29510,St Louis City,Missouri,True,True,True,True,True,True,True,True,1950
30001,Beaverhead,Montana,False,False,False,False,False,False,False,False,0
30003,Big Horn,Montana,False,False,False,False,False,False,False,False,0
30005,Blaine,Montana,False,False,False,False,False,False,False,False,0
30007,Broadwater,Montana,False,False,False,False,False,False,False,True,2020
30009,Carbon,Montana,False,False,False,False,False,False,True,True,2010
30011,Carter,Montana,False,False,False,False,False,False,False,False,0
30013,Cascade,Montana,False,True,True,True,True,True,True,True,1960
30015,Chouteau,Montana,False,False,False,False,False,False,False,False,0
30017,Custer,Montana,False,False,False,False,False,False,False,False,0
30019,Daniels,Montana,False,False,False,False,False,False,False,False,0
30021,Dawson,Montana,False,False,False,False,False,False,False,False,0
30023,Deer Lodge,Montana,False,False,False,False,False,False,False,False,0
30025,Fallon,Montana,False,False,False,False,False,False,False,False,0
30027,Fergus,Montana,False,False,False,False,False,False,False,False,0
30029,Flathead,Montana,False,False,False,False,False,False,False,False,0
30031,Gallatin,Montana,False,False,False,False,False,False,False,True,2020
30033,Garfield,Montana,False,False,False,False,False,False,False,False,0
30035,Glacier,Montana,False,False,False,False,False,False,False,False,0
30037,Golden Valley,Montana,False,False,False,False,False,False,True,False,2010
30039,Granite,Montana,False,False,False,False,False,False,False,False,0
30041,Hill,Montana,False,False,False,False,False,False,False,False,0
30043,Jefferson,Montana,False,False,False,False,False,False,False,True,2020
30045,Judith Basin,Montana,False,False,False,False,False,False,False,False,0
30047,Lake,Montana,False,False,False,False,False,False,False,False,0
30049,Lewis And Clark,Montana,False,False,False,False,False,False,False,True,2020
30051,Liberty,Montana,False,False,False,False,False,False,False,False,0
30053,Lincoln,Montana,False,False,False,False,False,False,False,False,0
30055,McCone,Montana,False,False,False,False,False,False,False,False,0
30057,Madison,Montana,False,False,False,False,False,False,False,False,0
30059,Meagher,Montana,False,False,False,False,False,False,False,False,0
30061,Mineral,Montana,False,False,False,False,False,False,False,True,2020
30063,Missoula,Montana,False,False,False,False,False,True,True,True,2000
30065,Musselshell,Montana,False,False,False,False,False,False,False,False,0
30067,Park,Montana,False,False,False,False,False,False,False,False,0
30069,Petroleum,Montana,False,False,False,False,False,False,False,False,0
30071,Phillips,Montana,False,False,False,False,False,False,False,False,0
30073,Pondera,Montana,False,False,False,False,False,False,False,False,0
30075,Powder River,Montana,False,False,False,False,False,False,False,False,0
30077,Powell,Montana,False,False,False,False,False,False,False,False,0
30079,Prairie,Montana,False,False,False,False,False,False,False,False,0
30081,Ravalli,Montana,False,False,False,False,False,False,False,False,0
30083,Richland,Montana,False,False,False,False,False,False,False,False,0
30085,Roosevelt,Montana,False,False,False,False,False,False,False,False,0
30087,Rosebud,Montana,False,False,False,False,False,False,False,False,0
30089,Sanders,Montana,False,False,False,False,False,False,False,False,0
30091,Sheridan,Montana,False,False,False,False,False,False,False,False,0
30093,Silver Bow,Montana,False,False,False,False,False,False,False,False,0
30095,Stillwater,Montana,False,False,False,False,False,False,False,True,2020
30097,Sweet Grass,Montana,False,False,False,False,False,False,False,False,0
30099,Teton,Montana,False,False,False,False,False,False,False,False,0
30101,Toole,Montana,False,False,False,False,False,False,False,False,0
30103,Treasure,Montana,False,False,False,False,False,False,False,False,0
30105,Valley,Montana,False,False,False,False,False,False,False,False,0
30107,Wheatland,Montana,False,False,False,False,False,False,False,False,0
30109,Wibaux,Montana,False,False,False,False,False,False,False,False,0
30111,Yellowstone,Montana,False,True,True,True,True,True,True,True,1960
30113,Yellowstone National Park,Montana,False,False,False,False,False,False,False,False,0
31001,Adams,Nebraska,False,False,False,False,False,False,False,False,0
31003,Antelope,Nebraska,False,False,False,False,False,False,False,False,0
31005,Arthur,Nebraska,False,False,False,False,False,False,False,False,0
31007,Banner,Nebraska,False,False,False,False,False,False,False,False,0
31009,Blaine,Nebraska,False,False,False,False,False,False,False,False,0
31011,Boone,Nebraska,False,False,False,False,False,False,False,False,0
31013,Box Butte,Nebraska,False,False,False,False,False,False,False,False,0
31015,Boyd,Nebraska,False,False,False,False,False,False,False,False,0
31017,Brown,Nebraska,False,False,False,False,False,False,False,False,0
31019,Buffalo,Nebraska,False,False,False,False,False,False,False,False,0
31021,Burt,Nebraska,False,False,False,False,False,False,False,False,0
31023,Butler,Nebraska,False,False,False,False,False,False,False,False,0
31025,Cass,Nebraska,False,False,False,False,True,True,True,True,1990
31027,Cedar,Nebraska,False,False,False,False,False,False,False,False,0
31029,Chase,Nebraska,False,False,False,False,False,False,False,False,0
31031,Cherry,Nebraska,False,False,False,False,False,False,False,False,0
31033,Cheyenne,Nebraska,False,False,False,False,False,False,False,False,0
31035,Clay,Nebraska,False,False,False,False,False,False,False,False,0
31037,Colfax,Nebraska,False,False,False,False,False,False,False,False,0
31039,Cuming,Nebraska,False,False,False,False,False,False,False,False,0
31041,Custer,Nebraska,False,False,False,False,False,False,False,False,0
31043,Dakota,Nebraska,False,False,True,True,True,True,True,True,1970
31045,Dawes,Nebraska,False,False,False,False,False,False,False,False,0
31047,Dawson,Nebraska,False,False,False,False,False,False,False,False,0
31049,Deuel,Nebraska,False,False,False,False,False,False,False,False,0
31051,Dixon,Nebraska,False,False,False,False,False,False,True,False,2010
31053,Dodge,Nebraska,False,False,False,False,False,False,False,False,0
31055,Douglas,Nebraska,True,True,True,True,True,True,True,True,1950
31057,Dundy,Nebraska,False,False,False,False,False,False,False,False,0
31059,Fillmore,Nebraska,False,False,False,False,False,False,False,False,0
31061,Franklin,Nebraska,False,False,False,False,False,False,False,False,0
31063,Frontier,Nebraska,False,False,False,False,False,False,False,False,0
31065,Furnas,Nebraska,False,False,False,False,False,False,False,False,0
31067,Gage,Nebraska,False,False,False,False,False,False,False,False,0
31069,Garden,Nebraska,False,False,False,False,False,False,False,False,0
31071,Garfield,Nebraska,False,False,False,False,False,False,False,False,0
31073,Gosper,Nebraska,False,False,False,False,False,False,False,False,0
31075,Grant,Nebraska,False,False,False,False,False,False,False,False,0
31077,Greeley,Nebraska,False,False,False,False,False,False,False,False,0
31079,Hall,Nebraska,False,False,False,False,False,False,True,True,2010
31081,Hamilton,Nebraska,False,False,False,False,False,False,True,False,2010
31083,Harlan,Nebraska,False,False,False,False,False,False,False,False,0
31085,Hayes,Nebraska,False,False,False,False,False,False,False,False,0
31087,Hitchcock,Nebraska,False,False,False,False,False,False,False,False,0
31089,Holt,Nebraska,False,False,False,False,False,False,False,False,0
31091,Hooker,Nebraska,False,False,False,False,False,False,False,False,0
31093,Howard,Nebraska,False,False,False,False,False,False,True,True,2010
31095,Jefferson,Nebraska,False,False,False,False,False,False,False,False,0
31097,Johnson,Nebraska,False,False,False,False,False,False,False,False,0
31099,Kearney,Nebraska,False,False,False,False,False,False,False,False,0
31101,Keith,Nebraska,False,False,False,False,False,False,False,False,0
31103,Keya Paha,Nebraska,False,False,False,False,False,False,False,False,0
31105,Kimball,Nebraska,False,False,False,False,False,False,False,False,0
31107,Knox,Nebraska,False,False,False,False,False,False,False,False,0
31109,Lancaster,Nebraska,True,True,True,True,True,True,True,True,1950
31111,Lincoln,Nebraska,False,False,False,False,False,False,False,False,0
31113,Logan,Nebraska,False,False,False,False,False,False,False,False,0
31115,Loup,Nebraska,False,False,False,False,False,False,False,False,0
31117,McPherson,Nebraska,False,False,False,False,False,False,False,False,0
31119,Madison,Nebraska,False,False,False,False,False,False,False,False,0
31121,Merrick,Nebraska,False,False,False,False,False,False,True,True,2010
31123,Morrill,Nebraska,False,False,False,False,False,False,False,False,0
31125,Nance,Nebraska,False,False,False,False,False,False,False,False,0
31127,Nemaha,Nebraska,False,False,False,False,False,False,False,False,0
31129,Nuckolls,Nebraska,False,False,False,False,False,False,False,False,0
31131,Otoe,Nebraska,False,False,False,False,False,False,False,False,0
31133,Pawnee,Nebraska,False,False,False,False,False,False,False,False,0
31135,Perkins,Nebraska,False,False,False,False,False,False,False,False,0
31137,Phelps,Nebraska,False,False,False,False,False,False,False,False,0
31139,Pierce,Nebraska,False,False,False,False,False,False,False,False,0
31141,Platte,Nebraska,False,False,False,False,False,False,False,False,0
31143,Polk,Nebraska,False,False,False,False,False,False,False,False,0
31145,Red Willow,Nebraska,False,False,False,False,False,False,False,False,0
31147,Richardson,Nebraska,False,False,False,False,False,False,False,False,0
31149,Rock,Nebraska,False,False,False,False,False,False,False,False,0
31151,Saline,Nebraska,False,False,False,False,False,False,False,False,0
31153,Sarpy,Nebraska,True,True,True,True,True,True,True,True,1950
31155,Saunders,Nebraska,False,False,False,False,False,False,True,True,2010
31157,Scotts Bluff,Nebraska,False,False,False,False,False,False,False,False,0
31159,Seward,Nebraska,False,False,False,False,False,False,True,True,2010
31161,Sheridan,Nebraska,False,False,False,False,False,False,False,False,0
31163,Sherman,Nebraska,False,False,False,False,False,False,False,False,0
31165,Sioux,Nebraska,False,False,False,False,False,False,False,False,0
31167,Stanton,Nebraska,False,False,False,False,False,False,False,False,0
31169,Thayer,Nebraska,False,False,False,False,False,False,False,False,0
31171,Thomas,Nebraska,False,False,False,False,False,False,False,False,0
31173,Thurston,Nebraska,False,False,False,False,False,False,False,False,0
31175,Valley,Nebraska,False,False,False,False,False,False,False,False,0
31177,Washington,Nebraska,False,False,False,True,True,True,True,True,1980
31179,Wayne,Nebraska,False,False,False,False,False,False,False,False,0
31181,Webster,Nebraska,False,False,False,False,False,False,False,False,0
31183,Wheeler,Nebraska,False,False,False,False,False,False,False,False,0
31185,York,Nebraska,False,False,False,False,False,False,False,False,0
32001,Churchill,Nevada,False,False,False,False,False,False,False,False,0
32003,Clark,Nevada,False,True,True,True,True,True,True,True,1960
32005,Douglas,Nevada,False,False,False,False,False,False,False,False,0
32007,Elko,Nevada,False,False,False,False,False,False,False,False,0
32009,Esmeralda,Nevada,False,False,False,False,False,False,False,False,0
32011,Eureka,Nevada,False,False,False,False,False,False,False,False,0
32013,Humboldt,Nevada,False,False,False,False,False,False,False,False,0
32015,Lander,Nevada,False,False,False,False,False,False,False,False,0
32017,Lincoln,Nevada,False,False,False,False,False,False,False,False,0
32019,Lyon,Nevada,False,False,False,False,False,False,False,True,2020
32021,Mineral,Nevada,False,False,False,False,False,False,False,False,0
32023,Nye,Nevada,False,False,False,False,True,True,False,False,1990
32025,Ormsby,Nevada,False,False,False,False,False,False,False,False,0
32027,Pershing,Nevada,False,False,False,False,False,False,False,False,0
32029,Storey,Nevada,False,False,False,False,False,False,True,True,2010
32031,Washoe,Nevada,False,True,True,True,True,True,True,True,1960
32033,White Pine,Nevada,False,False,False,False,False,False,False,False,0
32510,Carson City,Nevada,False,False,False,False,False,False,True,True,2010
33001,Belknap,New Hampshire,False,False,False,False,False,False,False,False,0
33003,Carroll,New Hampshire,False,False,False,False,False,False,False,False,0
33005,Cheshire,New Hampshire,False,False,False,False,False,False,False,False,0
33007,Coos,New Hampshire,False,False,False,False,False,False,False,False,0
33009,Grafton,New Hampshire,False,False,False,False,False,False,False,False,0
33011,Hillsborough,New Hampshire,True,True,True,True,True,True,True,True,1950
33013,Merrimack,New Hampshire,False,False,True,True,True,True,False,False,1970
33015,Rockingham,New Hampshire,False,True,True,True,True,True,True,True,1960
33017,Strafford,New Hampshire,False,False,False,True,True,True,True,True,1980
33019,Sullivan,New Hampshire,False,False,False,False,False,False,False,False,0
34001,Atlantic,New Jersey,True,True,True,True,True,True,True,True,1950
34003,Bergen,New Jersey,True,True,True,True,True,True,True,True,1950
34005,Burlington,New Jersey,True,True,True,True,True,True,True,True,1950
34007,Camden,New Jersey,True,True,True,True,True,True,True,True,1950
34009,Cape May,New Jersey,False,False,False,True,True,True,True,True,1980
34011,Cumberland,New Jersey,False,False,True,True,True,True,True,True,1970
34013,Essex,New Jersey,True,True,True,True,True,True,True,True,1950
34015,Gloucester,New Jersey,True,True,True,True,True,True,True,True,1950
34017,Hudson,New Jersey,True,True,True,True,True,True,True,True,1950
34019,Hunterdon,New Jersey,False,False,False,True,True,True,True,True,1980
34021,Mercer,New Jersey,True,True,True,True,True,True,True,True,1950
34023,Middlesex,New Jersey,True,False,True,True,True,True,True,True,1950
34025,Monmouth,New Jersey,False,False,True,True,True,True,True,True,1970
34027,Morris,New Jersey,True,True,True,True,True,True,True,True,1950
34029,Ocean,New Jersey,False,False,False,True,True,True,True,True,1980
34031,Passaic,New Jersey,True,True,True,True,True,True,True,True,1950
34033,Salem,New Jersey,True,True,True,True,True,True,True,True,1950
34035,Somerset,New Jersey,True,False,True,True,True,True,True,True,1950
34037,Sussex,New Jersey,False,False,False,True,True,True,True,True,1980
34039,Union,New Jersey,True,True,True,True,True,True,True,True,1950
34041,Warren,New Jersey,True,True,True,True,True,True,True,True,1950
35001,Bernalillo,New Mexico,True,True,True,True,True,True,True,True,1950
35003,Catron,New Mexico,False,False,False,False,False,False,False,False,0
35005,Chaves,New Mexico,False,False,False,False,False,False,False,False,0
35006,Cibola,New Mexico,False,False,False,False,False,False,False,False,0
35007,Colfax,New Mexico,False,False,False,False,False,False,False,False,0
35009,Curry,New Mexico,False,False,False,False,False,False,False,False,0
35011,De Baca,New Mexico,False,False,False,False,False,False,False,False,0
35013,Dona Ana,New Mexico,False,False,False,True,True,True,True,True,1980
35015,Eddy,New Mexico,False,False,False,False,False,False,False,False,0
35017,Grant,New Mexico,False,False,False,False,False,False,False,False,0
35019,Guadalupe,New Mexico,False,False,False,False,False,False,False,False,0
35021,Harding,New Mexico,False,False,False,False,False,False,False,False,0
35023,Hidalgo,New Mexico,False,False,False,False,False,False,False,False,0
35025,Lea,New Mexico,False,False,False,False,False,False,False,False,0
35027,Lincoln,New Mexico,False,False,False,False,False,False,False,False,0
35028,Los Alamos,New Mexico,False,False,False,False,True,True,False,False,1990
35029,Luna,New Mexico,False,False,False,False,False,False,False,False,0
35031,McKinley,New Mexico,False,False,False,False,False,False,False,False,0
35033,Mora,New Mexico,False,False,False,False,False,False,False,False,0
35035,Otero,New Mexico,False,False,False,False,False,False,False,False,0
35037,Quay,New Mexico,False,False,False,False,False,False,False,False,0
35039,Rio Arriba,New Mexico,False,False,False,False,False,False,False,False,0
35041,Roosevelt,New Mexico,False,False,False,False,False,False,False,False,0
35043,Sandoval,New Mexico,False,False,True,False,True,True,True,True,1970
35045,San Juan,New Mexico,False,False,False,False,False,False,True,True,2010
35047,San Miguel,New Mexico,False,False,False,False,False,False,False,False,0
35049,Santa Fe,New Mexico,False,False,False,False,True,True,True,True,1990
35051,Sierra,New Mexico,False,False,False,False,False,False,False,False,0
35053,Socorro,New Mexico,False,False,False,False,False,False,False,False,0
35055,Taos,New Mexico,False,False,False,False,False,False,False,False,0
35057,Torrance,New Mexico,False,False,False,False,False,False,True,True,2010
35059,Union,New Mexico,False,False,False,False,False,False,False,False,0
35061,Valencia,New Mexico,False,False,False,False,True,True,True,True,1990
36001,Albany,New York,True,True,True,True,True,True,True,True,1950
36003,Allegany,New York,False,False,False,False,False,False,False,False,0
36005,Bronx,New York,True,True,True,True,True,True,True,True,1950
36007,Broome,New York,True,True,True,True,True,True,True,True,1950
36009,Cattaraugus,New York,False,False,False,False,False,False,False,False,0
36011,Cayuga,New York,False,False,False,False,True,True,False,False,1990
36013,Chautauqua,New York,False,False,False,False,True,True,False,False,1990
36015,Chemung,New York,False,False,True,True,True,True,True,True,1970
36017,Chenango,New York,False,False,False,False,False,False,False,False,0
36019,Clinton,New York,False,False,False,False,False,False,False,False,0
36021,Columbia,New York,False,False,False,False,False,False,False,False,0
36023,Cortland,New York,False,False,False,False,False,False,False,False,0
36025,Delaware,New York,False,False,False,False,False,False,False,False,0
36027,Dutchess,New York,False,False,True,True,True,True,True,True,1970
36029,Erie,New York,True,True,True,True,True,True,True,True,1950
36031,Essex,New York,False,False,False,False,False,False,False,False,0
36033,Franklin,New York,False,False,False,False,False,False,False,False,0
36035,Fulton,New York,False,False,False,False,False,False,False,False,0
36037,Genesee,New York,False,False,False,False,True,True,False,False,1990
36039,Greene,New York,False,False,False,True,False,False,False,False,1980
36041,Hamilton,New York,False,False,False,False,False,False,False,False,0
36043,Herkimer,New York,True,True,True,True,True,True,True,True,1950
36045,Jefferson,New York,False,False,False,False,False,False,True,True,2010
36047,Kings,New York,True,True,True,True,True,True,True,True,1950
36049,Lewis,New York,False,False,False,False,False,False,False,False,0
36051,Livingston,New York,False,False,True,True,True,True,True,True,1970
36053,Madison,New York,False,True,True,True,True,True,True,True,1960
36055,Monroe,New York,True,True,True,True,True,True,True,True,1950
36057,Montgomery,New York,False,False,True,True,True,True,False,False,1970
36059,Nassau,New York,True,True,True,True,True,True,True,True,1950
36061,New York,New York,True,True,True,True,True,True,True,True,1950
36063,Niagara,New York,True,True,True,True,True,True,True,True,1950
36065,Oneida,New York,True,True,True,True,True,True,True,True,1950
36067,Onondaga,New York,True,True,True,True,True,True,True,True,1950
36069,Ontario,New York,False,False,True,True,True,True,True,True,1970
36071,Orange,New York,False,False,False,True,True,True,True,True,1980
36073,Orleans,New York,False,False,True,True,True,True,True,True,1970
36075,Oswego,New York,False,True,True,True,True,True,True,True,1960
36077,Otsego,New York,False,False,False,False,False,False,False,False,0
36079,Putnam,New York,False,False,True,True,True,True,True,True,1970
36081,Queens,New York,True,True,True,True,True,True,True,True,1950
36083,Rensselaer,New York,True,True,True,True,True,True,True,True,1950
36085,Richmond,New York,True,True,True,True,True,True,True,True,1950
36087,Rockland,New York,True,True,True,True,True,True,True,True,1950
36089,St Lawrence,New York,False,False,False,False,False,False,False,False,0
36091,Saratoga,New York,False,True,True,True,True,True,True,True,1960
36093,Schenectady,New York,True,True,True,True,True,True,True,True,1950
36095,Schoharie,New York,False,False,False,False,True,True,True,True,1990
36097,Schuyler,New York,False,False,False,False,False,False,False,False,0
36099,Seneca,New York,False,False,False,False,False,False,False,False,0
36101,Steuben,New York,False,False,False,False,False,False,False,False,0
36103,Suffolk,New York,True,True,True,True,True,True,True,True,1950
36105,Sullivan,New York,False,False,False,False,False,False,False,False,0
36107,Tioga,New York,False,False,True,True,True,True,True,True,1970
36109,Tompkins,New York,False,False,False,False,False,False,True,True,2010
36111,Ulster,New York,False,False,False,False,False,False,True,True,2010
36113,Warren,New York,False,False,False,True,True,True,True,True,1980
36115,Washington,New York,False,False,False,True,True,True,True,True,1980
36117,Wayne,New York,False,False,True,True,True,True,True,True,1970
36119,Westchester,New York,True,True,True,True,True,True,True,True,1950
36121,Wyoming,New York,False,False,False,False,False,False,False,False,0
36123,Yates,New York,False,False,False,False,False,False,True,False,2010
37001,Alamance,North Carolina,False,False,True,True,True,True,True,True,1970
37003,Alexander,North Carolina,False,False,False,True,True,True,True,True,1980
37005,Alleghany,North Carolina,False,False,False,False,False,False,False,False,0
37007,Anson,North Carolina,False,False,False,False,False,False,False,True,2020
37009,Ashe,North Carolina,False,False,False,False,False,False,False,False,0
37011,Avery,North Carolina,False,False,False,False,False,False,False,False,0
37013,Beaufort,North Carolina,False,False,False,False,False,False,False,False,0
37015,Bertie,North Carolina,False,False,False,False,False,False,False,False,0
37017,Bladen,North Carolina,False,False,False,False,False,False,False,False,0
37019,Brunswick,North Carolina,False,False,True,False,True,True,True,True,1970
37021,Buncombe,North Carolina,True,True,True,True,True,True,True,True,1950
37023,Burke,North Carolina,False,False,False,True,True,True,True,True,1980
37025,Cabarrus,North Carolina,False,False,False,True,True,True,True,True,1980
37027,Caldwell,North Carolina,False,False,False,False,True,True,True,True,1990
37029,Camden,North Carolina,False,False,False,False,False,False,False,True,2020
37031,Carteret,North Carolina,False,False,False,False,False,False,False,False,0
37033,Caswell,North Carolina,False,False,False,False,False,False,False,False,0
37035,Catawba,North Carolina,False,False,False,True,True,True,True,True,1980
37037,Chatham,North Carolina,False,False,False,False,True,True,True,True,1990
37039,Cherokee,North Carolina,False,False,False,False,False,False,False,False,0
37041,Chowan,North Carolina,False,False,False,False,False,False,False,False,0
37043,Clay,North Carolina,False,False,False,False,False,False,False,False,0
37045,Cleveland,North Carolina,False,False,False,False,False,False,False,False,0
37047,Columbus,North Carolina,False,False,False,False,False,False,False,False,0
37049,Craven,North Carolina,False,False,False,False,False,False,True,False,2010
37051,Cumberland,North Carolina,False,False,True,True,True,True,True,True,1970
37053,Currituck,North Carolina,False,False,True,False,True,True,True,True,1970
37055,Dare,North Carolina,False,False,False,False,False,False,False,False,0
37057,Davidson,North Carolina,False,False,True,True,True,True,True,True,1970
37059,Davie,North Carolina,False,False,False,True,True,True,True,True,1980
37061,Duplin,North Carolina,False,False,False,False,False,False,False,False,0
37063,Durham,North Carolina,True,True,True,True,True,True,True,True,1950
37065,Edgecombe,North Carolina,False,False,False,False,True,True,True,True,1990
37067,Forsyth,North Carolina,True,True,True,True,True,True,True,True,1950
37069,Franklin,North Carolina,False,False,False,True,True,True,True,True,1980
37071,Gaston,North Carolina,False,False,True,True,True,True,True,True,1970
37073,Gates,North Carolina,False,False,False,False,False,False,True,True,2010
37075,Graham,North Carolina,False,False,False,False,False,False,False,False,0
37077,Granville,North Carolina,False,False,False,False,False,False,False,False,0
37079,Greene,North Carolina,False,False,False,False,False,False,False,False,0
37081,Guilford,North Carolina,True,True,True,True,True,True,True,True,1950
37083,Halifax,North Carolina,False,False,False,False,False,False,False,False,0
37085,Harnett,North Carolina,False,False,False,False,False,False,False,False,0
37087,Haywood,North Carolina,False,False,False,False,False,False,True,False,2010
37089,Henderson,North Carolina,False,False,False,False,False,False,True,True,2010
37091,Hertford,North Carolina,False,False,False,False,False,False,False,False,0
37093,Hoke,North Carolina,False,False,False,False,False,False,True,True,2010
37095,Hyde,North Carolina,False,False,False,False,False,False,False,False,0
37097,Iredell,North Carolina,False,False,False,False,False,False,True,True,2010
37099,Jackson,North Carolina,False,False,False,False,False,False,False,False,0
37101,Johnston,North Carolina,False,False,False,False,True,True,True,True,1990
37103,Jones,North Carolina,False,False,False,False,False,False,True,False,2010
37105,Lee,North Carolina,False,False,False,False,False,False,False,False,0
37107,Lenoir,North Carolina,False,False,False,False,False,False,False,False,0
37109,Lincoln,North Carolina,False,False,False,True,True,True,True,True,1980
37111,McDowell,North Carolina,False,False,False,False,False,False,False,False,0
37113,Macon,North Carolina,False,False,False,False,False,False,False,False,0
37115,Madison,North Carolina,False,False,True,False,True,True,True,True,1970
37117,Martin,North Carolina,False,False,False,False,False,False,False,False,0
37119,Mecklenburg,North Carolina,True,True,True,True,True,True,True,True,1950
37121,Mitchell,North Carolina,False,False,False,False,False,False,False,False,0
37123,Montgomery,North Carolina,False,False,False,False,False,False,False,False,0
37125,Moore,North Carolina,False,False,False,False,False,False,False,True,2020
37127,Nash,North Carolina,False,False,False,False,True,True,True,True,1990
37129,New Hanover,North Carolina,False,False,True,True,True,True,True,True,1970
37131,Northampton,North Carolina,False,False,False,False,False,False,False,False,0
37133,Onslow,North Carolina,False,False,False,True,True,True,True,True,1980
37135,Orange,North Carolina,False,False,True,True,True,True,True,True,1970
37137,Pamlico,North Carolina,False,False,False,False,False,False,True,False,2010
37139,Pasquotank,North Carolina,False,False,False,False,False,False,False,False,0
37141,Pender,North Carolina,False,False,False,False,False,False,True,True,2010
37143,Perquimans,North Carolina,False,False,False,False,False,False,False,False,0
37145,Person,North Carolina,False,False,False,False,False,False,True,True,2010
37147,Pitt,North Carolina,False,False,False,False,True,True,True,True,1990
37149,Polk,North Carolina,False,False,False,False,False,False,False,False,0
37151,Randolph,North Carolina,False,False,True,True,True,True,True,True,1970
37153,Richmond,North Carolina,False,False,False,False,False,False,False,False,0
37155,Robeson,North Carolina,False,False,False,False,False,False,False,False,0
37157,Rockingham,North Carolina,False,False,False,False,False,False,True,True,2010
37159,Rowan,North Carolina,False,False,False,True,True,True,True,True,1980
37161,Rutherford,North Carolina,False,False,False,False,False,False,False,False,0
37163,Sampson,North Carolina,False,False,False,False,False,False,False,False,0
37165,Scotland,North Carolina,False,False,False,False,False,False,False,False,0
37167,Stanly,North Carolina,False,False,False,False,False,False,False,False,0
37169,Stokes,North Carolina,False,False,True,True,True,True,True,True,1970
37171,Surry,North Carolina,False,False,False,False,False,False,False,False,0
37173,Swain,North Carolina,False,False,False,False,False,False,False,False,0
37175,Transylvania,North Carolina,False,False,False,False,False,False,False,False,0
37177,Tyrrell,North Carolina,False,False,False,False,False,False,False,False,0
37179,Union,North Carolina,False,False,True,True,True,True,True,True,1970
37181,Vance,North Carolina,False,False,False,False,False,False,False,False,0
37183,Wake,North Carolina,True,True,True,True,True,True,True,True,1950
37185,Warren,North Carolina,False,False,False,False,False,False,False,False,0
37187,Washington,North Carolina,False,False,False,False,False,False,False,False,0
37189,Watauga,North Carolina,False,False,False,False,False,False,False,False,0
37191,Wayne,North Carolina,False,False,False,False,True,True,True,True,1990
37193,Wilkes,North Carolina,False,False,False,False,False,False,False,False,0
37195,Wilson,North Carolina,False,False,False,False,False,False,False,False,0
37197,Yadkin,North Carolina,False,False,True,True,True,True,True,True,1970
37199,Yancey,North Carolina,False,False,False,False,False,False,False,False,0
38001,Adams,North Dakota,False,False,False,False,False,False,False,False,0
38003,Barnes,North Dakota,False,False,False,False,False,False,False,False,0
38005,Benson,North Dakota,False,False,False,False,False,False,False,False,0
38007,Billings,North Dakota,False,False,False,False,False,False,False,False,0
38009,Bottineau,North Dakota,False,False,False,False,False,False,False,False,0
38011,Bowman,North Dakota,False,False,False,False,False,False,False,False,0
38013,Burke,North Dakota,False,False,False,False,False,False,False,False,0
38015,Burleigh,North Dakota,False,False,False,True,True,True,True,True,1980
38017,Cass,North Dakota,False,True,True,True,True,True,True,True,1960
38019,Cavalier,North Dakota,False,False,False,False,False,False,False,False,0
38021,Dickey,North Dakota,False,False,False,False,False,False,False,False,0
38023,Divide,North Dakota,False,False,False,False,False,False,False,False,0
38025,Dunn,North Dakota,False,False,False,False,False,False,False,False,0
38027,Eddy,North Dakota,False,False,False,False,False,False,False,False,0
38029,Emmons,North Dakota,False,False,False,False,False,False,False,False,0
38031,Foster,North Dakota,False,False,False,False,False,False,False,False,0
38033,Golden Valley,North Dakota,False,False,False,False,False,False,False,False,0
38035,Grand Forks,North Dakota,False,False,False,True,True,True,True,True,1980
38037,Grant,North Dakota,False,False,False,False,False,False,False,False,0
38039,Griggs,North Dakota,False,False,False,False,False,False,False,False,0
38041,Hettinger,North Dakota,False,False,False,False,False,False,False,False,0
38043,Kidder,North Dakota,False,False,False,False,False,False,False,False,0
38045,LaMoure,North Dakota,False,False,False,False,False,False,False,False,0
38047,Logan,North Dakota,False,False,False,False,False,False,False,False,0
38049,McHenry,North Dakota,False,False,False,False,False,False,False,True,2020
38051,McIntosh,North Dakota,False,False,False,False,False,False,False,False,0
38053,McKenzie,North Dakota,False,False,False,False,False,False,False,False,0
38055,McLean,North Dakota,False,False,False,False,False,False,False,False,0
38057,Mercer,North Dakota,False,False,False,False,False,False,False,False,0
38059,Morton,North Dakota,False,False,False,True,True,True,True,True,1980
38061,Mountrail,North Dakota,False,False,False,False,False,False,False,False,0
38063,Nelson,North Dakota,False,False,False,False,False,False,False,False,0
38065,Oliver,North Dakota,False,False,False,False,False,False,True,True,2010
38067,Pembina,North Dakota,False,False,False,False,False,False,False,False,0
38069,Pierce,North Dakota,False,False,False,False,False,False,False,False,0
38071,Ramsey,North Dakota,False,False,False,False,False,False,False,False,0
38073,Ransom,North Dakota,False,False,False,False,False,False,False,False,0
38075,Renville,North Dakota,False,False,False,False,False,False,False,True,2020
38077,Richland,North Dakota,False,False,False,False,False,False,False,False,0
38079,Rolette,North Dakota,False,False,False,False,False,False,False,False,0
38081,Sargent,North Dakota,False,False,False,False,False,False,False,False,0
38083,Sheridan,North Dakota,False,False,False,False,False,False,False,False,0
38085,Sioux,North Dakota,False,False,False,False,False,False,True,False,2010
38087,Slope,North Dakota,False,False,False,False,False,False,False,False,0
38089,Stark,North Dakota,False,False,False,False,False,False,False,False,0
38091,Steele,North Dakota,False,False,False,False,False,False,False,False,0
38093,Stutsman,North Dakota,False,False,False,False,False,False,False,False,0
38095,Towner,North Dakota,False,False,False,False,False,False,False,False,0
38097,Traill,North Dakota,False,False,False,False,False,False,False,False,0
38099,Walsh,North Dakota,False,False,False,False,False,False,False,False,0
38101,Ward,North Dakota,False,False,False,False,False,False,False,True,2020
38103,Wells,North Dakota,False,False,False,False,False,False,False,False,0
38105,Williams,North Dakota,False,False,False,False,False,False,False,False,0
39001,Adams,Ohio,False,False,False,False,False,False,False,False,0
39003,Allen,Ohio,True,True,True,True,True,True,True,True,1950
39005,Ashland,Ohio,False,False,False,False,False,False,False,False,0
39007,Ashtabula,Ohio,False,False,False,False,True,True,False,True,1990
39009,Athens,Ohio,False,False,False,False,False,False,False,False,0
39011,Auglaize,Ohio,False,False,True,True,True,True,False,False,1970
39013,Belmont,Ohio,True,True,True,True,True,True,True,True,1950
39015,Brown,Ohio,False,False,False,False,True,True,True,True,1990
39017,Butler,Ohio,True,True,True,True,True,True,True,True,1950
39019,Carroll,Ohio,False,False,True,True,True,True,True,True,1970
39021,Champaign,Ohio,False,False,True,False,False,False,False,False,1970
39023,Clark,Ohio,True,True,True,True,True,True,True,True,1950
39025,Clermont,Ohio,False,False,True,True,True,True,True,True,1970
39027,Clinton,Ohio,False,False,False,False,False,False,False,False,0
39029,Columbiana,Ohio,False,False,False,False,True,True,False,False,1990
39031,Coshocton,Ohio,False,False,False,False,False,False,False,False,0
39033,Crawford,Ohio,False,False,False,False,True,True,False,False,1990
39035,Cuyahoga,Ohio,True,True,True,True,True,True,True,True,1950
39037,Darke,Ohio,False,False,False,False,False,False,False,False,0
39039,Defiance,Ohio,False,False,False,False,False,False,False,False,0
39041,Delaware,Ohio,False,False,True,True,True,True,True,True,1970
39043,Erie,Ohio,False,False,False,False,False,False,False,True,2020
39045,Fairfield,Ohio,False,False,True,True,True,True,True,True,1970
39047,Fayette,Ohio,False,False,False,False,False,False,False,False,0
39049,Franklin,Ohio,True,True,True,True,True,True,True,True,1950
39051,Fulton,Ohio,False,False,True,True,True,True,True,True,1970
39053,Gallia,Ohio,False,False,False,False,False,False,False,False,0
39055,Geauga,Ohio,False,False,True,True,True,True,True,True,1970
39057,Greene,Ohio,True,True,True,True,True,True,True,True,1950
39059,Guernsey,Ohio,False,False,False,False,False,False,False,False,0
39061,Hamilton,Ohio,True,True,True,True,True,True,True,True,1950
39063,Hancock,Ohio,False,False,False,False,False,False,False,False,0
39065,Hardin,Ohio,False,False,False,False,False,False,False,False,0
39067,Harrison,Ohio,False,False,False,False,False,False,False,False,0
39069,Henry,Ohio,False,False,False,False,False,False,False,False,0
39071,Highland,Ohio,False,False,False,False,False,False,False,False,0
39073,Hocking,Ohio,False,False,False,False,False,False,True,True,2010
39075,Holmes,Ohio,False,False,False,False,False,False,False,False,0
39077,Huron,Ohio,False,False,False,False,False,False,False,False,0
39079,Jackson,Ohio,False,False,False,False,False,False,False,False,0
39081,Jefferson,Ohio,True,True,True,True,True,True,True,True,1950
39083,Knox,Ohio,False,False,False,False,False,False,False,False,0
39085,Lake,Ohio,True,True,True,True,True,True,True,True,1950
39087,Lawrence,Ohio,True,True,True,True,True,True,True,True,1950
39089,Licking,Ohio,False,False,False,True,True,True,True,True,1980
39091,Logan,Ohio,False,False,False,False,False,False,False,False,0
39093,Lorain,Ohio,True,True,True,True,True,True,True,True,1950
39095,Lucas,Ohio,True,True,True,True,True,True,True,True,1950
39097,Madison,Ohio,False,False,True,True,True,True,True,True,1970
39099,Mahoning,Ohio,True,True,True,True,True,True,True,True,1950
39101,Marion,Ohio,False,False,False,False,False,False,False,False,0
39103,Medina,Ohio,False,False,True,True,True,True,True,True,1970
39105,Meigs,Ohio,False,False,False,False,False,False,False,False,0
39107,Mercer,Ohio,False,False,False,False,False,False,False,False,0
39109,Miami,Ohio,False,True,True,True,True,True,True,True,1960
39111,Monroe,Ohio,False,False,False,False,False,False,False,False,0
39113,Montgomery,Ohio,True,True,True,True,True,True,True,True,1950
39115,Morgan,Ohio,False,False,False,False,False,False,False,False,0
39117,Morrow,Ohio,False,False,False,False,False,False,True,True,2010
39119,Muskingum,Ohio,False,False,False,False,False,False,False,False,0
39121,Noble,Ohio,False,False,False,False,False,False,False,False,0
39123,Ottawa,Ohio,False,False,True,False,False,False,False,True,1970
39125,Paulding,Ohio,False,False,False,False,False,False,False,False,0
39127,Perry,Ohio,False,False,False,False,False,False,True,True,2010
39129,Pickaway,Ohio,False,False,True,True,True,True,True,True,1970
39131,Pike,Ohio,False,False,False,False,False,False,False,False,0
39133,Portage,Ohio,False,False,True,True,True,True,True,True,1970
39135,Preble,Ohio,False,False,True,False,False,False,False,False,1970
39137,Putnam,Ohio,False,False,True,False,False,False,False,False,1970
39139,Richland,Ohio,False,False,True,True,True,True,True,True,1970
39141,Ross,Ohio,False,False,False,False,False,False,False,False,0
39143,Sandusky,Ohio,False,False,False,False,False,False,False,False,0
39145,Scioto,Ohio,False,False,False,False,False,False,False,False,0
39147,Seneca,Ohio,False,False,False,False,False,False,False,False,0
39149,Shelby,Ohio,False,False,False,False,False,False,False,False,0
39151,Stark,Ohio,True,True,True,True,True,True,True,True,1950
39153,Summit,Ohio,True,True,True,True,True,True,True,True,1950
39155,Trumbull,Ohio,True,True,True,True,True,True,True,True,1950
39157,Tuscarawas,Ohio,False,False,False,False,False,False,False,False,0
39159,Union,Ohio,False,False,False,True,False,False,True,True,1980
39161,Van Wert,Ohio,False,False,True,False,False,False,False,False,1970
39163,Vinton,Ohio,False,False,False,False,False,False,False,False,0
39165,Warren,Ohio,False,False,True,True,True,True,True,True,1970
39167,Washington,Ohio,False,False,True,True,True,True,False,False,1970
39169,Wayne,Ohio,False,False,False,False,False,False,False,False,0
39171,Williams,Ohio,False,False,False,False,False,False,False,False,0
39173,Wood,Ohio,False,False,True,True,True,True,True,True,1970
39175,Wyandot,Ohio,False,False,False,False,False,False,False,False,0
40001,Adair,Oklahoma,False,False,False,False,False,False,False,False,0
40003,Alfalfa,Oklahoma,False,False,False,False,False,False,False,False,0
40005,Atoka,Oklahoma,False,False,False,False,False,False,False,False,0
40007,Beaver,Oklahoma,False,False,False,False,False,False,False,False,0
40009,Beckham,Oklahoma,False,False,False,False,False,False,False,False,0
40011,Blaine,Oklahoma,False,False,False,False,False,False,False,False,0
40013,Bryan,Oklahoma,False,False,False,False,False,False,False,False,0
40015,Caddo,Oklahoma,False,False,False,False,False,False,False,False,0
40017,Canadian,Oklahoma,False,True,True,True,True,True,True,True,1960
40019,Carter,Oklahoma,False,False,False,False,False,False,False,False,0
40021,Cherokee,Oklahoma,False,False,False,False,False,False,False,False,0
40023,Choctaw,Oklahoma,False,False,False,False,False,False,False,False,0
40025,Cimarron,Oklahoma,False,False,False,False,False,False,False,False,0
40027,Cleveland,Oklahoma,False,True,True,True,True,True,True,True,1960
40029,Coal,Oklahoma,False,False,False,False,False,False,False,False,0
40031,Comanche,Oklahoma,False,True,True,True,True,True,True,True,1960
40033,Cotton,Oklahoma,False,False,False,False,False,False,True,True,2010
40035,Craig,Oklahoma,False,False,False,False,False,False,False,False,0
40037,Creek,Oklahoma,False,True,True,True,True,True,True,True,1960
40039,Custer,Oklahoma,False,False,False,False,False,False,False,False,0
40041,Delaware,Oklahoma,False,False,False,False,False,False,False,False,0
40043,Dewey,Oklahoma,False,False,False,False,False,False,False,False,0
40045,Ellis,Oklahoma,False,False,False,False,False,False,False,False,0
40047,Garfield,Oklahoma,False,False,False,True,True,True,False,True,1980
40049,Garvin,Oklahoma,False,False,False,False,False,False,False,False,0
40051,Grady,Oklahoma,False,False,False,False,False,False,True,True,2010
40053,Grant,Oklahoma,False,False,False,False,False,False,False,False,0
40055,Greer,Oklahoma,False,False,False,False,False,False,False,False,0
40057,Harmon,Oklahoma,False,False,False,False,False,False,False,False,0
40059,Harper,Oklahoma,False,False,False,False,False,False,False,False,0
40061,Haskell,Oklahoma,False,False,False,False,False,False,False,False,0
40063,Hughes,Oklahoma,False,False,False,False,False,False,False,False,0
40065,Jackson,Oklahoma,False,False,False,False,False,False,False,False,0
40067,Jefferson,Oklahoma,False,False,False,False,False,False,False,False,0
40069,Johnston,Oklahoma,False,False,False,False,False,False,False,False,0
40071,Kay,Oklahoma,False,False,False,False,False,False,False,False,0
40073,Kingfisher,Oklahoma,False,False,False,False,False,False,False,False,0
40075,Kiowa,Oklahoma,False,False,False,False,False,False,False,False,0
40077,Latimer,Oklahoma,False,False,False,False,False,False,False,False,0
40079,Le Flore,Oklahoma,False,False,True,False,False,False,True,False,1970
40081,Lincoln,Oklahoma,False,False,False,False,False,False,True,True,2010
40083,Logan,Oklahoma,False,False,False,True,True,True,True,True,1980
40085,Love,Oklahoma,False,False,False,False,False,False,False,False,0
40087,McClain,Oklahoma,False,False,True,True,True,True,True,True,1970
40089,McCurtain,Oklahoma,False,False,False,False,False,False,False,False,0
40091,McIntosh,Oklahoma,False,False,False,False,False,False,False,False,0
40093,Major,Oklahoma,False,False,False,False,False,False,False,False,0
40095,Marshall,Oklahoma,False,False,False,False,False,False,False,False,0
40097,Mayes,Oklahoma,False,False,True,False,False,False,False,False,1970
40099,Murray,Oklahoma,False,False,False,False,False,False,False,False,0
40101,Muskogee,Oklahoma,False,False,False,False,False,False,False,False,0
40103,Noble,Oklahoma,False,False,False,False,False,False,False,False,0
40105,Nowata,Oklahoma,False,False,False,False,False,False,False,False,0
40107,Okfuskee,Oklahoma,False,False,False,False,False,False,False,False,0
40109,Oklahoma,Oklahoma,True,True,True,True,True,True,True,True,1950
40111,Okmulgee,Oklahoma,False,False,False,False,False,False,True,True,2010
40113,Osage,Oklahoma,False,True,True,True,True,True,True,True,1960
40115,Ottawa,Oklahoma,False,False,False,False,False,False,False,False,0
40117,Pawnee,Oklahoma,False,False,False,False,False,False,True,True,2010
40119,Payne,Oklahoma,False,False,False,False,False,False,False,False,0
40121,Pittsburg,Oklahoma,False,False,False,False,False,False,False,False,0
40123,Pontotoc,Oklahoma,False,False,False,False,False,False,False,False,0
40125,Pottawatomie,Oklahoma,False,False,True,True,True,True,False,False,1970
40127,Pushmataha,Oklahoma,False,False,False,False,False,False,False,False,0
40129,Roger Mills,Oklahoma,False,False,False,False,False,False,False,False,0
40131,Rogers,Oklahoma,False,False,True,True,True,True,True,True,1970
40133,Seminole,Oklahoma,False,False,False,False,False,False,False,False,0
40135,Sequoyah,Oklahoma,False,False,True,True,True,True,True,True,1970
40137,Stephens,Oklahoma,False,False,False,False,False,False,False,False,0
40139,Texas,Oklahoma,False,False,False,False,False,False,False,False,0
40141,Tillman,Oklahoma,False,False,False,False,False,False,False,False,0
40143,Tulsa,Oklahoma,True,True,True,True,True,True,True,True,1950
40145,Wagoner,Oklahoma,False,False,True,True,True,True,True,True,1970
40147,Washington,Oklahoma,False,False,False,False,False,False,False,False,0
40149,Washita,Oklahoma,False,False,False,False,False,False,False,False,0
40151,Woods,Oklahoma,False,False,False,False,False,False,False,False,0
40153,Woodward,Oklahoma,False,False,False,False,False,False,False,False,0
41001,Baker,Oregon,False,False,False,False,False,False,False,False,0
41003,Benton,Oregon,False,False,False,False,False,True,True,True,2000
41005,Clackamas,Oregon,True,True,True,True,True,True,True,True,1950
41007,Clatsop,Oregon,False,False,False,False,False,False,False,False,0
41009,Columbia,Oregon,False,False,False,False,True,True,True,True,1990
41011,Coos,Oregon,False,False,False,False,False,False,False,False,0
41013,Crook,Oregon,False,False,False,False,False,False,False,True,2020
41015,Curry,Oregon,False,False,False,False,False,False,False,False,0
41017,Deschutes,Oregon,False,False,False,False,False,False,True,True,2010
41019,Douglas,Oregon,False,False,False,False,False,False,False,False,0
41021,Gilliam,Oregon,False,False,False,False,False,False,False,False,0
41023,Grant,Oregon,False,False,False,False,False,False,False,False,0
41025,Harney,Oregon,False,False,False,False,False,False,False,False,0
41027,Hood River,Oregon,False,False,False,False,False,False,False,False,0
41029,Jackson,Oregon,False,False,False,True,True,True,True,True,1980
41031,Jefferson,Oregon,False,False,False,False,False,False,False,True,2020
41033,Josephine,Oregon,False,False,False,False,False,False,True,True,2010
41035,Klamath,Oregon,False,False,False,False,False,False,False,False,0
41037,Lake,Oregon,False,False,False,False,False,False,False,False,0
41039,Lane,Oregon,False,True,True,True,True,True,True,True,1960
41041,Lincoln,Oregon,False,False,False,False,False,False,False,False,0
41043,Linn,Oregon,False,False,False,False,False,False,True,True,2010
41045,Malheur,Oregon,False,False,False,False,False,False,False,False,0
41047,Marion,Oregon,False,False,True,True,True,True,True,True,1970
41049,Morrow,Oregon,False,False,False,False,False,False,False,False,0
41051,Multnomah,Oregon,True,True,True,True,True,True,True,True,1950
41053,Polk,Oregon,False,False,True,True,True,True,True,True,1970
41055,Sherman,Oregon,False,False,False,False,False,False,False,False,0
41057,Tillamook,Oregon,False,False,False,False,False,False,False,False,0
41059,Umatilla,Oregon,False,False,False,False,False,False,False,False,0
41061,Union,Oregon,False,False,False,False,False,False,False,False,0
41063,Wallowa,Oregon,False,False,False,False,False,False,False,False,0
41065,Wasco,Oregon,False,False,False,False,False,False,False,False,0
41067,Washington,Oregon,True,True,True,True,True,True,True,True,1950
41069,Wheeler,Oregon,False,False,False,False,False,False,False,False,0
41071,Yamhill,Oregon,False,False,False,True,True,True,True,True,1980
42001,Adams,Pennsylvania,False,False,True,True,False,False,True,True,1970
42003,Allegheny,Pennsylvania,True,True,True,True,True,True,True,True,1950
42005,Armstrong,Pennsylvania,False,False,False,False,False,False,True,True,2010
42007,Beaver,Pennsylvania,True,True,True,True,True,True,True,True,1950
42009,Bedford,Pennsylvania,False,False,False,False,False,False,False,False,0
42011,Berks,Pennsylvania,True,True,True,True,True,True,True,True,1950
42013,Blair,Pennsylvania,True,True,True,True,True,True,True,True,1950
42015,Bradford,Pennsylvania,False,False,False,False,False,False,False,False,0
42017,Bucks,Pennsylvania,True,True,True,True,True,True,True,True,1950
42019,Butler,Pennsylvania,False,False,False,False,True,True,True,True,1990
42021,Cambria,Pennsylvania,True,True,True,True,True,True,True,True,1950
42023,Cameron,Pennsylvania,False,False,False,False,False,False,False,False,0
42025,Carbon,Pennsylvania,False,False,True,True,True,True,True,True,1970
42027,Centre,Pennsylvania,False,False,False,True,True,True,True,True,1980
42029,Chester,Pennsylvania,True,True,True,True,True,True,True,True,1950
42031,Clarion,Pennsylvania,False,False,False,False,False,False,False,False,0
42033,Clearfield,Pennsylvania,False,False,False,False,False,False,False,False,0
42035,Clinton,Pennsylvania,False,False,False,False,False,False,False,False,0
42037,Columbia,Pennsylvania,False,False,False,True,True,True,True,False,1980
42039,Crawford,Pennsylvania,False,False,False,False,False,False,False,False,0
42041,Cumberland,Pennsylvania,True,True,True,True,True,True,True,True,1950
42043,Dauphin,Pennsylvania,True,True,True,True,True,True,True,True,1950
42045,Delaware,Pennsylvania,True,True,True,True,True,True,True,True,1950
42047,Elk,Pennsylvania,False,False,False,False,False,False,False,False,0
42049,Erie,Pennsylvania,True,True,True,True,True,True,True,True,1950
42051,Fayette,Pennsylvania,False,False,False,True,True,True,True,True,1980
42053,Forest,Pennsylvania,False,False,False,False,False,False,False,False,0
42055,Franklin,Pennsylvania,False,False,False,False,False,False,True,True,2010
42057,Fulton,Pennsylvania,False,False,False,False,False,False,False,False,0
42059,Greene,Pennsylvania,False,False,False,False,False,False,False,False,0
42061,Huntingdon,Pennsylvania,False,False,False,False,False,False,False,False,0
42063,Indiana,Pennsylvania,False,False,False,False,False,False,False,False,0
42065,Jefferson,Pennsylvania,False,False,False,False,False,False,False,False,0
42067,Juniata,Pennsylvania,False,False,False,False,False,False,False,False,0
42069,Lackawanna,Pennsylvania,True,True,True,True,True,True,True,True,1950
42071,Lancaster,Pennsylvania,True,True,True,True,True,True,True,True,1950
42073,Lawrence,Pennsylvania,False,False,False,False,False,False,False,True,2020
42075,Lebanon,Pennsylvania,False,False,False,True,True,True,True,True,1980
42077,Lehigh,Pennsylvania,True,True,True,True,True,True,True,True,1950
42079,Luzerne,Pennsylvania,True,True,True,True,True,True,True,True,1950
42081,Lycoming,Pennsylvania,False,False,True,True,True,True,True,True,1970
42083,McKean,Pennsylvania,False,False,False,False,False,False,False,False,0
42085,Mercer,Pennsylvania,True,False,False,True,True,True,True,False,1950
42087,Mifflin,Pennsylvania,False,False,False,False,False,False,False,False,0
42089,Monroe,Pennsylvania,False,False,True,True,False,False,True,False,1970
42091,Montgomery,Pennsylvania,True,True,True,True,True,True,True,True,1950
42093,Montour,Pennsylvania,False,False,False,False,False,False,True,False,2010
42095,Northampton,Pennsylvania,True,True,True,True,True,True,True,True,1950
42097,Northumberland,Pennsylvania,False,False,False,False,False,False,False,False,0
42099,Perry,Pennsylvania,False,False,True,True,True,True,True,True,1970
42101,Philadelphia,Pennsylvania,True,True,True,True,True,True,True,True,1950
42103,Pike,Pennsylvania,False,False,False,False,True,True,True,False,1990
42105,Potter,Pennsylvania,False,False,False,False,False,False,False,False,0
42107,Schuylkill,Pennsylvania,False,False,False,False,False,False,False,False,0
42109,Snyder,Pennsylvania,False,False,False,False,False,False,False,False,0
42111,Somerset,Pennsylvania,True,True,True,True,True,True,False,False,1950
42113,Sullivan,Pennsylvania,False,False,False,False,False,False,False,False,0
42115,Susquehanna,Pennsylvania,False,False,True,False,False,False,False,False,1970
42117,Tioga,Pennsylvania,False,False,False,False,False,False,False,False,0
42119,Union,Pennsylvania,False,False,False,False,False,False,False,False,0
42121,Venango,Pennsylvania,False,False,False,False,False,False,False,False,0
42123,Warren,Pennsylvania,False,False,False,False,False,False,False,False,0
42125,Washington,Pennsylvania,True,True,True,True,True,True,True,True,1950
42127,Wayne,Pennsylvania,False,False,False,False,False,False,False,False,0
42129,Westmoreland,Pennsylvania,True,True,True,True,True,True,True,True,1950
42131,Wyoming,Pennsylvania,False,False,False,True,True,True,True,True,1980
42133,York,Pennsylvania,True,True,True,True,True,True,True,True,1950
44001,Bristol,Rhode Island,True,True,True,True,True,True,True,True,1950
44003,Kent,Rhode Island,True,True,True,True,True,True,True,True,1950
44005,Newport,Rhode Island,True,True,True,True,True,True,True,True,1950
44007,Providence,Rhode Island,True,True,True,True,True,True,True,True,1950
44009,Washington,Rhode Island,True,True,True,True,True,True,True,True,1950
45001,Abbeville,South Carolina,False,False,False,False,False,False,False,False,0
45003,Aiken,South Carolina,True,True,True,True,True,True,True,True,1950
45005,Allendale,South Carolina,False,False,False,False,False,False,False,False,0
45007,Anderson,South Carolina,False,False,False,True,True,True,True,True,1980
45009,Bamberg,South Carolina,False,False,False,False,False,False,False,False,0
45011,Barnwell,South Carolina,False,False,False,False,False,False,False,False,0
45013,Beaufort,South Carolina,False,False,False,False,False,False,True,True,2010
45015,Berkeley,South Carolina,False,False,True,True,True,True,True,True,1970
45017,Calhoun,South Carolina,False,False,False,False,False,False,True,True,2010
45019,Charleston,South Carolina,True,True,True,True,True,True,True,True,1950
45021,Cherokee,South Carolina,False,False,False,False,True,True,False,False,1990
45023,Chester,South Carolina,False,False,False,False,False,False,True,True,2010
45025,Chesterfield,South Carolina,False,False,False,False,False,False,False,False,0
45027,Clarendon,South Carolina,False,False,False,False,False,False,False,False,0
45029,Colleton,South Carolina,False,False,False,False,False,False,False,False,0
45031,Darlington,South Carolina,False,False,False,False,False,False,True,True,2010
45033,Dillon,South Carolina,False,False,False,False,False,False,False,False,0
45035,Dorchester,South Carolina,False,False,True,True,True,True,True,True,1970
45037,Edgefield,South Carolina,False,False,False,False,True,True,True,True,1990
45039,Fairfield,South Carolina,False,False,False,False,False,False,True,True,2010
45041,Florence,South Carolina,False,False,False,True,True,True,True,True,1980
45043,Georgetown,South Carolina,False,False,False,False,False,False,False,False,0
45045,Greenville,South Carolina,True,True,True,True,True,True,True,True,1950
45047,Greenwood,South Carolina,False,False,False,False,False,False,False,False,0
45049,Hampton,South Carolina,False,False,False,False,False,False,False,False,0
45051,Horry,South Carolina,False,False,False,False,True,True,True,True,1990
45053,Jasper,South Carolina,False,False,False,False,False,False,True,True,2010
45055,Kershaw,South Carolina,False,False,False,False,False,False,True,True,2010
45057,Lancaster,South Carolina,False,False,False,False,False,False,True,True,2010
45059,Laurens,South Carolina,False,False,False,False,False,False,True,True,2010
45061,Lee,South Carolina,False,False,False,False,False,False,False,False,0
45063,Lexington,South Carolina,False,True,True,True,True,True,True,True,1960
45065,McCormick,South Carolina,False,False,False,False,False,False,False,False,0
45067,Marion,South Carolina,False,False,False,False,False,False,False,False,0
45069,Marlboro,South Carolina,False,False,False,False,False,False,False,False,0
45071,Newberry,South Carolina,False,False,False,False,False,False,False,False,0
45073,Oconee,South Carolina,False,False,False,False,False,False,False,False,0
45075,Orangeburg,South Carolina,False,False,False,False,False,False,False,False,0
45077,Pickens,South Carolina,False,False,True,True,True,True,True,True,1970
45079,Richland,South Carolina,True,True,True,True,True,True,True,True,1950
45081,Saluda,South Carolina,False,False,False,False,False,False,True,True,2010
45083,Spartanburg,South Carolina,False,False,True,True,True,True,True,True,1970
45085,Sumter,South Carolina,False,False,False,False,True,True,True,True,1990
45087,Union,South Carolina,False,False,False,False,False,False,True,True,2010
45089,Williamsburg,South Carolina,False,False,False,False,False,False,False,False,0
45091,York,South Carolina,False,False,False,True,True,True,True,True,1980
46001,Armstrong,South Dakota,False,False,False,False,False,False,False,False,0
46003,Aurora,South Dakota,False,False,False,False,False,False,False,False,0
46005,Beadle,South Dakota,False,False,False,False,False,False,False,False,0
46007,Bennett,South Dakota,False,False,False,False,False,False,False,False,0
46009,Bon Homme,South Dakota,False,False,False,False,False,False,False,False,0
46011,Brookings,South Dakota,False,False,False,False,False,False,False,False,0
46013,Brown,South Dakota,False,False,False,False,False,False,False,False,0
46015,Brule,South Dakota,False,False,False,False,False,False,False,False,0
46017,Buffalo,South Dakota,False,False,False,False,False,False,False,False,0
46019,Butte,South Dakota,False,False,False,False,False,False,False,False,0
46021,Campbell,South Dakota,False,False,False,False,False,False,False,False,0
46023,Charles Mix,South Dakota,False,False,False,False,False,False,False,False,0
46025,Clark,South Dakota,False,False,False,False,False,False,False,False,0
46027,Clay,South Dakota,False,False,False,False,False,False,False,False,0
46029,Codington,South Dakota,False,False,False,False,False,False,False,False,0
46031,Corson,South Dakota,False,False,False,False,False,False,False,False,0
46033,Custer,South Dakota,False,False,False,False,False,False,True,True,2010
46035,Davison,South Dakota,False,False,False,False,False,False,False,False,0
46037,Day,South Dakota,False,False,False,False,False,False,False,False,0
46039,Deuel,South Dakota,False,False,False,False,False,False,False,False,0
46041,Dewey,South Dakota,False,False,False,False,False,False,False,False,0
46043,Douglas,South Dakota,False,False,False,False,False,False,False,False,0
46045,Edmunds,South Dakota,False,False,False,False,False,False,False,False,0
46047,Fall River,South Dakota,False,False,False,False,False,False,False,False,0
46049,Faulk,South Dakota,False,False,False,False,False,False,False,False,0
46051,Grant,South Dakota,False,False,False,False,False,False,False,False,0
46053,Gregory,South Dakota,False,False,False,False,False,False,False,False,0
46055,Haakon,South Dakota,False,False,False,False,False,False,False,False,0
46057,Hamlin,South Dakota,False,False,False,False,False,False,False,False,0
46059,Hand,South Dakota,False,False,False,False,False,False,False,False,0
46061,Hanson,South Dakota,False,False,False,False,False,False,False,False,0
46063,Harding,South Dakota,False,False,False,False,False,False,False,False,0
46065,Hughes,South Dakota,False,False,False,False,False,False,False,False,0
46067,Hutchinson,South Dakota,False,False,False,False,False,False,False,False,0
46069,Hyde,South Dakota,False,False,False,False,False,False,False,False,0
46071,Jackson,South Dakota,False,False,False,False,False,False,False,False,0
46073,Jerauld,South Dakota,False,False,False,False,False,False,False,False,0
46075,Jones,South Dakota,False,False,False,False,False,False,False,False,0
46077,Kingsbury,South Dakota,False,False,False,False,False,False,False,False,0
46079,Lake,South Dakota,False,False,False,False,False,False,False,False,0
46081,Lawrence,South Dakota,False,False,False,False,False,False,False,False,0
46083,Lincoln,South Dakota,False,False,False,False,True,True,True,True,1990
46085,Lyman,South Dakota,False,False,False,False,False,False,False,False,0
46087,McCook,South Dakota,False,False,False,False,False,False,True,True,2010
46089,McPherson,South Dakota,False,False,False,False,False,False,False,False,0
46091,Marshall,South Dakota,False,False,False,False,False,False,False,False,0
46093,Meade,South Dakota,False,False,False,False,False,False,True,True,2010
46095,Mellette,South Dakota,False,False,False,False,False,False,False,False,0
46097,Miner,South Dakota,False,False,False,False,False,False,False,False,0
46099,Minnehaha,South Dakota,True,True,True,True,True,True,True,True,1950
46101,Moody,South Dakota,False,False,False,False,False,False,False,False,0
46102,Oglala Lakota County,South Dakota,False,False,False,False,False,False,False,False,0
46103,Pennington,South Dakota,False,False,False,False,True,True,True,True,1990
46105,Perkins,South Dakota,False,False,False,False,False,False,False,False,0
46107,Potter,South Dakota,False,False,False,False,False,False,False,False,0
46109,Roberts,South Dakota,False,False,False,False,False,False,False,False,0
46111,Sanborn,South Dakota,False,False,False,False,False,False,False,False,0
46113,Shannon,South Dakota,False,False,False,False,False,False,False,False,0
46115,Spink,South Dakota,False,False,False,False,False,False,False,False,0
46117,Stanley,South Dakota,False,False,False,False,False,False,False,False,0
46119,Sully,South Dakota,False,False,False,False,False,False,False,False,0
46121,Todd,South Dakota,False,False,False,False,False,False,False,False,0
46123,Tripp,South Dakota,False,False,False,False,False,False,False,False,0
46125,Turner,South Dakota,False,False,False,False,False,False,True,True,2010
46127,Union,South Dakota,False,False,False,False,False,False,True,True,2010
46129,Walworth,South Dakota,False,False,False,False,False,False,False,False,0
46131,Washabaugh,South Dakota,False,False,False,False,False,False,False,False,0
46135,Yankton,South Dakota,False,False,False,False,False,False,False,False,0
46137,Ziebach,South Dakota,False,False,False,False,False,False,False,False,0
47001,Anderson,Tennessee,True,True,True,True,True,True,True,True,1950
47003,Bedford,Tennessee,False,False,False,False,False,False,False,False,0
47005,Benton,Tennessee,False,False,False,False,False,False,False,False,0
47007,Bledsoe,Tennessee,False,False,False,False,False,False,False,False,0
47009,Blount,Tennessee,True,True,True,True,True,True,True,True,1950
47011,Bradley,Tennessee,False,False,False,False,False,False,True,True,2010
47013,Campbell,Tennessee,False,False,False,False,False,False,True,True,2010
47015,Cannon,Tennessee,False,False,False,False,False,False,True,True,2010
47017,Carroll,Tennessee,False,False,False,False,False,False,False,False,0
47019,Carter,Tennessee,False,False,False,True,True,True,True,True,1980
47021,Cheatham,Tennessee,False,False,True,True,True,True,True,True,1970
47023,Chester,Tennessee,False,False,False,False,False,True,True,True,2000
47025,Claiborne,Tennessee,False,False,False,False,False,False,False,False,0
47027,Clay,Tennessee,False,False,False,False,False,False,False,False,0
47029,Cocke,Tennessee,False,False,False,False,False,False,False,False,0
47031,Coffee,Tennessee,False,False,False,False,False,False,False,False,0
47033,Crockett,Tennessee,False,False,False,False,False,False,True,True,2010
47035,Cumberland,Tennessee,False,False,False,False,False,False,False,False,0
47037,Davidson,Tennessee,True,True,True,True,True,True,True,True,1950
47039,Decatur,Tennessee,False,False,False,False,False,False,False,False,0
47041,DeKalb,Tennessee,False,False,False,False,False,False,False,False,0
47043,Dickson,Tennessee,False,False,True,True,True,True,True,True,1970
47045,Dyer,Tennessee,False,False,False,False,False,False,False,False,0
47047,Fayette,Tennessee,False,False,False,False,True,True,True,True,1990
47049,Fentress,Tennessee,False,False,False,False,False,False,False,False,0
47051,Franklin,Tennessee,False,False,False,False,False,False,False,False,0
47053,Gibson,Tennessee,False,False,False,False,False,False,False,True,2020
47055,Giles,Tennessee,False,False,False,False,False,False,False,False,0
47057,Grainger,Tennessee,False,False,False,True,False,False,True,True,1980
47059,Greene,Tennessee,False,False,False,False,False,False,False,False,0
47061,Grundy,Tennessee,False,False,False,False,False,False,False,False,0
47063,Hamblen,Tennessee,False,False,False,False,False,False,True,True,2010
47065,Hamilton,Tennessee,True,True,True,True,True,True,True,True,1950
47067,Hancock,Tennessee,False,False,False,False,False,False,False,False,0
47069,Hardeman,Tennessee,False,False,False,False,False,False,False,False,0
47071,Hardin,Tennessee,False,False,False,False,False,False,False,False,0
47073,Hawkins,Tennessee,False,False,True,True,True,True,True,True,1970
47075,Haywood,Tennessee,False,False,False,False,False,False,False,False,0
47077,Henderson,Tennessee,False,False,False,False,False,False,False,False,0
47079,Henry,Tennessee,False,False,False,False,False,False,False,False,0
47081,Hickman,Tennessee,False,False,False,False,False,False,True,True,2010
47083,Houston,Tennessee,False,False,False,False,False,False,False,False,0
47085,Humphreys,Tennessee,False,False,False,False,False,False,False,False,0
47087,Jackson,Tennessee,False,False,False,False,False,False,False,False,0
47089,Jefferson,Tennessee,False,False,False,True,False,False,True,True,1980
47091,Johnson,Tennessee,False,False,False,False,False,False,False,False,0
47093,Knox,Tennessee,True,True,True,True,True,True,True,True,1950
47095,Lake,Tennessee,False,False,False,False,False,False,False,False,0
47097,Lauderdale,Tennessee,False,False,False,False,False,False,False,False,0
47099,Lawrence,Tennessee,False,False,False,False,False,False,False,False,0
47101,Lewis,Tennessee,False,False,False,False,False,False,False,False,0
47103,Lincoln,Tennessee,False,False,False,False,False,False,False,False,0
47105,Loudon,Tennessee,False,False,False,False,True,True,True,True,1990
47107,McMinn,Tennessee,False,False,False,False,False,False,False,False,0
47109,McNairy,Tennessee,False,False,False,False,False,False,False,False,0
47111,Macon,Tennessee,False,False,False,False,False,False,True,True,2010
47113,Madison,Tennessee,False,False,False,False,True,True,True,True,1990
47115,Marion,Tennessee,False,False,True,True,True,True,True,True,1970
47117,Marshall,Tennessee,False,False,False,False,False,False,False,False,0
47119,Maury,Tennessee,False,False,False,False,False,False,True,True,2010
47121,Meigs,Tennessee,False,False,False,False,False,False,False,False,0
47123,Monroe,Tennessee,False,False,False,False,False,False,False,False,0
47125,Montgomery,Tennessee,False,False,False,True,True,True,True,True,1980
47127,Moore,Tennessee,False,False,False,False,False,False,False,False,0
47129,Morgan,Tennessee,False,False,False,False,False,False,True,True,2010
47131,Obion,Tennessee,False,False,False,False,False,False,False,False,0
47133,Overton,Tennessee,False,False,False,False,False,False,False,False,0
47135,Perry,Tennessee,False,False,False,False,False,False,False,False,0
47137,Pickett,Tennessee,False,False,False,False,False,False,False,False,0
47139,Polk,Tennessee,False,False,False,False,False,False,True,True,2010
47141,Putnam,Tennessee,False,False,False,False,False,False,False,False,0
47143,Rhea,Tennessee,False,False,False,False,False,False,False,False,0
47145,Roane,Tennessee,False,False,False,False,False,False,True,True,2010
47147,Robertson,Tennessee,False,False,True,True,True,True,True,True,1970
47149,Rutherford,Tennessee,False,False,True,True,True,True,True,True,1970
47151,Scott,Tennessee,False,False,False,False,False,False,False,False,0
47153,Sequatchie,Tennessee,False,False,True,True,False,False,True,True,1970
47155,Sevier,Tennessee,False,False,False,True,True,True,False,False,1980
47157,Shelby,Tennessee,True,True,True,True,True,True,True,True,1950
47159,Smith,Tennessee,False,False,False,False,False,False,True,True,2010
47161,Stewart,Tennessee,False,False,False,False,False,False,False,True,2020
47163,Sullivan,Tennessee,False,False,True,True,True,True,True,True,1970
47165,Sumner,Tennessee,False,False,True,True,True,True,True,True,1970
47167,Tipton,Tennessee,False,False,True,True,True,True,True,True,1970
47169,Trousdale,Tennessee,False,False,False,False,False,False,True,True,2010
47171,Unicoi,Tennessee,False,False,False,True,True,True,True,True,1980
47173,Union,Tennessee,False,False,True,True,True,True,True,True,1970
47175,Van Buren,Tennessee,False,False,False,False,False,False,False,False,0
47177,Warren,Tennessee,False,False,False,False,False,False,False,False,0
47179,Washington,Tennessee,False,False,False,True,True,True,True,True,1980
47181,Wayne,Tennessee,False,False,False,False,False,False,False,False,0
47183,Weakley,Tennessee,False,False,False,False,False,False,False,False,0
47185,White,Tennessee,False,False,False,False,False,False,False,False,0
47187,Williamson,Tennessee,False,False,True,True,True,True,True,True,1970
47189,Wilson,Tennessee,False,False,True,True,True,True,True,True,1970
48001,Anderson,Texas,False,False,False,False,False,False,False,False,0
48003,Andrews,Texas,False,False,False,False,False,False,False,False,0
48005,Angelina,Texas,False,False,False,False,False,False,False,False,0
48007,Aransas,Texas,False,False,False,False,False,False,True,True,2010
48009,Archer,Texas,False,True,False,False,True,True,True,True,1960
48011,Armstrong,Texas,False,False,False,False,False,False,True,True,2010
48013,Atascosa,Texas,False,False,False,False,False,False,True,True,2010
48015,Austin,Texas,False,False,False,False,False,False,True,True,2010
48017,Bailey,Texas,False,False,False,False,False,False,False,False,0
48019,Bandera,Texas,False,False,False,False,False,False,True,True,2010
48021,Bastrop,Texas,False,False,False,False,True,True,True,True,1990
48023,Baylor,Texas,False,False,False,False,False,False,False,False,0
48025,Bee,Texas,False,False,False,False,False,False,False,False,0
48027,Bell,Texas,False,False,True,True,True,True,True,True,1970
48029,Bexar,Texas,True,True,True,True,True,True,True,True,1950
48031,Blanco,Texas,False,False,False,False,False,False,False,False,0
48033,Borden,Texas,False,False,False,False,False,False,False,False,0
48035,Bosque,Texas,False,False,False,False,False,False,False,True,2020
48037,Bowie,Texas,False,True,True,True,True,True,True,True,1960
48039,Brazoria,Texas,False,False,True,True,True,True,True,True,1970
48041,Brazos,Texas,False,False,True,True,True,True,True,True,1970
48043,Brewster,Texas,False,False,False,False,False,False,False,False,0
48045,Briscoe,Texas,False,False,False,False,False,False,False,False,0
48047,Brooks,Texas,False,False,False,False,False,False,False,False,0
48049,Brown,Texas,False,False,False,False,False,False,False,False,0
48051,Burleson,Texas,False,False,False,False,False,False,True,True,2010
48053,Burnet,Texas,False,False,False,False,False,False,False,False,0
48055,Caldwell,Texas,False,False,False,False,True,True,True,True,1990
48057,Calhoun,Texas,False,False,False,False,False,False,False,False,0
48059,Callahan,Texas,False,False,True,False,False,False,True,True,1970
48061,Cameron,Texas,False,True,True,True,True,True,True,True,1960
48063,Camp,Texas,False,False,False,False,False,False,False,False,0
48065,Carson,Texas,False,False,False,False,False,False,True,True,2010
48067,Cass,Texas,False,False,False,False,False,False,False,False,0
48069,Castro,Texas,False,False,False,False,False,False,False,False,0
48071,Chambers,Texas,False,False,False,False,True,True,True,True,1990
48073,Cherokee,Texas,False,False,False,False,False,False,False,False,0
48075,Childress,Texas,False,False,False,False,False,False,False,False,0
48077,Clay,Texas,False,False,True,False,False,False,True,True,1970
48079,Cochran,Texas,False,False,False,False,False,False,False,True,2020
48081,Coke,Texas,False,False,False,False,False,False,False,False,0
48083,Coleman,Texas,False,False,False,False,False,False,False,False,0
48085,Collin,Texas,False,True,True,True,True,True,True,True,1960
48087,Collingsworth,Texas,False,False,False,False,False,False,False,False,0
48089,Colorado,Texas,False,False,False,False,False,False,False,False,0
48091,Comal,Texas,False,False,True,True,True,True,True,True,1970
48093,Comanche,Texas,False,False,False,False,False,False,False,False,0
48095,Concho,Texas,False,False,False,False,False,False,False,False,0
48097,Cooke,Texas,False,False,False,False,False,False,False,False,0
48099,Coryell,Texas,False,False,True,True,True,True,True,True,1970
48101,Cottle,Texas,False,False,False,False,False,False,False,False,0
48103,Crane,Texas,False,False,False,False,False,False,False,False,0
48105,Crockett,Texas,False,False,False,False,False,False,False,False,0
48107,Crosby,Texas,False,False,False,False,False,False,True,True,2010
48109,Culberson,Texas,False,False,False,False,False,False,False,False,0
48111,Dallam,Texas,False,False,False,False,False,False,False,False,0
48113,Dallas,Texas,True,True,True,True,True,True,True,True,1950
48115,Dawson,Texas,False,False,False,False,False,False,False,False,0
48117,Deaf Smith,Texas,False,False,False,False,False,False,False,False,0
48119,Delta,Texas,False,False,False,False,False,False,False,False,0
48121,Denton,Texas,False,True,True,True,True,True,True,True,1960
48123,DeWitt,Texas,False,False,False,False,False,False,False,False,0
48125,Dickens,Texas,False,False,False,False,False,False,False,False,0
48127,Dimmit,Texas,False,False,False,False,False,False,False,False,0
48129,Donley,Texas,False,False,False,False,False,False,False,False,0
48131,Duval,Texas,False,False,False,False,False,False,False,False,0
48133,Eastland,Texas,False,False,False,False,False,False,False,False,0
48135,Ector,Texas,False,True,True,True,True,True,True,True,1960
48137,Edwards,Texas,False,False,False,False,False,False,False,False,0
48139,Ellis,Texas,False,True,True,True,True,True,True,True,1960
48141,El Paso,Texas,True,True,True,True,True,True,True,True,1950
48143,Erath,Texas,False,False,False,False,False,False,False,False,0
48145,Falls,Texas,False,False,False,False,False,False,True,True,2010
48147,Fannin,Texas,False,False,False,False,False,False,False,False,0
48149,Fayette,Texas,False,False,False,False,False,False,False,False,0
48151,Fisher,Texas,False,False,False,False,False,False,False,False,0
48153,Floyd,Texas,False,False,False,False,False,False,False,False,0
48155,Foard,Texas,False,False,False,False,False,False,False,False,0
48157,Fort Bend,Texas,False,False,True,True,True,True,True,True,1970
48159,Franklin,Texas,False,False,False,False,False,False,False,False,0
48161,Freestone,Texas,False,False,False,False,False,False,False,False,0
48163,Frio,Texas,False,False,False,False,False,False,False,False,0
48165,Gaines,Texas,False,False,False,False,False,False,False,False,0
48167,Galveston,Texas,True,True,True,True,True,True,True,True,1950
48169,Garza,Texas,False,False,False,False,False,False,False,True,2020
48171,Gillespie,Texas,False,False,False,False,False,False,False,False,0
48173,Glasscock,Texas,False,False,False,False,False,False,False,False,0
48175,Goliad,Texas,False,False,False,False,False,False,True,True,2010
48177,Gonzales,Texas,False,False,False,False,False,False,False,False,0
48179,Gray,Texas,False,False,False,False,False,False,False,False,0
48181,Grayson,Texas,False,False,True,True,True,True,True,True,1970
48183,Gregg,Texas,False,False,False,True,True,True,True,True,1980
48185,Grimes,Texas,False,False,False,False,False,False,False,False,0
48187,Guadalupe,Texas,False,False,True,True,True,True,True,True,1970
48189,Hale,Texas,False,False,False,False,False,False,False,False,0
48191,Hall,Texas,False,False,False,False,False,False,False,False,0
48193,Hamilton,Texas,False,False,False,False,False,False,False,False,0
48195,Hansford,Texas,False,False,False,False,False,False,False,False,0
48197,Hardeman,Texas,False,False,False,False,False,False,False,False,0
48199,Hardin,Texas,False,False,True,True,True,True,True,True,1970
48201,Harris,Texas,True,True,True,True,True,True,True,True,1950
48203,Harrison,Texas,False,False,False,True,True,True,False,True,1980
48205,Hartley,Texas,False,False,False,False,False,False,False,False,0
48207,Haskell,Texas,False,False,False,False,False,False,False,False,0
48209,Hays,Texas,False,False,True,True,True,True,True,True,1970
48211,Hemphill,Texas,False,False,False,False,False,False,False,False,0
48213,Henderson,Texas,False,False,False,False,True,True,False,False,1990
48215,Hidalgo,Texas,False,False,True,True,True,True,True,True,1970
48217,Hill,Texas,False,False,False,False,False,False,False,False,0
48219,Hockley,Texas,False,False,False,False,False,False,False,True,2020
48221,Hood,Texas,False,False,True,False,True,True,True,False,1970
48223,Hopkins,Texas,False,False,False,False,False,False,False,False,0
48225,Houston,Texas,False,False,False,False,False,False,False,False,0
48227,Howard,Texas,False,False,False,False,False,False,False,False,0
48229,Hudspeth,Texas,False,False,False,False,False,False,True,True,2010
48231,Hunt,Texas,False,False,False,False,True,True,True,True,1990
48233,Hutchinson,Texas,False,False,False,False,False,False,False,False,0
48235,Irion,Texas,False,False,False,False,False,False,True,True,2010
48237,Jack,Texas,False,False,False,False,False,False,False,False,0
48239,Jackson,Texas,False,False,False,False,False,False,False,False,0
48241,Jasper,Texas,False,False,False,False,False,False,False,False,0
48243,Jeff Davis,Texas,False,False,False,False,False,False,False,False,0
48245,Jefferson,Texas,True,True,True,True,True,True,True,True,1950
48247,Jim Hogg,Texas,False,False,False,False,False,False,False,False,0
48249,Jim Wells,Texas,False,False,False,False,False,False,False,False,0
48251,Johnson,Texas,False,True,True,True,True,True,True,True,1960
48253,Jones,Texas,False,True,True,False,False,False,True,True,1960
48255,Karnes,Texas,False,False,False,False,False,False,False,False,0
48257,Kaufman,Texas,False,False,True,True,True,True,True,True,1970
48259,Kendall,Texas,False,False,False,False,False,False,True,True,2010
48261,Kenedy,Texas,False,False,False,False,False,False,False,False,0
48263,Kent,Texas,False,False,False,False,False,False,False,False,0
48265,Kerr,Texas,False,False,False,False,False,False,False,False,0
48267,Kimble,Texas,False,False,False,False,False,False,False,False,0
48269,King,Texas,False,False,False,False,False,False,False,False,0
48271,Kinney,Texas,False,False,False,False,False,False,False,False,0
48273,Kleberg,Texas,False,False,False,False,False,False,False,False,0
48275,Knox,Texas,False,False,False,False,False,False,False,False,0
48277,Lamar,Texas,False,False,False,False,False,False,False,False,0
48279,Lamb,Texas,False,False,False,False,False,False,False,False,0
48281,Lampasas,Texas,False,False,False,False,False,False,True,True,2010
48283,La Salle,Texas,False,False,False,False,False,False,False,False,0
48285,Lavaca,Texas,False,False,False,False,False,False,False,False,0
48287,Lee,Texas,False,False,False,False,False,False,False,False,0
48289,Leon,Texas,False,False,False,False,False,False,False,False,0
48291,Liberty,Texas,False,False,True,True,True,True,True,True,1970
48293,Limestone,Texas,False,False,False,False,False,False,False,False,0
48295,Lipscomb,Texas,False,False,False,False,False,False,False,False,0
48297,Live Oak,Texas,False,False,False,False,False,False,False,False,0
48299,Llano,Texas,False,False,False,False,False,False,False,False,0
48301,Loving,Texas,False,False,False,False,False,False,False,False,0
48303,Lubbock,Texas,True,True,True,True,True,True,True,True,1950
48305,Lynn,Texas,False,False,False,False,False,False,True,True,2010
48307,McCulloch,Texas,False,False,False,False,False,False,False,False,0
48309,McLennan,Texas,True,True,True,True,True,True,True,True,1950
48311,McMullen,Texas,False,False,False,False,False,False,False,False,0
48313,Madison,Texas,False,False,False,False,False,False,False,False,0
48315,Marion,Texas,False,False,False,False,False,False,False,False,0
48317,Martin,Texas,False,False,False,False,False,False,True,True,2010
48319,Mason,Texas,False,False,False,False,False,False,False,False,0
48321,Matagorda,Texas,False,False,False,False,False,False,False,False,0
48323,Maverick,Texas,False,False,False,False,False,False,False,True,2020
48325,Medina,Texas,False,False,False,False,False,False,True,True,2010
48327,Menard,Texas,False,False,False,False,False,False,False,False,0
48329,Midland,Texas,False,True,True,True,True,True,True,True,1960
48331,Milam,Texas,False,False,False,False,False,False,False,False,0
48333,Mills,Texas,False,False,False,False,False,False,False,False,0
48335,Mitchell,Texas,False,False,False,False,False,False,False,False,0
48337,Montague,Texas,False,False,False,False,False,False,False,False,0
48339,Montgomery,Texas,False,False,True,True,True,True,True,True,1970
48341,Moore,Texas,False,False,False,False,False,False,False,False,0
48343,Morris,Texas,False,False,False,False,False,False,False,False,0
48345,Motley,Texas,False,False,False,False,False,False,False,False,0
48347,Nacogdoches,Texas,False,False,False,False,False,False,False,False,0
48349,Navarro,Texas,False,False,False,False,False,False,False,False,0
48351,Newton,Texas,False,False,False,False,False,False,True,False,2010
48353,Nolan,Texas,False,False,False,False,False,False,False,False,0
48355,Nueces,Texas,True,True,True,True,True,True,True,True,1950
48357,Ochiltree,Texas,False,False,False,False,False,False,False,False,0
48359,Oldham,Texas,False,False,False,False,False,False,True,True,2010
48361,Orange,Texas,False,True,True,True,True,True,True,True,1960
48363,Palo Pinto,Texas,False,False,False,False,False,False,False,False,0
48365,Panola,Texas,False,False,False,False,False,False,False,False,0
48367,Parker,Texas,False,False,True,True,True,True,True,True,1970
48369,Parmer,Texas,False,False,False,False,False,False,False,False,0
48371,Pecos,Texas,False,False,False,False,False,False,False,False,0
48373,Polk,Texas,False,False,False,False,False,False,False,False,0
48375,Potter,Texas,True,True,True,True,True,True,True,True,1950
48377,Presidio,Texas,False,False,False,False,False,False,False,False,0
48379,Rains,Texas,False,False,False,False,False,False,False,False,0
48381,Randall,Texas,True,True,True,True,True,True,True,True,1950
48383,Reagan,Texas,False,False,False,False,False,False,False,False,0
48385,Real,Texas,False,False,False,False,False,False,False,False,0
48387,Red River,Texas,False,False,False,False,False,False,False,False,0
48389,Reeves,Texas,False,False,False,False,False,False,False,False,0
48391,Refugio,Texas,False,False,False,False,False,False,False,False,0
48393,Roberts,Texas,False,False,False,False,False,False,False,False,0
48395,Robertson,Texas,False,False,False,False,False,False,True,True,2010
48397,Rockwall,Texas,False,False,True,True,True,True,True,True,1970
48399,Runnels,Texas,False,False,False,False,False,False,False,False,0
48401,Rusk,Texas,False,False,False,False,False,False,True,True,2010
48403,Sabine,Texas,False,False,False,False,False,False,False,False,0
48405,San Augustine,Texas,False,False,False,False,False,False,False,False,0
48407,San Jacinto,Texas,False,False,False,False,False,False,False,True,2020
48409,San Patricio,Texas,False,False,True,True,True,True,True,True,1970
48411,San Saba,Texas,False,False,False,False,False,False,False,False,0
48413,Schleicher,Texas,False,False,False,False,False,False,False,False,0
48415,Scurry,Texas,False,False,False,False,False,False,False,False,0
48417,Shackelford,Texas,False,False,False,False,False,False,False,False,0
48419,Shelby,Texas,False,False,False,False,False,False,False,False,0
48421,Sherman,Texas,False,False,False,False,False,False,False,False,0
48423,Smith,Texas,False,True,True,True,True,True,True,True,1960
48425,Somervell,Texas,False,False,False,False,False,False,True,False,2010
48427,Starr,Texas,False,False,False,False,False,False,False,False,0
48429,Stephens,Texas,False,False,False,False,False,False,False,False,0
48431,Sterling,Texas,False,False,False,False,False,False,False,False,0
48433,Stonewall,Texas,False,False,False,False,False,False,False,False,0
48435,Sutton,Texas,False,False,False,False,False,False,False,False,0
48437,Swisher,Texas,False,False,False,False,False,False,False,False,0
48439,Tarrant,Texas,True,True,True,True,True,True,True,True,1950
48441,Taylor,Texas,False,True,True,True,True,True,True,True,1960
48443,Terrell,Texas,False,False,False,False,False,False,False,False,0
48445,Terry,Texas,False,False,False,False,False,False,False,False,0
48447,Throckmorton,Texas,False,False,False,False,False,False,False,False,0
48449,Titus,Texas,False,False,False,False,False,False,False,False,0
48451,Tom Green,Texas,True,True,True,True,True,True,True,True,1950
48453,Travis,Texas,True,True,True,True,True,True,True,True,1950
48455,Trinity,Texas,False,False,False,False,False,False,False,False,0
48457,Tyler,Texas,False,False,False,False,False,False,False,False,0
48459,Upshur,Texas,False,False,False,False,True,True,True,True,1990
48461,Upton,Texas,False,False,False,False,False,False,False,False,0
48463,Uvalde,Texas,False,False,False,False,False,False,False,False,0
48465,Val Verde,Texas,False,False,False,False,False,False,False,False,0
48467,Van Zandt,Texas,False,False,False,False,False,False,False,False,0
48469,Victoria,Texas,False,False,False,True,True,True,True,True,1980
48471,Walker,Texas,False,False,False,False,False,False,False,False,0
48473,Waller,Texas,False,False,True,True,True,True,True,True,1970
48475,Ward,Texas,False,False,False,False,False,False,False,False,0
48477,Washington,Texas,False,False,False,False,False,False,False,False,0
48479,Webb,Texas,True,True,True,True,True,True,True,True,1950
48481,Wharton,Texas,False,False,False,False,False,False,False,False,0
48483,Wheeler,Texas,False,False,False,False,False,False,False,False,0
48485,Wichita,Texas,True,True,True,True,True,True,True,True,1950
48487,Wilbarger,Texas,False,False,False,False,False,False,False,False,0
48489,Willacy,Texas,False,False,False,False,False,False,False,False,0
48491,Williamson,Texas,False,False,False,True,True,True,True,True,1980
48493,Wilson,Texas,False,False,False,False,True,True,True,True,1990
48495,Winkler,Texas,False,False,False,False,False,False,False,False,0
48497,Wise,Texas,False,False,True,False,False,False,True,True,1970
48499,Wood,Texas,False,False,False,False,False,False,False,False,0
48501,Yoakum,Texas,False,False,False,False,False,False,False,False,0
48503,Young,Texas,False,False,False,False,False,False,False,False,0
48505,Zapata,Texas,False,False,False,False,False,False,False,False,0
48507,Zavala,Texas,False,False,False,False,False,False,False,False,0
49001,Beaver,Utah,False,False,False,False,False,False,False,False,0
49003,Box Elder,Utah,False,False,False,False,False,False,True,False,2010
49005,Cache,Utah,False,False,False,False,False,False,True,True,2010
49007,Carbon,Utah,False,False,False,False,False,False,False,False,0
49009,Daggett,Utah,False,False,False,False,False,False,False,False,0
49011,Davis,Utah,False,False,True,True,True,True,True,True,1970
49013,Duchesne,Utah,False,False,False,False,False,False,False,False,0
49015,Emery,Utah,False,False,False,False,False,False,False,False,0
49017,Garfield,Utah,False,False,False,False,False,False,False,False,0
49019,Grand,Utah,False,False,False,False,False,False,False,False,0
49021,Iron,Utah,False,False,False,False,False,False,False,False,0
49023,Juab,Utah,False,False,False,False,False,False,True,True,2010
49025,Kane,Utah,False,False,False,False,False,True,False,False,2000
49027,Millard,Utah,False,False,False,False,False,False,False,False,0
49029,Morgan,Utah,False,False,False,False,False,False,True,True,2010
49031,Piute,Utah,False,False,False,False,False,False,False,False,0
49033,Rich,Utah,False,False,False,False,False,False,False,False,0
49035,Salt Lake,Utah,True,True,True,True,True,True,True,True,1950
49037,San Juan,Utah,False,False,False,False,False,False,False,False,0
49039,Sanpete,Utah,False,False,False,False,False,False,False,False,0
49041,Sevier,Utah,False,False,False,False,False,False,False,False,0
49043,Summit,Utah,False,False,False,False,False,False,False,False,0
49045,Tooele,Utah,False,False,True,False,False,False,True,True,1970
49047,Uintah,Utah,False,False,False,False,False,False,False,False,0
49049,Utah,Utah,False,True,True,True,True,True,True,True,1960
49051,Wasatch,Utah,False,False,False,False,False,False,False,False,0
49053,Washington,Utah,False,False,False,False,False,False,True,True,2010
49055,Wayne,Utah,False,False,False,False,False,False,False,False,0
49057,Weber,Utah,True,True,True,True,True,True,True,True,1950
50001,Addison,Vermont,False,False,False,False,False,False,False,False,0
50003,Bennington,Vermont,False,False,False,False,False,False,False,False,0
50005,Caledonia,Vermont,False,False,False,False,False,False,False,False,0
50007,Chittenden,Vermont,False,False,False,True,True,True,True,True,1980
50009,Essex,Vermont,False,False,False,False,False,False,False,False,0
50011,Franklin,Vermont,False,False,False,True,True,True,True,True,1980
50013,Grand Isle,Vermont,False,False,False,True,True,True,True,True,1980
50015,Lamoille,Vermont,False,False,False,False,False,False,False,False,0
50017,Orange,Vermont,False,False,False,False,False,False,False,False,0
50019,Orleans,Vermont,False,False,False,False,False,False,False,False,0
50021,Rutland,Vermont,False,False,False,False,False,False,False,False,0
50023,Washington,Vermont,False,False,False,False,False,False,False,False,0
50025,Windham,Vermont,False,False,False,False,False,False,False,False,0
50027,Windsor,Vermont,False,False,False,False,False,False,False,False,0
51001,Accomack,Virginia,False,False,False,False,False,False,False,False,0
51003,Albemarle,Virginia,False,False,False,True,True,True,True,True,1980
51005,Alleghany,Virginia,False,False,False,False,False,False,False,False,0
51007,Amelia,Virginia,False,False,False,False,False,False,True,True,2010
51009,Amherst,Virginia,False,True,True,True,True,True,True,True,1960
51011,Appomattox,Virginia,False,False,True,False,False,False,True,True,1970
51013,Arlington,Virginia,True,True,True,True,True,True,True,True,1950
51015,Augusta,Virginia,False,False,False,False,False,False,True,True,2010
51017,Bath,Virginia,False,False,False,False,False,False,False,False,0
51019,Bedford,Virginia,False,False,False,False,True,True,True,True,1990
51021,Bland,Virginia,False,False,False,False,False,False,False,False,0
51023,Botetourt,Virginia,False,False,True,True,True,True,True,True,1970
51025,Brunswick,Virginia,False,False,False,False,False,False,False,False,0
51027,Buchanan,Virginia,False,False,False,False,False,False,False,False,0
51029,Buckingham,Virginia,False,False,False,False,False,False,True,False,2010
51031,Campbell,Virginia,False,True,True,True,True,True,True,True,1960
51033,Caroline,Virginia,False,False,False,False,False,False,True,False,2010
51035,Carroll,Virginia,False,False,False,False,False,False,False,False,0
51036,Charles City,Virginia,False,False,True,True,True,True,True,True,1970
51037,Charlotte,Virginia,False,False,False,False,False,False,False,False,0
51041,Chesterfield,Virginia,True,True,True,True,True,True,True,True,1950
51043,Clarke,Virginia,False,False,False,False,True,True,True,True,1990
51045,Craig,Virginia,False,False,True,False,False,False,True,True,1970
51047,Culpeper,Virginia,False,False,False,False,True,True,True,True,1990
51049,Cumberland,Virginia,False,False,False,False,False,False,False,False,0
51051,Dickenson,Virginia,False,False,False,False,False,False,False,False,0
51053,Dinwiddie,Virginia,False,False,True,True,True,True,True,True,1970
51055,Elizabeth City,Virginia,False,False,False,False,False,False,False,False,0
51057,Essex,Virginia,False,False,False,False,False,False,False,False,0
51059,Fairfax,Virginia,True,True,True,True,True,True,True,True,1950
51061,Fauquier,Virginia,False,False,False,False,True,True,True,True,1990
51063,Floyd,Virginia,False,False,False,False,False,False,True,True,2010
51065,Fluvanna,Virginia,False,False,False,True,True,True,True,True,1980
51067,Franklin,Virginia,False,False,False,False,False,False,True,True,2010
51069,Frederick,Virginia,False,False,False,False,False,False,True,True,2010
51071,Giles,Virginia,False,False,False,False,False,False,True,True,2010
51073,Gloucester,Virginia,False,False,True,True,True,True,True,True,1970
51075,Goochland,Virginia,False,False,True,True,True,True,True,True,1970
51077,Grayson,Virginia,False,False,False,False,False,False,False,False,0
51079,Greene,Virginia,False,False,False,True,True,True,True,True,1980
51081,Greensville,Virginia,False,False,False,False,False,False,False,False,0
51083,Halifax,Virginia,False,False,False,False,False,False,False,False,0
51085,Hanover,Virginia,False,False,True,True,True,True,True,True,1970
51087,Henrico,Virginia,True,True,True,True,True,True,True,True,1950
51089,Henry,Virginia,False,False,False,False,False,False,False,False,0
51091,Highland,Virginia,False,False,False,False,False,False,False,False,0
51093,Isle Of Wight,Virginia,False,False,False,False,True,True,True,True,1990
51095,James City,Virginia,False,False,True,True,True,True,True,True,1970
51097,King And Queen,Virginia,False,False,False,False,False,False,False,True,2020
51099,King George,Virginia,False,False,False,False,True,True,False,False,1990
51101,King William,Virginia,False,False,False,False,False,False,True,True,2010
51103,Lancaster,Virginia,False,False,False,False,False,False,False,False,0
51105,Lee,Virginia,False,False,False,False,False,False,False,False,0
51107,Loudoun,Virginia,False,False,True,True,True,True,True,True,1970
51109,Louisa,Virginia,False,False,False,False,False,False,False,False,0
51111,Lunenburg,Virginia,False,False,False,False,False,False,False,False,0
51113,Madison,Virginia,False,False,False,False,False,False,False,False,0
51115,Mathews,Virginia,False,False,False,False,True,True,True,True,1990
51117,Mecklenburg,Virginia,False,False,False,False,False,False,False,False,0
51119,Middlesex,Virginia,False,False,False,False,False,False,False,False,0
51121,Montgomery,Virginia,False,False,False,False,False,False,True,True,2010
51123,Nansemond,Virginia,False,False,False,False,False,False,False,False,0
51125,Nelson,Virginia,False,False,False,False,False,False,True,True,2010
51127,New Kent,Virginia,False,False,False,True,True,True,True,True,1980
51129,Norfolk,Virginia,True,True,False,False,False,False,False,False,1950
51131,Northampton,Virginia,False,False,False,False,False,False,False,False,0
51133,Northumberland,Virginia,False,False,False,False,False,False,False,False,0
51135,Nottoway,Virginia,False,False,False,False,False,False,False,False,0
51137,Orange,Virginia,False,False,False,False,False,False,False,False,0
51139,Page,Virginia,False,False,False,False,False,False,False,False,0
51141,Patrick,Virginia,False,False,False,False,False,False,False,False,0
51143,Pittsylvania,Virginia,False,False,False,True,True,True,False,False,1980
51145,Powhatan,Virginia,False,False,True,True,True,True,True,True,1970
51147,Prince Edward,Virginia,False,False,False,False,False,False,False,False,0
51149,Prince George,Virginia,False,False,True,True,True,True,True,True,1970
51151,Princess Anne,Virginia,True,True,False,False,False,False,False,False,1950
51153,Prince William,Virginia,False,False,True,True,True,True,True,True,1970
51155,Pulaski,Virginia,False,False,False,False,False,False,True,True,2010
51157,Rappahannock,Virginia,False,False,False,False,False,False,True,True,2010
51159,Richmond,Virginia,False,False,False,False,False,False,False,False,0
51161,Roanoke,Virginia,True,True,True,True,True,True,True,True,1950
51163,Rockbridge,Virginia,False,False,False,False,False,False,False,False,0
51165,Rockingham,Virginia,False,False,False,False,False,False,True,True,2010
51167,Russell,Virginia,False,False,False,False,False,False,False,False,0
51169,Scott,Virginia,False,False,True,True,True,True,True,True,1970
51171,Shenandoah,Virginia,False,False,False,False,False,False,False,False,0
51173,Smyth,Virginia,False,False,False,False,False,False,False,False,0
51175,Southampton,Virginia,False,False,False,False,False,False,False,False,0
51177,Spotsylvania,Virginia,False,False,False,False,True,True,True,True,1990
51179,Stafford,Virginia,False,False,False,True,True,True,True,True,1980
51181,Surry,Virginia,False,False,False,False,False,False,False,True,2020
51183,Sussex,Virginia,False,False,False,False,False,False,True,True,2010
51185,Tazewell,Virginia,False,False,False,False,False,False,False,False,0
51187,Warren,Virginia,False,False,False,False,True,True,True,True,1990
51189,Warwick,Virginia,False,False,False,False,False,False,False,False,0
51191,Washington,Virginia,False,False,True,True,True,True,True,True,1970
51193,Westmoreland,Virginia,False,False,False,False,False,False,False,False,0
51195,Wise,Virginia,False,False,False,False,False,False,False,False,0
51197,Wythe,Virginia,False,False,False,False,False,False,False,False,0
51199,York,Virginia,False,True,True,True,True,True,True,True,1960
51510,Alexandria City,Virginia,True,True,True,True,True,True,True,True,1950
51515,Bedford City,Virginia,False,False,False,False,True,True,True,False,1990
51520,Bristol City,Virginia,False,False,True,True,True,True,True,True,1970
51530,Buena Vista City,Virginia,False,False,False,False,False,False,False,False,0
51540,Charlottesville City,Virginia,False,False,False,True,True,True,True,True,1980
51550,Chesapeake City,Virginia,True,True,True,True,True,True,True,True,1950
51560,Clifton Forge City,Virginia,False,False,False,False,False,False,False,False,0
51570,Colonial Heights City,Virginia,False,False,True,True,True,True,True,True,1970
51580,Covington City,Virginia,False,False,False,False,False,False,False,False,0
51590,Danville City,Virginia,False,False,False,True,True,True,False,False,1980
51595,Emporia City,Virginia,False,False,False,False,False,False,False,False,0
51600,Fairfax City,Virginia,False,False,True,True,True,True,True,True,1970
51610,Falls Church City,Virginia,True,True,True,True,True,True,True,True,1950
51620,Franklin City,Virginia,False,False,False,False,False,False,False,False,0
51630,Fredericksburg City,Virginia,False,False,False,False,True,True,True,True,1990
51640,Galax City,Virginia,False,False,False,False,False,False,False,False,0
51650,Hampton City,Virginia,False,True,True,True,True,True,True,True,1960
51660,Harrisonburg City,Virginia,False,False,False,False,False,False,True,True,2010
51670,Hopewell City,Virginia,False,False,True,True,True,True,True,True,1970
51678,Lexington City,Virginia,False,False,False,False,False,False,False,False,0
51680,Lynchburg City,Virginia,False,True,True,True,True,True,True,True,1960
51683,Manassas City,Virginia,False,False,False,True,True,True,True,True,1980
51685,Manassas Park City,Virginia,False,False,False,True,True,True,True,True,1980
51690,Martinsville City,Virginia,False,False,False,False,False,False,False,False,0
51700,Newport News City,Virginia,False,True,True,True,True,True,True,True,1960
51710,Norfolk City,Virginia,True,True,True,True,True,True,True,True,1950
51720,Norton City,Virginia,False,False,False,False,False,False,False,False,0
51730,Petersburg City,Virginia,False,False,True,True,True,True,True,True,1970
51735,Poquoson City,Virginia,False,False,False,True,True,True,True,True,1980
51740,Portsmouth City,Virginia,True,True,True,True,True,True,True,True,1950
51750,Radford City,Virginia,False,False,False,False,False,False,True,True,2010
51760,Richmond City,Virginia,True,True,True,True,True,True,True,True,1950
51770,Roanoke City,Virginia,True,True,True,True,True,True,True,True,1950
51775,Salem City,Virginia,False,False,True,True,True,True,True,True,1970
51780,South Norfolk City,Virginia,False,False,False,False,False,False,False,False,0
51790,Staunton City,Virginia,False,False,False,False,False,False,True,True,2010
51800,Suffolk City,Virginia,False,False,False,True,True,True,True,True,1980
51810,Virginia Beach City,Virginia,False,True,True,True,True,True,True,True,1960
51820,Waynesboro City,Virginia,False,False,False,False,False,False,True,True,2010
51830,Williamsburg City,Virginia,False,False,True,True,True,True,True,True,1970
51840,Winchester City,Virginia,False,False,False,False,False,False,True,True,2010
53001,Adams,Washington,False,False,False,False,False,False,False,False,0
53003,Asotin,Washington,False,False,False,False,False,False,True,True,2010
53005,Benton,Washington,False,False,True,True,True,True,True,True,1970
53007,Chelan,Washington,False,False,False,False,False,False,True,True,2010
53009,Clallam,Washington,False,False,False,False,False,False,False,False,0
53011,Clark,Washington,True,True,True,True,True,True,True,True,1950
53013,Columbia,Washington,False,False,False,False,False,False,True,False,2010
53015,Cowlitz,Washington,False,False,False,False,False,False,True,True,2010
53017,Douglas,Washington,False,False,False,False,False,False,True,True,2010
53019,Ferry,Washington,False,False,False,False,False,False,False,False,0
53021,Franklin,Washington,False,False,True,True,True,True,True,True,1970
53023,Garfield,Washington,False,False,False,False,False,False,False,False,0
53025,Grant,Washington,False,False,False,False,False,False,False,False,0
53027,Grays Harbor,Washington,False,False,False,False,False,False,False,False,0
53029,Island,Washington,False,False,False,False,True,True,False,False,1990
53031,Jefferson,Washington,False,False,False,False,False,False,False,False,0
53033,King,Washington,True,True,True,True,True,True,True,True,1950
53035,Kitsap,Washington,False,False,False,True,True,True,True,True,1980
53037,Kittitas,Washington,False,False,False,False,False,False,False,False,0
53039,Klickitat,Washington,False,False,False,False,False,False,False,False,0
53041,Lewis,Washington,False,False,False,False,False,False,False,False,0
53043,Lincoln,Washington,False,False,False,False,False,False,False,False,0
53045,Mason,Washington,False,False,False,False,False,False,False,False,0
53047,Okanogan,Washington,False,False,False,False,False,False,False,False,0
53049,Pacific,Washington,False,False,False,False,False,False,False,False,0
53051,Pend Oreille,Washington,False,False,False,False,False,False,True,False,2010
53053,Pierce,Washington,True,True,True,True,True,True,True,True,1950
53055,San Juan,Washington,False,False,False,False,False,False,False,False,0
53057,Skagit,Washington,False,False,False,False,False,False,True,True,2010
53059,Skamania,Washington,False,False,False,False,False,False,True,True,2010
53061,Snohomish,Washington,False,True,True,True,True,True,True,True,1960
53063,Spokane,Washington,True,True,True,True,True,True,True,True,1950
53065,Stevens,Washington,False,False,False,False,False,False,True,True,2010
53067,Thurston,Washington,False,False,False,True,True,True,True,True,1980
53069,Wahkiakum,Washington,False,False,False,False,False,False,False,False,0
53071,Walla Walla,Washington,False,False,False,False,False,False,True,True,2010
53073,Whatcom,Washington,False,False,False,True,True,True,True,True,1980
53075,Whitman,Washington,False,False,False,False,False,False,False,False,0
53077,Yakima,Washington,False,False,True,True,True,True,True,True,1970
54001,Barbour,West Virginia,False,False,False,False,False,False,False,False,0
54003,Berkeley,West Virginia,False,False,False,False,True,True,True,True,1990
54005,Boone,West Virginia,False,False,False,False,False,False,True,True,2010
54007,Braxton,West Virginia,False,False,False,False,False,False,False,False,0
54009,Brooke,West Virginia,True,True,True,True,True,True,True,True,1950
54011,Cabell,West Virginia,True,True,True,True,True,True,True,True,1950
54013,Calhoun,West Virginia,False,False,False,False,False,False,False,False,0
54015,Clay,West Virginia,False,False,False,False,False,False,True,True,2010
54017,Doddridge,West Virginia,False,False,False,False,False,False,False,False,0
54019,Fayette,West Virginia,True,False,False,False,False,False,True,True,1950
54021,Gilmer,West Virginia,False,False,False,False,False,False,False,False,0
54023,Grant,West Virginia,False,False,False,False,False,False,False,False,0
54025,Greenbrier,West Virginia,False,False,False,False,False,False,False,False,0
54027,Hampshire,West Virginia,False,False,False,False,False,False,True,True,2010
54029,Hancock,West Virginia,True,True,True,True,True,True,True,True,1950
54031,Hardy,West Virginia,False,False,False,False,False,False,False,False,0
54033,Harrison,West Virginia,False,False,False,False,False,False,False,False,0
54035,Jackson,West Virginia,False,False,False,False,False,False,False,False,0
54037,Jefferson,West Virginia,False,False,False,False,True,True,True,True,1990
54039,Kanawha,West Virginia,True,True,True,True,True,True,True,True,1950
54041,Lewis,West Virginia,False,False,False,False,False,False,False,False,0
54043,Lincoln,West Virginia,False,False,False,False,False,False,True,False,2010
54045,Logan,West Virginia,False,False,False,False,False,False,False,False,0
54047,McDowell,West Virginia,False,False,False,False,False,False,False,False,0
54049,Marion,West Virginia,False,False,False,False,False,False,False,False,0
54051,Marshall,West Virginia,True,True,True,True,True,True,True,True,1950
54053,Mason,West Virginia,False,False,False,False,False,False,False,False,0
54055,Mercer,West Virginia,False,False,False,False,False,False,False,False,0
54057,Mineral,West Virginia,False,False,False,True,True,True,True,False,1980
54059,Mingo,West Virginia,False,False,False,False,False,False,False,False,0
54061,Monongalia,West Virginia,False,False,False,False,False,False,True,True,2010
54063,Monroe,West Virginia,False,False,False,False,False,False,False,False,0
54065,Morgan,West Virginia,False,False,False,False,False,False,False,True,2020
54067,Nicholas,West Virginia,False,False,False,False,False,False,False,False,0
54069,Ohio,West Virginia,True,True,True,True,True,True,True,True,1950
54071,Pendleton,West Virginia,False,False,False,False,False,False,False,False,0
54073,Pleasants,West Virginia,False,False,False,False,False,False,False,False,0
54075,Pocahontas,West Virginia,False,False,False,False,False,False,False,False,0
54077,Preston,West Virginia,False,False,False,False,False,False,True,True,2010
54079,Putnam,West Virginia,False,False,True,True,True,True,True,True,1970
54081,Raleigh,West Virginia,False,False,False,False,False,False,True,True,2010
54083,Randolph,West Virginia,False,False,False,False,False,False,False,False,0
54085,Ritchie,West Virginia,False,False,False,False,False,False,False,False,0
54087,Roane,West Virginia,False,False,False,False,False,False,False,False,0
54089,Summers,West Virginia,False,False,False,False,False,False,False,False,0
54091,Taylor,West Virginia,False,False,False,False,False,False,False,False,0
54093,Tucker,West Virginia,False,False,False,False,False,False,False,False,0
54095,Tyler,West Virginia,False,False,False,False,False,False,False,False,0
54097,Upshur,West Virginia,False,False,False,False,False,False,False,False,0
54099,Wayne,West Virginia,True,True,True,True,True,True,True,True,1950
54101,Webster,West Virginia,False,False,False,False,False,False,False,False,0
54103,Wetzel,West Virginia,False,False,False,False,False,False,False,False,0
54105,Wirt,West Virginia,False,False,True,False,False,False,True,True,1970
54107,Wood,West Virginia,False,False,True,True,True,True,True,True,1970
54109,Wyoming,West Virginia,False,False,False,False,False,False,False,False,0
55001,Adams,Wisconsin,False,False,False,False,False,False,False,False,0
55003,Ashland,Wisconsin,False,False,False,False,False,False,False,False,0
55005,Barron,Wisconsin,False,False,False,False,False,False,False,False,0
55007,Bayfield,Wisconsin,False,False,False,False,False,False,False,False,0
55009,Brown,Wisconsin,True,True,True,True,True,True,True,True,1950
55011,Buffalo,Wisconsin,False,False,False,False,False,False,False,False,0
55013,Burnett,Wisconsin,False,False,False,False,False,False,False,False,0
55015,Calumet,Wisconsin,False,False,True,True,True,True,True,True,1970
55017,Chippewa,Wisconsin,False,False,False,True,True,True,True,True,1980
55019,Clark,Wisconsin,False,False,False,False,False,False,False,False,0
55021,Columbia,Wisconsin,False,False,False,False,False,False,True,True,2010
55023,Crawford,Wisconsin,False,False,False,False,False,False,False,False,0
55025,Dane,Wisconsin,True,True,True,True,True,True,True,True,1950
55027,Dodge,Wisconsin,False,False,False,False,False,False,False,False,0
55029,Door,Wisconsin,False,False,False,False,False,False,False,False,0
55031,Douglas,Wisconsin,True,True,True,True,True,True,True,True,1950
55033,Dunn,Wisconsin,False,False,False,False,False,False,False,False,0
55035,Eau Claire,Wisconsin,False,False,False,True,True,True,True,True,1980
55037,Florence,Wisconsin,False,False,False,False,False,False,False,False,0
55039,Fond du Lac,Wisconsin,False,False,False,False,False,False,True,True,2010
55041,Forest,Wisconsin,False,False,False,False,False,False,False,False,0
55043,Grant,Wisconsin,False,False,False,False,False,False,False,False,0
55045,Green,Wisconsin,False,False,False,False,False,False,True,True,2010
55047,Green Lake,Wisconsin,False,False,False,False,False,False,False,False,0
55049,Iowa,Wisconsin,False,False,False,False,False,False,True,True,2010
55051,Iron,Wisconsin,False,False,False,False,False,False,False,False,0
55053,Jackson,Wisconsin,False,False,False,False,False,False,False,False,0
55055,Jefferson,Wisconsin,False,False,False,False,False,False,False,False,0
55057,Juneau,Wisconsin,False,False,False,False,False,False,False,False,0
55059,Kenosha,Wisconsin,True,True,True,True,True,True,True,True,1950
55061,Kewaunee,Wisconsin,False,False,False,False,False,False,True,True,2010
55063,La Crosse,Wisconsin,False,False,True,True,True,True,True,True,1970
55065,Lafayette,Wisconsin,False,False,False,False,False,False,False,False,0
55067,Langlade,Wisconsin,False,False,False,False,False,False,False,False,0
55069,Lincoln,Wisconsin,False,False,False,False,False,False,False,False,0
55071,Manitowoc,Wisconsin,False,False,False,False,False,False,False,False,0
55073,Marathon,Wisconsin,False,False,False,True,True,True,True,True,1980
55075,Marinette,Wisconsin,False,False,False,False,False,False,False,False,0
55077,Marquette,Wisconsin,False,False,False,False,False,False,False,False,0
55078,Menominee,Wisconsin,False,False,False,False,False,False,False,False,0
55079,Milwaukee,Wisconsin,True,True,True,True,True,True,True,True,1950
55081,Monroe,Wisconsin,False,False,False,False,False,False,False,False,0
55083,Oconto,Wisconsin,False,False,False,False,False,False,True,True,2010
55085,Oneida,Wisconsin,False,False,False,False,False,False,False,False,0
55087,Outagamie,Wisconsin,False,False,True,True,True,True,True,True,1970
55089,Ozaukee,Wisconsin,False,False,True,True,True,True,True,True,1970
55091,Pepin,Wisconsin,False,False,False,False,False,False,False,False,0
55093,Pierce,Wisconsin,False,False,False,False,True,True,True,True,1990
55095,Polk,Wisconsin,False,False,False,False,False,False,False,False,0
55097,Portage,Wisconsin,False,False,False,False,False,False,False,False,0
55099,Price,Wisconsin,False,False,False,False,False,False,False,False,0
55101,Racine,Wisconsin,True,True,True,True,True,True,True,True,1950
55103,Richland,Wisconsin,False,False,False,False,False,False,False,False,0
55105,Rock,Wisconsin,False,False,False,True,True,True,True,True,1980
55107,Rusk,Wisconsin,False,False,False,False,False,False,False,False,0
55109,St Croix,Wisconsin,False,False,True,True,True,True,True,True,1970
55111,Sauk,Wisconsin,False,False,False,False,False,False,False,False,0
55113,Sawyer,Wisconsin,False,False,False,False,False,False,False,False,0
55115,Shawano,Wisconsin,False,False,False,False,False,False,False,False,0
55117,Sheboygan,Wisconsin,False,False,False,True,True,True,True,True,1980
55119,Taylor,Wisconsin,False,False,False,False,False,False,False,False,0
55121,Trempealeau,Wisconsin,False,False,False,False,False,False,False,False,0
55123,Vernon,Wisconsin,False,False,False,False,False,False,False,True,2020
55125,Vilas,Wisconsin,False,False,False,False,False,False,False,False,0
55127,Walworth,Wisconsin,False,False,False,False,False,False,False,False,0
55129,Washburn,Wisconsin,False,False,False,False,False,False,False,False,0
55131,Washington,Wisconsin,False,False,True,True,True,True,True,True,1970
55133,Waukesha,Wisconsin,False,True,True,True,True,True,True,True,1960
55135,Waupaca,Wisconsin,False,False,False,False,False,False,False,False,0
55137,Waushara,Wisconsin,False,False,False,False,False,False,False,False,0
55139,Winnebago,Wisconsin,False,False,True,True,True,True,True,True,1970
55141,Wood,Wisconsin,False,False,False,False,False,False,False,False,0
56001,Albany,Wyoming,False,False,False,False,False,False,False,False,0
56003,Big Horn,Wyoming,False,False,False,False,False,False,False,False,0
56005,Campbell,Wyoming,False,False,False,False,False,False,False,False,0
56007,Carbon,Wyoming,False,False,False,False,False,False,False,False,0
56009,Converse,Wyoming,False,False,False,False,False,False,False,False,0
56011,Crook,Wyoming,False,False,False,False,False,False,False,False,0
56013,Fremont,Wyoming,False,False,False,False,False,False,False,False,0
56015,Goshen,Wyoming,False,False,False,False,False,False,False,False,0
56017,Hot Springs,Wyoming,False,False,False,False,False,False,False,False,0
56019,Johnson,Wyoming,False,False,False,False,False,False,False,False,0
56021,Laramie,Wyoming,False,False,False,False,True,True,True,True,1990
56023,Lincoln,Wyoming,False,False,False,False,False,False,False,False,0
56025,Natrona,Wyoming,False,False,False,True,True,True,True,True,1980
56027,Niobrara,Wyoming,False,False,False,False,False,False,False,False,0
56029,Park,Wyoming,False,False,False,False,False,False,False,False,0
56031,Platte,Wyoming,False,False,False,False,False,False,False,False,0
56033,Sheridan,Wyoming,False,False,False,False,False,False,False,False,0
56035,Sublette,Wyoming,False,False,False,False,False,False,False,False,0
56037,Sweetwater,Wyoming,False,False,False,False,False,False,False,False,0
56039,Teton,Wyoming,False,False,False,False,False,False,False,False,0
56041,Uinta,Wyoming,False,False,False,False,False,False,False,False,0
56043,Washakie,Wyoming,False,False,False,False,False,False,False,False,0
56045,Weston,Wyoming,False,False,False,False,False,False,False,False,0
56047,Yellowstone National Park,Wyoming,False,False,False,False,False,False,False,False,0
72001,Adjuntas Municipio,Puerto Rico,False,False,False,False,False,False,False,False,0
72003,Aguada Municipio,Puerto Rico,False,False,False,True,True,True,True,True,1980
72005,Aguadilla Municipio,Puerto Rico,False,False,False,True,True,True,True,True,1980
72007,Aguas Buenas Municipio,Puerto Rico,False,False,False,True,True,True,True,True,1980
72009,Aibonito Municipio,Puerto Rico,False,False,False,False,False,False,True,True,2010
72011,Añasco Municipio,Puerto Rico,False,False,True,True,True,True,True,True,1970
72013,Arecibo Municipio,Puerto Rico,False,False,False,True,True,True,True,True,1980
72015,Arroyo Municipio,Puerto Rico,False,False,False,False,False,False,True,True,2010
72017,Barceloneta Municipio,Puerto Rico,False,False,False,True,True,True,True,True,1980
72019,Barranquitas Municipio,Puerto Rico,False,False,False,False,False,False,True,True,2010
72021,Bayamón Municipio,Puerto Rico,True,True,True,True,True,True,True,True,1950
72023,Cabo Rojo Municipio,Puerto Rico,False,False,False,True,True,True,True,True,1980
72025,Caguas Municipio,Puerto Rico,False,False,True,True,True,True,True,True,1970
72027,Camuy Municipio,Puerto Rico,False,False,False,True,True,True,True,True,1980
72029,Canóvanas Municipio,Puerto Rico,False,False,True,True,True,True,True,True,1970
72031,Carolina Municipio,Puerto Rico,False,False,True,True,True,True,True,True,1970
72033,Cataño Municipio,Puerto Rico,True,True,True,True,True,True,True,True,1950
72035,Cayey Municipio,Puerto Rico,False,False,False,True,True,True,True,True,1980
72037,Ceiba Municipio,Puerto Rico,False,False,False,False,True,True,True,True,1990
72039,Ciales Municipio,Puerto Rico,False,False,False,False,False,False,True,True,2010
72041,Cidra Municipio,Puerto Rico,False,False,False,True,True,True,True,True,1980
72043,Coamo Municipio,Puerto Rico,False,False,False,False,False,False,False,False,0
72045,Comerío Municipio,Puerto Rico,False,False,False,False,True,True,True,True,1990
72047,Corozal Municipio,Puerto Rico,False,False,False,True,True,True,True,True,1980
72049,Culebra Municipio,Puerto Rico,False,False,False,False,False,False,False,False,0
72051,Dorado Municipio,Puerto Rico,False,False,False,True,True,True,True,True,1980
72053,Fajardo Municipio,Puerto Rico,False,False,False,True,True,True,True,True,1980
72054,Florida Municipio,Puerto Rico,False,False,False,True,True,True,True,True,1980
72055,Guánica Municipio,Puerto Rico,False,False,False,False,False,False,True,False,2010
72057,Guayama Municipio,Puerto Rico,False,False,False,False,False,False,True,True,2010
72059,Guayanilla Municipio,Puerto Rico,False,False,False,False,True,True,True,True,1990
72061,Guaynabo Municipio,Puerto Rico,True,True,True,True,True,True,True,True,1950
72063,Gurabo Municipio,Puerto Rico,False,False,True,True,True,True,True,True,1970
72065,Hatillo Municipio,Puerto Rico,False,False,False,True,True,True,True,True,1980
72067,Hormigueros Municipio,Puerto Rico,False,False,True,True,True,True,True,True,1970
72069,Humacao Municipio,Puerto Rico,False,False,False,True,True,True,True,True,1980
72071,Isabela Municipio,Puerto Rico,False,False,False,True,False,False,True,True,1980
72073,Jayuya Municipio,Puerto Rico,False,False,False,False,False,False,False,False,0
72075,Juana Díaz Municipio,Puerto Rico,False,False,True,True,True,True,True,True,1970
72077,Juncos Municipio,Puerto Rico,False,False,False,True,True,True,True,True,1980
72079,Lajas Municipio,Puerto Rico,False,False,False,False,False,False,True,True,2010
72081,Lares Municipio,Puerto Rico,False,False,False,False,False,False,True,False,2010
72083,Las Marías Municipio,Puerto Rico,False,False,False,False,False,False,False,False,0
72085,Las Piedras Municipio,Puerto Rico,False,False,False,True,True,True,True,True,1980
72087,Loíza Municipio,Puerto Rico,False,False,True,True,True,True,True,True,1970
72089,Luquillo Municipio,Puerto Rico,False,False,False,True,True,True,True,True,1980
72091,Manatí Municipio,Puerto Rico,False,False,False,True,True,True,True,True,1980
72093,Maricao Municipio,Puerto Rico,False,False,False,False,False,False,False,False,0
72095,Maunabo Municipio,Puerto Rico,False,False,False,False,False,False,True,True,2010
72097,Mayagüez Municipio,Puerto Rico,True,True,True,True,True,True,True,True,1950
72099,Moca Municipio,Puerto Rico,False,False,False,True,True,True,True,True,1980
72101,Morovis Municipio,Puerto Rico,False,False,False,False,True,True,True,True,1990
72103,Naguabo Municipio,Puerto Rico,False,False,False,False,True,True,True,True,1990
72105,Naranjito Municipio,Puerto Rico,False,False,False,True,True,True,True,True,1980
72107,Orocovis Municipio,Puerto Rico,False,False,False,False,False,False,True,True,2010
72109,Patillas Municipio,Puerto Rico,False,False,False,False,False,False,True,True,2010
72111,Peñuelas Municipio,Puerto Rico,False,False,False,False,True,True,True,True,1990
72113,Ponce Municipio,Puerto Rico,True,True,True,True,True,True,True,True,1950
72115,Quebradillas Municipio,Puerto Rico,False,False,False,True,False,False,True,True,1980
72117,Rincón Municipio,Puerto Rico,False,False,False,False,False,False,True,True,2010
72119,Río Grande Municipio,Puerto Rico,False,False,False,True,True,True,True,True,1980
72121,Sabana Grande Municipio,Puerto Rico,False,False,False,False,True,True,True,True,1990
72123,Salinas Municipio,Puerto Rico,False,False,False,False,False,False,False,False,0
72125,San Germán Municipio,Puerto Rico,False,False,False,True,True,True,True,True,1980
72127,San Juan Municipio,Puerto Rico,True,True,True,True,True,True,True,True,1950
72129,San Lorenzo Municipio,Puerto Rico,False,False,True,True,True,True,True,True,1970
72131,San Sebastián Municipio,Puerto Rico,False,False,False,False,False,False,True,True,2010
72133,Santa Isabel Municipio,Puerto Rico,False,False,False,False,False,False,False,False,0
72135,Toa Alta Municipio,Puerto Rico,False,False,False,True,True,True,True,True,1980
72137,Toa Baja Municipio,Puerto Rico,False,False,True,True,True,True,True,True,1970
72139,Trujillo Alto Municipio,Puerto Rico,False,False,True,True,True,True,True,True,1970
72141,Utuado Municipio,Puerto Rico,False,False,False,False,False,False,True,False,2010
72143,Vega Alta Municipio,Puerto Rico,False,False,False,True,True,True,True,True,1980
72145,Vega Baja Municipio,Puerto Rico,False,False,False,True,True,True,True,True,1980
72147,Vieques Municipio,Puerto Rico,False,False,False,False,False,False,False,False,0
72149,Villalba Municipio,Puerto Rico,False,False,True,False,True,True,True,True,1970
72151,Yabucoa Municipio,Puerto Rico,False,False,False,False,True,True,True,True,1990
72153,Yauco Municipio,Puerto Rico,False,False,False,False,True,True,True,True,1990
