county_fips,in_1950_sma_central,in_1950_sma,in_modern_msa,class
01001,0,False,True,C_newly_added_msa
01003,0,False,True,C_newly_added_msa
01005,0,False,False,D_persistent_nonmetro
01007,0,False,True,C_newly_added_msa
01009,0,False,True,C_newly_added_msa
01011,0,False,False,D_persistent_nonmetro
01013,0,False,False,D_persistent_nonmetro
01015,0,False,True,C_newly_added_msa
01017,0,False,False,D_persistent_nonmetro
01019,0,False,False,D_persistent_nonmetro
01021,0,False,True,C_newly_added_msa
01023,0,False,False,D_persistent_nonmetro
01025,0,False,False,D_persistent_nonmetro
01027,0,False,False,D_persistent_nonmetro
01029,0,False,False,D_persistent_nonmetro
01031,0,False,False,D_persistent_nonmetro
01033,0,False,True,C_newly_added_msa
01035,0,False,False,D_persistent_nonmetro
01037,0,False,False,D_persistent_nonmetro
01039,0,False,False,D_persistent_nonmetro
01041,0,False,False,D_persistent_nonmetro
01043,0,False,False,D_persistent_nonmetro
01045,0,False,False,D_persistent_nonmetro
01047,0,False,False,D_persistent_nonmetro
01049,0,False,False,D_persistent_nonmetro
01051,0,False,True,C_newly_added_msa
01053,0,False,False,D_persistent_nonmetro
01055,1,True,True,A_city_core
01057,0,False,False,D_persistent_nonmetro
01059,0,False,False,D_persistent_nonmetro
01061,0,False,True,C_newly_added_msa
01063,0,False,True,C_newly_added_msa
01065,0,False,True,C_newly_added_msa
01067,0,False,True,C_newly_added_msa
01069,0,False,True,C_newly_added_msa
01071,0,False,False,D_persistent_nonmetro
01073,1,True,True,A_city_core
01075,0,False,False,D_persistent_nonmetro
01077,0,False,True,C_newly_added_msa
01079,0,False,True,C_newly_added_msa
01081,0,False,True,C_newly_added_msa
01083,0,False,True,C_newly_added_msa
01085,0,False,True,C_newly_added_msa
01087,0,False,True,C_newly_added_msa
01089,0,False,True,C_newly_added_msa
01091,0,False,False,D_persistent_nonmetro
01093,0,False,False,D_persistent_nonmetro
01095,0,False,False,D_persistent_nonmetro
01097,1,True,True,A_city_core
01099,0,False,False,D_persistent_nonmetro
01101,1,True,True,A_city_core
01103,0,False,True,C_newly_added_msa
01105,0,False,False,D_persistent_nonmetro
01107,0,False,True,C_newly_added_msa
01109,0,False,False,D_persistent_nonmetro
01111,0,False,False,D_persistent_nonmetro
01113,0,True,True,B_original_suburb
01115,0,False,True,C_newly_added_msa
01117,0,False,True,C_newly_added_msa
01119,0,False,False,D_persistent_nonmetro
01121,0,False,False,D_persistent_nonmetro
01123,0,False,False,D_persistent_nonmetro
01125,0,False,True,C_newly_added_msa
01127,0,False,True,C_newly_added_msa
01129,0,False,False,D_persistent_nonmetro
01131,0,False,False,D_persistent_nonmetro
01133,0,False,False,D_persistent_nonmetro
02001,0,False,False,D_persistent_nonmetro
02003,0,False,False,D_persistent_nonmetro
02007,0,False,False,D_persistent_nonmetro
02011,0,False,False,D_persistent_nonmetro
04001,0,False,False,D_persistent_nonmetro
04003,0,False,True,C_newly_added_msa
04005,0,False,True,C_newly_added_msa
04007,0,False,False,D_persistent_nonmetro
04009,0,False,False,D_persistent_nonmetro
04011,0,False,False,D_persistent_nonmetro
04013,1,True,True,A_city_core
04015,0,False,True,C_newly_added_msa
04017,0,False,False,D_persistent_nonmetro
04019,0,False,True,C_newly_added_msa
04021,0,False,True,C_newly_added_msa
04023,0,False,False,D_persistent_nonmetro
04025,0,False,True,C_newly_added_msa
04027,0,False,True,C_newly_added_msa
05001,0,False,False,D_persistent_nonmetro
05003,0,False,False,D_persistent_nonmetro
05005,0,False,False,D_persistent_nonmetro
05007,0,False,True,C_newly_added_msa
05009,0,False,False,D_persistent_nonmetro
05011,0,False,False,D_persistent_nonmetro
05013,0,False,False,D_persistent_nonmetro
05015,0,False,False,D_persistent_nonmetro
05017,0,False,False,D_persistent_nonmetro
05019,0,False,False,D_persistent_nonmetro
05021,0,False,False,D_persistent_nonmetro
05023,0,False,False,D_persistent_nonmetro
05025,0,False,False,D_persistent_nonmetro
05027,0,False,False,D_persistent_nonmetro
05029,0,False,False,D_persistent_nonmetro
05031,0,False,True,C_newly_added_msa
05033,0,False,True,C_newly_added_msa
05035,0,False,True,C_newly_added_msa
05037,0,False,False,D_persistent_nonmetro
05039,0,False,False,D_persistent_nonmetro
05041,0,False,False,D_persistent_nonmetro
05043,0,False,False,D_persistent_nonmetro
05045,0,False,True,C_newly_added_msa
05047,0,False,False,D_persistent_nonmetro
05049,0,False,False,D_persistent_nonmetro
05051,0,False,True,C_newly_added_msa
05053,0,False,True,C_newly_added_msa
05055,0,False,False,D_persistent_nonmetro
05057,0,False,False,D_persistent_nonmetro
05059,0,False,False,D_persistent_nonmetro
05061,0,False,False,D_persistent_nonmetro
05063,0,False,False,D_persistent_nonmetro
05065,0,False,False,D_persistent_nonmetro
05067,0,False,False,D_persistent_nonmetro
05069,0,False,False,D_persistent_nonmetro
05071,0,False,False,D_persistent_nonmetro
05073,0,False,False,D_persistent_nonmetro
05075,0,False,False,D_persistent_nonmetro
05077,0,False,False,D_persistent_nonmetro
05079,0,False,False,D_persistent_nonmetro
05081,0,False,True,C_newly_added_msa
05083,0,False,False,D_persistent_nonmetro
05085,0,False,True,C_newly_added_msa
05087,0,False,True,C_newly_added_msa
05089,0,False,False,D_persistent_nonmetro
05091,0,False,True,C_newly_added_msa
05093,0,False,False,D_persistent_nonmetro
05095,0,False,False,D_persistent_nonmetro
05097,0,False,False,D_persistent_nonmetro
05099,0,False,False,D_persistent_nonmetro
05101,0,False,False,D_persistent_nonmetro
05103,0,False,False,D_persistent_nonmetro
05105,0,False,True,C_newly_added_msa
05107,0,False,False,D_persistent_nonmetro
05109,0,False,False,D_persistent_nonmetro
05111,0,False,True,C_newly_added_msa
05113,0,False,False,D_persistent_nonmetro
05115,0,False,False,D_persistent_nonmetro
05117,0,False,False,D_persistent_nonmetro
05119,1,True,True,A_city_core
05121,0,False,False,D_persistent_nonmetro
05123,0,False,False,D_persistent_nonmetro
05125,0,False,True,C_newly_added_msa
05127,0,False,False,D_persistent_nonmetro
05129,0,False,False,D_persistent_nonmetro
05131,0,False,True,C_newly_added_msa
05133,0,False,False,D_persistent_nonmetro
05135,0,False,False,D_persistent_nonmetro
05137,0,False,False,D_persistent_nonmetro
05139,0,False,False,D_persistent_nonmetro
05141,0,False,False,D_persistent_nonmetro
05143,0,False,True,C_newly_added_msa
05145,0,False,False,D_persistent_nonmetro
05147,0,False,False,D_persistent_nonmetro
05149,0,False,False,D_persistent_nonmetro
06001,1,True,True,A_city_core
06003,0,False,False,D_persistent_nonmetro
06005,0,False,False,D_persistent_nonmetro
06007,0,False,True,C_newly_added_msa
06009,0,False,False,D_persistent_nonmetro
06011,0,False,False,D_persistent_nonmetro
06013,0,True,True,B_original_suburb
06015,0,False,False,D_persistent_nonmetro
06017,0,False,True,C_newly_added_msa
06019,1,True,True,A_city_core
06021,0,False,False,D_persistent_nonmetro
06023,0,False,False,D_persistent_nonmetro
06025,0,False,True,C_newly_added_msa
06027,0,False,False,D_persistent_nonmetro
06029,0,False,True,C_newly_added_msa
06031,0,False,True,C_newly_added_msa
06033,0,False,False,D_persistent_nonmetro
06035,0,False,False,D_persistent_nonmetro
06037,1,True,True,A_city_core
06039,0,False,True,C_newly_added_msa
06041,0,True,True,B_original_suburb
06043,0,False,False,D_persistent_nonmetro
06045,0,False,False,D_persistent_nonmetro
06047,0,False,True,C_newly_added_msa
06049,0,False,False,D_persistent_nonmetro
06051,0,False,False,D_persistent_nonmetro
06053,0,False,True,C_newly_added_msa
06055,0,False,True,C_newly_added_msa
06057,0,False,False,D_persistent_nonmetro
06059,0,True,True,B_original_suburb
06061,0,False,True,C_newly_added_msa
06063,0,False,False,D_persistent_nonmetro
06065,0,False,True,C_newly_added_msa
06067,1,True,True,A_city_core
06069,0,False,True,C_newly_added_msa
06071,1,True,True,A_city_core
06073,1,True,True,A_city_core
06075,1,True,True,A_city_core
06077,1,True,True,A_city_core
06079,0,False,True,C_newly_added_msa
06081,0,True,True,B_original_suburb
06083,0,False,True,C_newly_added_msa
06085,1,True,True,A_city_core
06087,0,False,True,C_newly_added_msa
06089,0,False,True,C_newly_added_msa
06091,0,False,False,D_persistent_nonmetro
06093,0,False,False,D_persistent_nonmetro
06095,0,True,True,B_original_suburb
06097,0,False,True,C_newly_added_msa
06099,0,False,True,C_newly_added_msa
06101,0,False,True,C_newly_added_msa
06103,0,False,False,D_persistent_nonmetro
06105,0,False,False,D_persistent_nonmetro
06107,0,False,True,C_newly_added_msa
06109,0,False,False,D_persistent_nonmetro
06111,0,False,True,C_newly_added_msa
06113,0,False,True,C_newly_added_msa
06115,0,False,True,C_newly_added_msa
08001,0,True,True,B_original_suburb
08003,0,False,False,D_persistent_nonmetro
08005,0,True,True,B_original_suburb
08007,0,False,False,D_persistent_nonmetro
08009,0,False,False,D_persistent_nonmetro
08011,0,False,False,D_persistent_nonmetro
08013,0,False,True,C_newly_added_msa
08015,0,False,False,D_persistent_nonmetro
08017,0,False,False,D_persistent_nonmetro
08019,0,False,True,C_newly_added_msa
08021,0,False,False,D_persistent_nonmetro
08023,0,False,False,D_persistent_nonmetro
08025,0,False,False,D_persistent_nonmetro
08027,0,False,False,D_persistent_nonmetro
08029,0,False,False,D_persistent_nonmetro
08031,1,True,True,A_city_core
08033,0,False,False,D_persistent_nonmetro
08035,0,False,True,C_newly_added_msa
08037,0,False,False,D_persistent_nonmetro
08039,0,False,True,C_newly_added_msa
08041,0,False,True,C_newly_added_msa
08043,0,False,False,D_persistent_nonmetro
08045,0,False,False,D_persistent_nonmetro
08047,0,False,True,C_newly_added_msa
08049,0,False,False,D_persistent_nonmetro
08051,0,False,False,D_persistent_nonmetro
08053,0,False,False,D_persistent_nonmetro
08055,0,False,False,D_persistent_nonmetro
08057,0,False,False,D_persistent_nonmetro
08059,0,True,True,B_original_suburb
08061,0,False,False,D_persistent_nonmetro
08063,0,False,False,D_persistent_nonmetro
08065,0,False,False,D_persistent_nonmetro
08067,0,False,False,D_persistent_nonmetro
08069,0,False,True,C_newly_added_msa
08071,0,False,False,D_persistent_nonmetro
08073,0,False,False,D_persistent_nonmetro
08075,0,False,False,D_persistent_nonmetro
08077,0,False,True,C_newly_added_msa
08079,0,False,False,D_persistent_nonmetro
08081,0,False,False,D_persistent_nonmetro
08083,0,False,False,D_persistent_nonmetro
08085,0,False,False,D_persistent_nonmetro
08087,0,False,False,D_persistent_nonmetro
08089,0,False,False,D_persistent_nonmetro
08091,0,False,False,D_persistent_nonmetro
08093,0,False,True,C_newly_added_msa
08095,0,False,False,D_persistent_nonmetro
08097,0,False,False,D_persistent_nonmetro
08099,0,False,False,D_persistent_nonmetro
08101,1,True,True,A_city_core
08103,0,False,False,D_persistent_nonmetro
08105,0,False,False,D_persistent_nonmetro
08107,0,False,False,D_persistent_nonmetro
08109,0,False,False,D_persistent_nonmetro
08111,0,False,False,D_persistent_nonmetro
08113,0,False,False,D_persistent_nonmetro
08115,0,False,False,D_persistent_nonmetro
08117,0,False,False,D_persistent_nonmetro
08119,0,False,True,C_newly_added_msa
08121,0,False,False,D_persistent_nonmetro
08123,0,False,True,C_newly_added_msa
08125,0,False,False,D_persistent_nonmetro
09001,1,True,False,A_city_core
09003,1,True,False,A_city_core
09005,0,True,False,B_original_suburb
09007,0,False,False,D_persistent_nonmetro
09009,1,True,False,A_city_core
09011,0,False,False,D_persistent_nonmetro
09013,0,False,False,D_persistent_nonmetro
09015,0,False,False,D_persistent_nonmetro
10001,0,False,True,C_newly_added_msa
10003,1,True,True,A_city_core
10005,0,False,False,D_persistent_nonmetro
12001,0,False,True,C_newly_added_msa
12003,0,False,True,C_newly_added_msa
12005,0,False,True,C_newly_added_msa
12007,0,False,False,D_persistent_nonmetro
12009,0,False,True,C_newly_added_msa
12011,0,False,True,C_newly_added_msa
12013,0,False,False,D_persistent_nonmetro
12015,0,False,True,C_newly_added_msa
12017,0,False,True,C_newly_added_msa
12019,0,False,True,C_newly_added_msa
12021,0,False,True,C_newly_added_msa
12023,0,False,False,D_persistent_nonmetro
12025,1,True,False,A_city_core
12027,0,False,False,D_persistent_nonmetro
12029,0,False,False,D_persistent_nonmetro
12031,1,True,True,A_city_core
12033,0,False,True,C_newly_added_msa
12035,0,False,True,C_newly_added_msa
12037,0,False,False,D_persistent_nonmetro
12039,0,False,True,C_newly_added_msa
12041,0,False,True,C_newly_added_msa
12043,0,False,False,D_persistent_nonmetro
12045,0,False,False,D_persistent_nonmetro
12047,0,False,False,D_persistent_nonmetro
12049,0,False,False,D_persistent_nonmetro
12051,0,False,False,D_persistent_nonmetro
12053,0,False,True,C_newly_added_msa
12055,0,False,True,C_newly_added_msa
12057,1,True,True,A_city_core
12059,0,False,False,D_persistent_nonmetro
12061,0,False,True,C_newly_added_msa
12063,0,False,False,D_persistent_nonmetro
12065,0,False,True,C_newly_added_msa
12067,0,False,False,D_persistent_nonmetro
12069,0,False,True,C_newly_added_msa
12071,0,False,True,C_newly_added_msa
12073,0,False,True,C_newly_added_msa
12075,0,False,True,C_newly_added_msa
12077,0,False,False,D_persistent_nonmetro
12079,0,False,False,D_persistent_nonmetro
12081,0,False,True,C_newly_added_msa
12083,0,False,True,C_newly_added_msa
12085,0,False,True,C_newly_added_msa
12087,0,False,False,D_persistent_nonmetro
12089,0,False,True,C_newly_added_msa
12091,0,False,True,C_newly_added_msa
12093,0,False,False,D_persistent_nonmetro
12095,1,True,True,A_city_core
12097,0,False,True,C_newly_added_msa
12099,0,False,True,C_newly_added_msa
12101,0,False,True,C_newly_added_msa
12103,1,True,True,A_city_core
12105,0,False,True,C_newly_added_msa
12107,0,False,False,D_persistent_nonmetro
12109,0,False,True,C_newly_added_msa
12111,0,False,True,C_newly_added_msa
12113,0,False,True,C_newly_added_msa
12115,0,False,True,C_newly_added_msa
12117,0,False,True,C_newly_added_msa
12119,0,False,True,C_newly_added_msa
12121,0,False,False,D_persistent_nonmetro
12123,0,False,False,D_persistent_nonmetro
12125,0,False,False,D_persistent_nonmetro
12127,0,False,True,C_newly_added_msa
12129,0,False,True,C_newly_added_msa
12131,0,False,True,C_newly_added_msa
12133,0,False,True,C_newly_added_msa
13001,0,False,False,D_persistent_nonmetro
13003,0,False,False,D_persistent_nonmetro
13005,0,False,False,D_persistent_nonmetro
13007,0,False,False,D_persistent_nonmetro
13009,0,False,False,D_persistent_nonmetro
13011,0,False,False,D_persistent_nonmetro
13013,0,False,True,C_newly_added_msa
13015,0,False,True,C_newly_added_msa
13017,0,False,False,D_persistent_nonmetro
13019,0,False,False,D_persistent_nonmetro
13021,1,True,True,A_city_core
13023,0,False,False,D_persistent_nonmetro
13025,0,False,True,C_newly_added_msa
13027,0,False,True,C_newly_added_msa
13029,0,False,True,C_newly_added_msa
13031,0,False,False,D_persistent_nonmetro
13033,0,False,True,C_newly_added_msa
13035,0,False,True,C_newly_added_msa
13037,0,False,False,D_persistent_nonmetro
13039,0,False,False,D_persistent_nonmetro
13043,0,False,False,D_persistent_nonmetro
13045,0,False,True,C_newly_added_msa
13047,0,False,True,C_newly_added_msa
13049,0,False,False,D_persistent_nonmetro
13051,1,True,True,A_city_core
13053,0,True,True,B_original_suburb
13055,0,False,False,D_persistent_nonmetro
13057,0,False,True,C_newly_added_msa
13059,0,False,True,C_newly_added_msa
13061,0,False,False,D_persistent_nonmetro
13063,0,False,True,C_newly_added_msa
13065,0,False,False,D_persistent_nonmetro
13067,0,True,True,B_original_suburb
13069,0,False,False,D_persistent_nonmetro
13071,0,False,False,D_persistent_nonmetro
13073,0,False,True,C_newly_added_msa
13075,0,False,False,D_persistent_nonmetro
13077,0,False,True,C_newly_added_msa
13079,0,False,True,C_newly_added_msa
13081,0,False,False,D_persistent_nonmetro
13083,0,False,True,C_newly_added_msa
13085,0,False,True,C_newly_added_msa
13087,0,False,False,D_persistent_nonmetro
13089,0,True,True,B_original_suburb
13091,0,False,False,D_persistent_nonmetro
13093,0,False,False,D_persistent_nonmetro
13095,0,False,True,C_newly_added_msa
13097,0,False,True,C_newly_added_msa
13099,0,False,False,D_persistent_nonmetro
13101,0,False,True,C_newly_added_msa
13103,0,False,True,C_newly_added_msa
13105,0,False,False,D_persistent_nonmetro
13107,0,False,False,D_persistent_nonmetro
13109,0,False,False,D_persistent_nonmetro
13111,0,False,False,D_persistent_nonmetro
13113,0,False,True,C_newly_added_msa
13115,0,False,True,C_newly_added_msa
13117,0,False,True,C_newly_added_msa
13119,0,False,False,D_persistent_nonmetro
13121,1,True,True,A_city_core
13123,0,False,False,D_persistent_nonmetro
13125,0,False,False,D_persistent_nonmetro
13127,0,False,True,C_newly_added_msa
13129,0,False,False,D_persistent_nonmetro
13131,0,False,False,D_persistent_nonmetro
13133,0,False,False,D_persistent_nonmetro
13135,0,False,True,C_newly_added_msa
13137,0,False,False,D_persistent_nonmetro
13139,0,False,True,C_newly_added_msa
13141,0,False,False,D_persistent_nonmetro
13143,0,False,True,C_newly_added_msa
13145,0,False,True,C_newly_added_msa
13147,0,False,False,D_persistent_nonmetro
13149,0,False,True,C_newly_added_msa
13151,0,False,True,C_newly_added_msa
13153,0,True,True,B_original_suburb
13155,0,False,False,D_persistent_nonmetro
13157,0,False,False,D_persistent_nonmetro
13159,0,False,True,C_newly_added_msa
13161,0,False,False,D_persistent_nonmetro
13163,0,False,False,D_persistent_nonmetro
13165,0,False,False,D_persistent_nonmetro
13167,0,False,False,D_persistent_nonmetro
13169,0,False,True,C_newly_added_msa
13171,0,False,False,D_persistent_nonmetro
13173,0,False,True,C_newly_added_msa
13175,0,False,False,D_persistent_nonmetro
13177,0,False,True,C_newly_added_msa
13179,0,False,True,C_newly_added_msa
13181,0,False,True,C_newly_added_msa
13183,0,False,True,C_newly_added_msa
13185,0,False,True,C_newly_added_msa
13187,0,False,True,C_newly_added_msa
13189,0,False,True,C_newly_added_msa
13191,0,False,True,C_newly_added_msa
13193,0,False,False,D_persistent_nonmetro
13195,0,False,True,C_newly_added_msa
13197,0,False,True,C_newly_added_msa
13199,0,False,True,C_newly_added_msa
13201,0,False,False,D_persistent_nonmetro
13205,0,False,False,D_persistent_nonmetro
13207,0,False,True,C_newly_added_msa
13209,0,False,False,D_persistent_nonmetro
13211,0,False,True,C_newly_added_msa
13213,0,False,True,C_newly_added_msa
13215,1,True,True,A_city_core
13217,0,False,True,C_newly_added_msa
13219,0,False,True,C_newly_added_msa
13221,0,False,True,C_newly_added_msa
13223,0,False,True,C_newly_added_msa
13225,0,False,True,C_newly_added_msa
13227,0,False,True,C_newly_added_msa
13229,0,False,False,D_persistent_nonmetro
13231,0,False,True,C_newly_added_msa
13233,0,False,False,D_persistent_nonmetro
13235,0,False,False,D_persistent_nonmetro
13237,0,False,False,D_persistent_nonmetro
13239,0,False,False,D_persistent_nonmetro
13241,0,False,False,D_persistent_nonmetro
13243,0,False,False,D_persistent_nonmetro
13245,1,True,True,A_city_core
13247,0,False,True,C_newly_added_msa
13249,0,False,False,D_persistent_nonmetro
13251,0,False,False,D_persistent_nonmetro
13253,0,False,False,D_persistent_nonmetro
13255,0,False,True,C_newly_added_msa
13257,0,False,False,D_persistent_nonmetro
13259,0,False,True,C_newly_added_msa
13261,0,False,False,D_persistent_nonmetro
13263,0,False,True,C_newly_added_msa
13265,0,False,False,D_persistent_nonmetro
13267,0,False,False,D_persistent_nonmetro
13269,0,False,False,D_persistent_nonmetro
13271,0,False,False,D_persistent_nonmetro
13273,0,False,True,C_newly_added_msa
13275,0,False,False,D_persistent_nonmetro
13277,0,False,False,D_persistent_nonmetro
13279,0,False,False,D_persistent_nonmetro
13281,0,False,False,D_persistent_nonmetro
13283,0,False,False,D_persistent_nonmetro
13285,0,False,False,D_persistent_nonmetro
13287,0,False,False,D_persistent_nonmetro
13289,0,False,True,C_newly_added_msa
13291,0,False,False,D_persistent_nonmetro
13293,0,False,False,D_persistent_nonmetro
13295,0,True,True,B_original_suburb
13297,0,False,True,C_newly_added_msa
13299,0,False,False,D_persistent_nonmetro
13301,0,False,False,D_persistent_nonmetro
13303,0,False,False,D_persistent_nonmetro
13305,0,False,False,D_persistent_nonmetro
13307,0,False,False,D_persistent_nonmetro
13309,0,False,False,D_persistent_nonmetro
13311,0,False,False,D_persistent_nonmetro
13313,0,False,True,C_newly_added_msa
13315,0,False,False,D_persistent_nonmetro
13317,0,False,False,D_persistent_nonmetro
13319,0,False,False,D_persistent_nonmetro
13321,0,False,True,C_newly_added_msa
15001,0,False,False,D_persistent_nonmetro
15003,1,True,True,A_city_core
15007,0,False,False,D_persistent_nonmetro
15009,0,False,True,C_newly_added_msa
16001,0,False,True,C_newly_added_msa
16003,0,False,False,D_persistent_nonmetro
16005,0,False,True,C_newly_added_msa
16007,0,False,False,D_persistent_nonmetro
16009,0,False,False,D_persistent_nonmetro
16011,0,False,False,D_persistent_nonmetro
16013,0,False,False,D_persistent_nonmetro
16015,0,False,True,C_newly_added_msa
16017,0,False,False,D_persistent_nonmetro
16019,0,False,True,C_newly_added_msa
16021,0,False,False,D_persistent_nonmetro
16023,0,False,True,C_newly_added_msa
16025,0,False,False,D_persistent_nonmetro
16027,0,False,True,C_newly_added_msa
16029,0,False,False,D_persistent_nonmetro
16031,0,False,False,D_persistent_nonmetro
16033,0,False,False,D_persistent_nonmetro
16035,0,False,False,D_persistent_nonmetro
16037,0,False,False,D_persistent_nonmetro
16039,0,False,False,D_persistent_nonmetro
16041,0,False,True,C_newly_added_msa
16043,0,False,False,D_persistent_nonmetro
16045,0,False,True,C_newly_added_msa
16047,0,False,False,D_persistent_nonmetro
16049,0,False,False,D_persistent_nonmetro
16051,0,False,True,C_newly_added_msa
16053,0,False,True,C_newly_added_msa
16055,0,False,True,C_newly_added_msa
16057,0,False,False,D_persistent_nonmetro
16059,0,False,False,D_persistent_nonmetro
16061,0,False,False,D_persistent_nonmetro
16063,0,False,False,D_persistent_nonmetro
16065,0,False,False,D_persistent_nonmetro
16067,0,False,False,D_persistent_nonmetro
16069,0,False,True,C_newly_added_msa
16071,0,False,False,D_persistent_nonmetro
16073,0,False,True,C_newly_added_msa
16075,0,False,False,D_persistent_nonmetro
16077,0,False,False,D_persistent_nonmetro
16079,0,False,False,D_persistent_nonmetro
16081,0,False,False,D_persistent_nonmetro
16083,0,False,True,C_newly_added_msa
16085,0,False,False,D_persistent_nonmetro
16087,0,False,False,D_persistent_nonmetro
17001,0,False,False,D_persistent_nonmetro
17003,0,False,True,C_newly_added_msa
17005,0,False,True,C_newly_added_msa
17007,0,False,True,C_newly_added_msa
17009,0,False,False,D_persistent_nonmetro
17011,0,False,False,D_persistent_nonmetro
17013,0,False,True,C_newly_added_msa
17015,0,False,False,D_persistent_nonmetro
17017,0,False,False,D_persistent_nonmetro
17019,0,False,True,C_newly_added_msa
17021,0,False,False,D_persistent_nonmetro
17023,0,False,False,D_persistent_nonmetro
17025,0,False,False,D_persistent_nonmetro
17027,0,False,True,C_newly_added_msa
17029,0,False,False,D_persistent_nonmetro
17031,1,True,True,A_city_core
17033,0,False,False,D_persistent_nonmetro
17035,0,False,False,D_persistent_nonmetro
17037,0,False,True,C_newly_added_msa
17039,0,False,False,D_persistent_nonmetro
17041,0,False,False,D_persistent_nonmetro
17043,0,True,True,B_original_suburb
17045,0,False,False,D_persistent_nonmetro
17047,0,False,False,D_persistent_nonmetro
17049,0,False,False,D_persistent_nonmetro
17051,0,False,False,D_persistent_nonmetro
17053,0,False,True,C_newly_added_msa
17055,0,False,False,D_persistent_nonmetro
17057,0,False,False,D_persistent_nonmetro
17059,0,False,False,D_persistent_nonmetro
17061,0,False,False,D_persistent_nonmetro
17063,0,False,True,C_newly_added_msa
17065,0,False,False,D_persistent_nonmetro
17067,0,False,False,D_persistent_nonmetro
17069,0,False,False,D_persistent_nonmetro
17071,0,False,False,D_persistent_nonmetro
17073,0,False,True,C_newly_added_msa
17075,0,False,False,D_persistent_nonmetro
17077,0,False,False,D_persistent_nonmetro
17079,0,False,False,D_persistent_nonmetro
17081,0,False,False,D_persistent_nonmetro
17083,0,False,True,C_newly_added_msa
17085,0,False,False,D_persistent_nonmetro
17087,0,False,False,D_persistent_nonmetro
17089,0,True,True,B_original_suburb
17091,0,False,True,C_newly_added_msa
17093,0,False,True,C_newly_added_msa
17095,0,False,False,D_persistent_nonmetro
17097,0,True,True,B_original_suburb
17099,0,False,False,D_persistent_nonmetro
17101,0,False,False,D_persistent_nonmetro
17103,0,False,False,D_persistent_nonmetro
17105,0,False,False,D_persistent_nonmetro
17107,0,False,False,D_persistent_nonmetro
17109,0,False,False,D_persistent_nonmetro
17111,0,False,True,C_newly_added_msa
17113,0,False,True,C_newly_added_msa
17115,1,True,True,A_city_core
17117,0,False,True,C_newly_added_msa
17119,0,True,True,B_original_suburb
17121,0,False,False,D_persistent_nonmetro
17123,0,False,True,C_newly_added_msa
17125,0,False,False,D_persistent_nonmetro
17127,0,False,True,C_newly_added_msa
17129,0,False,True,C_newly_added_msa
17131,0,False,True,C_newly_added_msa
17133,0,False,True,C_newly_added_msa
17135,0,False,False,D_persistent_nonmetro
17137,0,False,False,D_persistent_nonmetro
17139,0,False,False,D_persistent_nonmetro
17141,0,False,False,D_persistent_nonmetro
17143,1,True,True,A_city_core
17145,0,False,False,D_persistent_nonmetro
17147,0,False,True,C_newly_added_msa
17149,0,False,False,D_persistent_nonmetro
17151,0,False,False,D_persistent_nonmetro
17153,0,False,False,D_persistent_nonmetro
17155,0,False,False,D_persistent_nonmetro
17157,0,False,False,D_persistent_nonmetro
17159,0,False,False,D_persistent_nonmetro
17161,1,True,True,A_city_core
17163,0,True,True,B_original_suburb
17165,0,False,False,D_persistent_nonmetro
17167,1,True,True,A_city_core
17169,0,False,False,D_persistent_nonmetro
17171,0,False,False,D_persistent_nonmetro
17173,0,False,False,D_persistent_nonmetro
17175,0,False,True,C_newly_added_msa
17177,0,False,False,D_persistent_nonmetro
17179,0,True,True,B_original_suburb
17181,0,False,False,D_persistent_nonmetro
17183,0,False,False,D_persistent_nonmetro
17185,0,False,False,D_persistent_nonmetro
17187,0,False,False,D_persistent_nonmetro
17189,0,False,False,D_persistent_nonmetro
17191,0,False,False,D_persistent_nonmetro
17193,0,False,False,D_persistent_nonmetro
17195,0,False,False,D_persistent_nonmetro
17197,0,True,True,B_original_suburb
17199,0,False,False,D_persistent_nonmetro
17201,1,True,True,A_city_core
17203,0,False,True,C_newly_added_msa
18001,0,False,False,D_persistent_nonmetro
18003,1,True,True,A_city_core
18005,0,False,True,C_newly_added_msa
18007,0,False,True,C_newly_added_msa
18009,0,False,False,D_persistent_nonmetro
18011,0,False,True,C_newly_added_msa
18013,0,False,True,C_newly_added_msa
18015,0,False,True,C_newly_added_msa
18017,0,False,False,D_persistent_nonmetro
18019,0,True,True,B_original_suburb
18021,0,False,True,C_newly_added_msa
18023,0,False,False,D_persistent_nonmetro
18025,0,False,False,D_persistent_nonmetro
18027,0,False,False,D_persistent_nonmetro
18029,0,False,True,C_newly_added_msa
18031,0,False,False,D_persistent_nonmetro
18033,0,False,False,D_persistent_nonmetro
18035,1,True,True,A_city_core
18037,0,False,False,D_persistent_nonmetro
18039,0,False,True,C_newly_added_msa
18041,0,False,False,D_persistent_nonmetro
18043,0,True,True,B_original_suburb
18045,0,False,False,D_persistent_nonmetro
18047,0,False,True,C_newly_added_msa
18049,0,False,False,D_persistent_nonmetro
18051,0,False,False,D_persistent_nonmetro
18053,0,False,False,D_persistent_nonmetro
18055,0,False,False,D_persistent_nonmetro
18057,0,False,True,C_newly_added_msa
18059,0,False,True,C_newly_added_msa
18061,0,False,True,C_newly_added_msa
18063,0,False,True,C_newly_added_msa
18065,0,False,False,D_persistent_nonmetro
18067,0,False,True,C_newly_added_msa
18069,0,False,False,D_persistent_nonmetro
18071,0,False,False,D_persistent_nonmetro
18073,0,False,True,C_newly_added_msa
18075,0,False,False,D_persistent_nonmetro
18077,0,False,False,D_persistent_nonmetro
18079,0,False,False,D_persistent_nonmetro
18081,0,False,True,C_newly_added_msa
18083,0,False,False,D_persistent_nonmetro
18085,0,False,False,D_persistent_nonmetro
18087,0,False,False,D_persistent_nonmetro
18089,0,True,True,B_original_suburb
18091,0,False,True,C_newly_added_msa
18093,0,False,False,D_persistent_nonmetro
18095,0,False,True,C_newly_added_msa
18097,1,True,True,A_city_core
18099,0,False,False,D_persistent_nonmetro
18101,0,False,False,D_persistent_nonmetro
18103,0,False,False,D_persistent_nonmetro
18105,0,False,True,C_newly_added_msa
18107,0,False,False,D_persistent_nonmetro
18109,0,False,True,C_newly_added_msa
18111,0,False,True,C_newly_added_msa
18113,0,False,False,D_persistent_nonmetro
18115,0,False,True,C_newly_added_msa
18117,0,False,False,D_persistent_nonmetro
18119,0,False,True,C_newly_added_msa
18121,0,False,False,D_persistent_nonmetro
18123,0,False,False,D_persistent_nonmetro
18125,0,False,False,D_persistent_nonmetro
18127,0,False,True,C_newly_added_msa
18129,0,False,True,C_newly_added_msa
18131,0,False,False,D_persistent_nonmetro
18133,0,False,False,D_persistent_nonmetro
18135,0,False,False,D_persistent_nonmetro
18137,0,False,False,D_persistent_nonmetro
18139,0,False,False,D_persistent_nonmetro
18141,1,True,True,A_city_core
18143,0,False,False,D_persistent_nonmetro
18145,0,False,True,C_newly_added_msa
18147,0,False,False,D_persistent_nonmetro
18149,0,False,False,D_persistent_nonmetro
18151,0,False,False,D_persistent_nonmetro
18153,0,False,True,C_newly_added_msa
18155,0,False,False,D_persistent_nonmetro
18157,0,False,True,C_newly_added_msa
18159,0,False,True,C_newly_added_msa
18161,0,False,False,D_persistent_nonmetro
18163,1,True,True,A_city_core
18165,0,False,True,C_newly_added_msa
18167,1,True,True,A_city_core
18169,0,False,False,D_persistent_nonmetro
18171,0,False,True,C_newly_added_msa
18173,0,False,True,C_newly_added_msa
18175,0,False,True,C_newly_added_msa
18177,0,False,False,D_persistent_nonmetro
18179,0,False,True,C_newly_added_msa
18181,0,False,False,D_persistent_nonmetro
18183,0,False,True,C_newly_added_msa
19001,0,False,False,D_persistent_nonmetro
19003,0,False,False,D_persistent_nonmetro
19005,0,False,False,D_persistent_nonmetro
19007,0,False,False,D_persistent_nonmetro
19009,0,False,False,D_persistent_nonmetro
19011,0,False,True,C_newly_added_msa
19013,1,True,True,A_city_core
19015,0,False,True,C_newly_added_msa
19017,0,False,True,C_newly_added_msa
19019,0,False,False,D_persistent_nonmetro
19021,0,False,False,D_persistent_nonmetro
19023,0,False,False,D_persistent_nonmetro
19025,0,False,False,D_persistent_nonmetro
19027,0,False,False,D_persistent_nonmetro
19029,0,False,False,D_persistent_nonmetro
19031,0,False,False,D_persistent_nonmetro
19033,0,False,False,D_persistent_nonmetro
19035,0,False,False,D_persistent_nonmetro
19037,0,False,False,D_persistent_nonmetro
19039,0,False,False,D_persistent_nonmetro
19041,0,False,False,D_persistent_nonmetro
19043,0,False,False,D_persistent_nonmetro
19045,0,False,False,D_persistent_nonmetro
19047,0,False,False,D_persistent_nonmetro
19049,0,False,True,C_newly_added_msa
19051,0,False,False,D_persistent_nonmetro
19053,0,False,False,D_persistent_nonmetro
19055,0,False,False,D_persistent_nonmetro
19057,0,False,False,D_persistent_nonmetro
19059,0,False,False,D_persistent_nonmetro
19061,0,False,True,C_newly_added_msa
19063,0,False,False,D_persistent_nonmetro
19065,0,False,False,D_persistent_nonmetro
19067,0,False,False,D_persistent_nonmetro
19069,0,False,False,D_persistent_nonmetro
19071,0,False,False,D_persistent_nonmetro
19073,0,False,False,D_persistent_nonmetro
19075,0,False,True,C_newly_added_msa
19077,0,False,True,C_newly_added_msa
19079,0,False,False,D_persistent_nonmetro
19081,0,False,False,D_persistent_nonmetro
19083,0,False,False,D_persistent_nonmetro
19085,0,False,True,C_newly_added_msa
19087,0,False,False,D_persistent_nonmetro
19089,0,False,False,D_persistent_nonmetro
19091,0,False,False,D_persistent_nonmetro
19093,0,False,False,D_persistent_nonmetro
19095,0,False,False,D_persistent_nonmetro
19097,0,False,False,D_persistent_nonmetro
19099,0,False,True,C_newly_added_msa
19101,0,False,False,D_persistent_nonmetro
19103,0,False,True,C_newly_added_msa
19105,0,False,True,C_newly_added_msa
19107,0,False,False,D_persistent_nonmetro
19109,0,False,False,D_persistent_nonmetro
19111,0,False,False,D_persistent_nonmetro
19113,1,True,True,A_city_core
19115,0,False,False,D_persistent_nonmetro
19117,0,False,False,D_persistent_nonmetro
19119,0,False,False,D_persistent_nonmetro
19121,0,False,True,C_newly_added_msa
19123,0,False,False,D_persistent_nonmetro
19125,0,False,False,D_persistent_nonmetro
19127,0,False,False,D_persistent_nonmetro
19129,0,False,True,C_newly_added_msa
19131,0,False,False,D_persistent_nonmetro
19133,0,False,False,D_persistent_nonmetro
19135,0,False,False,D_persistent_nonmetro
19137,0,False,False,D_persistent_nonmetro
19139,0,False,False,D_persistent_nonmetro
19141,0,False,False,D_persistent_nonmetro
19143,0,False,False,D_persistent_nonmetro
19145,0,False,False,D_persistent_nonmetro
19147,0,False,False,D_persistent_nonmetro
19149,0,False,False,D_persistent_nonmetro
19151,0,False,False,D_persistent_nonmetro
19153,1,True,True,A_city_core
19155,0,True,True,B_original_suburb
19157,0,False,False,D_persistent_nonmetro
19159,0,False,False,D_persistent_nonmetro
19161,0,False,False,D_persistent_nonmetro
19163,1,True,True,A_city_core
19165,0,False,False,D_persistent_nonmetro
19167,0,False,False,D_persistent_nonmetro
19169,0,False,True,C_newly_added_msa
19171,0,False,False,D_persistent_nonmetro
19173,0,False,False,D_persistent_nonmetro
19175,0,False,False,D_persistent_nonmetro
19177,0,False,False,D_persistent_nonmetro
19179,0,False,False,D_persistent_nonmetro
19181,0,False,True,C_newly_added_msa
19183,0,False,True,C_newly_added_msa
19185,0,False,False,D_persistent_nonmetro
19187,0,False,False,D_persistent_nonmetro
19189,0,False,False,D_persistent_nonmetro
19191,0,False,False,D_persistent_nonmetro
19193,1,True,True,A_city_core
19195,0,False,False,D_persistent_nonmetro
19197,0,False,False,D_persistent_nonmetro
20001,0,False,False,D_persistent_nonmetro
20003,0,False,False,D_persistent_nonmetro
20005,0,False,False,D_persistent_nonmetro
20007,0,False,False,D_persistent_nonmetro
20009,0,False,False,D_persistent_nonmetro
20011,0,False,False,D_persistent_nonmetro
20013,0,False,False,D_persistent_nonmetro
20015,0,False,True,C_newly_added_msa
20017,0,False,False,D_persistent_nonmetro
20019,0,False,False,D_persistent_nonmetro
20021,0,False,True,C_newly_added_msa
20023,0,False,False,D_persistent_nonmetro
20025,0,False,False,D_persistent_nonmetro
20027,0,False,False,D_persistent_nonmetro
20029,0,False,False,D_persistent_nonmetro
20031,0,False,False,D_persistent_nonmetro
20033,0,False,False,D_persistent_nonmetro
20035,0,False,False,D_persistent_nonmetro
20037,0,False,False,D_persistent_nonmetro
20039,0,False,False,D_persistent_nonmetro
20041,0,False,False,D_persistent_nonmetro
20043,0,False,True,C_newly_added_msa
20045,0,False,True,C_newly_added_msa
20047,0,False,False,D_persistent_nonmetro
20049,0,False,False,D_persistent_nonmetro
20051,0,False,False,D_persistent_nonmetro
20053,0,False,False,D_persistent_nonmetro
20055,0,False,False,D_persistent_nonmetro
20057,0,False,False,D_persistent_nonmetro
20059,0,False,False,D_persistent_nonmetro
20061,0,False,True,C_newly_added_msa
20063,0,False,False,D_persistent_nonmetro
20065,0,False,False,D_persistent_nonmetro
20067,0,False,False,D_persistent_nonmetro
20069,0,False,False,D_persistent_nonmetro
20071,0,False,False,D_persistent_nonmetro
20073,0,False,False,D_persistent_nonmetro
20075,0,False,False,D_persistent_nonmetro
20077,0,False,False,D_persistent_nonmetro
20079,0,False,True,C_newly_added_msa
20081,0,False,False,D_persistent_nonmetro
20083,0,False,False,D_persistent_nonmetro
20085,0,False,True,C_newly_added_msa
20087,0,False,True,C_newly_added_msa
20089,0,False,False,D_persistent_nonmetro
20091,0,True,True,B_original_suburb
20093,0,False,False,D_persistent_nonmetro
20095,0,False,False,D_persistent_nonmetro
20097,0,False,False,D_persistent_nonmetro
20099,0,False,False,D_persistent_nonmetro
20101,0,False,False,D_persistent_nonmetro
20103,0,False,True,C_newly_added_msa
20105,0,False,False,D_persistent_nonmetro
20107,0,False,True,C_newly_added_msa
20109,0,False,False,D_persistent_nonmetro
20111,0,False,False,D_persistent_nonmetro
20113,0,False,False,D_persistent_nonmetro
20115,0,False,False,D_persistent_nonmetro
20117,0,False,False,D_persistent_nonmetro
20119,0,False,False,D_persistent_nonmetro
20121,0,False,True,C_newly_added_msa
20123,0,False,False,D_persistent_nonmetro
20125,0,False,False,D_persistent_nonmetro
20127,0,False,False,D_persistent_nonmetro
20129,0,False,False,D_persistent_nonmetro
20131,0,False,False,D_persistent_nonmetro
20133,0,False,False,D_persistent_nonmetro
20135,0,False,False,D_persistent_nonmetro
20137,0,False,False,D_persistent_nonmetro
20139,0,False,True,C_newly_added_msa
20141,0,False,False,D_persistent_nonmetro
20143,0,False,False,D_persistent_nonmetro
20145,0,False,False,D_persistent_nonmetro
20147,0,False,False,D_persistent_nonmetro
20149,0,False,True,C_newly_added_msa
20151,0,False,False,D_persistent_nonmetro
20153,0,False,False,D_persistent_nonmetro
20155,0,False,False,D_persistent_nonmetro
20157,0,False,False,D_persistent_nonmetro
20159,0,False,False,D_persistent_nonmetro
20161,0,False,True,C_newly_added_msa
20163,0,False,False,D_persistent_nonmetro
20165,0,False,False,D_persistent_nonmetro
20167,0,False,False,D_persistent_nonmetro
20169,0,False,False,D_persistent_nonmetro
20171,0,False,False,D_persistent_nonmetro
20173,1,True,True,A_city_core
20175,0,False,False,D_persistent_nonmetro
20177,1,True,True,A_city_core
20179,0,False,False,D_persistent_nonmetro
20181,0,False,False,D_persistent_nonmetro
20183,0,False,False,D_persistent_nonmetro
20185,0,False,False,D_persistent_nonmetro
20187,0,False,False,D_persistent_nonmetro
20189,0,False,False,D_persistent_nonmetro
20191,0,False,True,C_newly_added_msa
20193,0,False,False,D_persistent_nonmetro
20195,0,False,False,D_persistent_nonmetro
20197,0,False,True,C_newly_added_msa
20199,0,False,False,D_persistent_nonmetro
20201,0,False,False,D_persistent_nonmetro
20203,0,False,False,D_persistent_nonmetro
20205,0,False,False,D_persistent_nonmetro
20207,0,False,False,D_persistent_nonmetro
20209,1,True,True,A_city_core
21001,0,False,False,D_persistent_nonmetro
21003,0,False,True,C_newly_added_msa
21005,0,False,False,D_persistent_nonmetro
21007,0,False,True,C_newly_added_msa
21009,0,False,False,D_persistent_nonmetro
21011,0,False,False,D_persistent_nonmetro
21013,0,False,False,D_persistent_nonmetro
21015,0,False,True,C_newly_added_msa
21017,0,False,True,C_newly_added_msa
21019,1,True,True,A_city_core
21021,0,False,False,D_persistent_nonmetro
21023,0,False,True,C_newly_added_msa
21025,0,False,False,D_persistent_nonmetro
21027,0,False,False,D_persistent_nonmetro
21029,0,False,True,C_newly_added_msa
21031,0,False,True,C_newly_added_msa
21033,0,False,False,D_persistent_nonmetro
21035,0,False,False,D_persistent_nonmetro
21037,0,True,True,B_original_suburb
21039,0,False,True,C_newly_added_msa
21041,0,False,False,D_persistent_nonmetro
21043,0,False,True,C_newly_added_msa
21045,0,False,False,D_persistent_nonmetro
21047,0,False,True,C_newly_added_msa
21049,0,False,True,C_newly_added_msa
21051,0,False,False,D_persistent_nonmetro
21053,0,False,False,D_persistent_nonmetro
21055,0,False,False,D_persistent_nonmetro
21057,0,False,False,D_persistent_nonmetro
21059,0,False,True,C_newly_added_msa
21061,0,False,True,C_newly_added_msa
21063,0,False,False,D_persistent_nonmetro
21065,0,False,False,D_persistent_nonmetro
21067,1,True,True,A_city_core
21069,0,False,False,D_persistent_nonmetro
21071,0,False,False,D_persistent_nonmetro
21073,0,False,False,D_persistent_nonmetro
21075,0,False,False,D_persistent_nonmetro
21077,0,False,True,C_newly_added_msa
21079,0,False,False,D_persistent_nonmetro
21081,0,False,True,C_newly_added_msa
21083,0,False,False,D_persistent_nonmetro
21085,0,False,False,D_persistent_nonmetro
21087,0,False,False,D_persistent_nonmetro
21089,0,False,True,C_newly_added_msa
21091,0,False,False,D_persistent_nonmetro
21093,0,False,True,C_newly_added_msa
21095,0,False,False,D_persistent_nonmetro
21097,0,False,False,D_persistent_nonmetro
21099,0,False,False,D_persistent_nonmetro
21101,0,False,False,D_persistent_nonmetro
21103,0,False,True,C_newly_added_msa
21105,0,False,False,D_persistent_nonmetro
21107,0,False,False,D_persistent_nonmetro
21109,0,False,False,D_persistent_nonmetro
21111,1,True,True,A_city_core
21113,0,False,True,C_newly_added_msa
21115,0,False,False,D_persistent_nonmetro
21117,0,True,True,B_original_suburb
21119,0,False,False,D_persistent_nonmetro
21121,0,False,False,D_persistent_nonmetro
21123,0,False,True,C_newly_added_msa
21125,0,False,False,D_persistent_nonmetro
21127,0,False,True,C_newly_added_msa
21129,0,False,False,D_persistent_nonmetro
21131,0,False,False,D_persistent_nonmetro
21133,0,False,False,D_persistent_nonmetro
21135,0,False,False,D_persistent_nonmetro
21137,0,False,False,D_persistent_nonmetro
21139,0,False,True,C_newly_added_msa
21141,0,False,False,D_persistent_nonmetro
21143,0,False,False,D_persistent_nonmetro
21145,0,False,True,C_newly_added_msa
21147,0,False,False,D_persistent_nonmetro
21149,0,False,True,C_newly_added_msa
21151,0,False,False,D_persistent_nonmetro
21153,0,False,False,D_persistent_nonmetro
21155,0,False,False,D_persistent_nonmetro
21157,0,False,False,D_persistent_nonmetro
21159,0,False,False,D_persistent_nonmetro
21161,0,False,False,D_persistent_nonmetro
21163,0,False,True,C_newly_added_msa
21165,0,False,False,D_persistent_nonmetro
21167,0,False,False,D_persistent_nonmetro
21169,0,False,False,D_persistent_nonmetro
21171,0,False,False,D_persistent_nonmetro
21173,0,False,False,D_persistent_nonmetro
21175,0,False,False,D_persistent_nonmetro
21177,0,False,False,D_persistent_nonmetro
21179,0,False,True,C_newly_added_msa
21181,0,False,False,D_persistent_nonmetro
21183,0,False,False,D_persistent_nonmetro
21185,0,False,True,C_newly_added_msa
21187,0,False,False,D_persistent_nonmetro
21189,0,False,False,D_persistent_nonmetro
21191,0,False,True,C_newly_added_msa
21193,0,False,False,D_persistent_nonmetro
21195,0,False,False,D_persistent_nonmetro
21197,0,False,False,D_persistent_nonmetro
21199,0,False,False,D_persistent_nonmetro
21201,0,False,False,D_persistent_nonmetro
21203,0,False,False,D_persistent_nonmetro
21205,0,False,False,D_persistent_nonmetro
21207,0,False,False,D_persistent_nonmetro
21209,0,False,True,C_newly_added_msa
21211,0,False,True,C_newly_added_msa
21213,0,False,False,D_persistent_nonmetro
21215,0,False,True,C_newly_added_msa
21217,0,False,False,D_persistent_nonmetro
21219,0,False,False,D_persistent_nonmetro
21221,0,False,True,C_newly_added_msa
21223,0,False,False,D_persistent_nonmetro
21225,0,False,False,D_persistent_nonmetro
21227,0,False,True,C_newly_added_msa
21229,0,False,False,D_persistent_nonmetro
21231,0,False,False,D_persistent_nonmetro
21233,0,False,False,D_persistent_nonmetro
21235,0,False,False,D_persistent_nonmetro
21237,0,False,False,D_persistent_nonmetro
21239,0,False,True,C_newly_added_msa
22001,0,False,True,C_newly_added_msa
22003,0,False,False,D_persistent_nonmetro
22005,0,False,True,C_newly_added_msa
22007,0,False,True,C_newly_added_msa
22009,0,False,False,D_persistent_nonmetro
22011,0,False,False,D_persistent_nonmetro
22013,0,False,False,D_persistent_nonmetro
22015,0,False,True,C_newly_added_msa
22017,1,True,True,A_city_core
22019,0,False,True,C_newly_added_msa
22021,0,False,False,D_persistent_nonmetro
22023,0,False,True,C_newly_added_msa
22025,0,False,False,D_persistent_nonmetro
22027,0,False,False,D_persistent_nonmetro
22029,0,False,False,D_persistent_nonmetro
22031,0,False,True,C_newly_added_msa
22033,1,True,True,A_city_core
22035,0,False,False,D_persistent_nonmetro
22037,0,False,True,C_newly_added_msa
22039,0,False,False,D_persistent_nonmetro
22041,0,False,False,D_persistent_nonmetro
22043,0,False,True,C_newly_added_msa
22045,0,False,False,D_persistent_nonmetro
22047,0,False,True,C_newly_added_msa
22049,0,False,False,D_persistent_nonmetro
22051,0,True,True,B_original_suburb
22053,0,False,True,C_newly_added_msa
22055,0,False,True,C_newly_added_msa
22057,0,False,True,C_newly_added_msa
22059,0,False,False,D_persistent_nonmetro
22061,0,False,False,D_persistent_nonmetro
22063,0,False,True,C_newly_added_msa
22065,0,False,False,D_persistent_nonmetro
22067,0,False,True,C_newly_added_msa
22069,0,False,False,D_persistent_nonmetro
22071,1,True,True,A_city_core
22073,0,False,True,C_newly_added_msa
22075,0,False,True,C_newly_added_msa
22077,0,False,True,C_newly_added_msa
22079,0,False,True,C_newly_added_msa
22081,0,False,False,D_persistent_nonmetro
22083,0,False,True,C_newly_added_msa
22085,0,False,False,D_persistent_nonmetro
22087,0,True,True,B_original_suburb
22089,0,False,True,C_newly_added_msa
22091,0,False,True,C_newly_added_msa
22093,0,False,True,C_newly_added_msa
22095,0,False,True,C_newly_added_msa
22097,0,False,False,D_persistent_nonmetro
22099,0,False,True,C_newly_added_msa
22101,0,False,False,D_persistent_nonmetro
22103,0,False,True,C_newly_added_msa
22105,0,False,True,C_newly_added_msa
22107,0,False,False,D_persistent_nonmetro
22109,0,False,True,C_newly_added_msa
22111,0,False,True,C_newly_added_msa
22113,0,False,True,C_newly_added_msa
22115,0,False,False,D_persistent_nonmetro
22117,0,False,False,D_persistent_nonmetro
22119,0,False,False,D_persistent_nonmetro
22121,0,False,True,C_newly_added_msa
22123,0,False,False,D_persistent_nonmetro
22125,0,False,True,C_newly_added_msa
22127,0,False,False,D_persistent_nonmetro
23001,0,False,True,C_newly_added_msa
23003,0,False,False,D_persistent_nonmetro
23005,1,True,True,A_city_core
23007,0,False,False,D_persistent_nonmetro
23009,0,False,False,D_persistent_nonmetro
23011,0,False,False,D_persistent_nonmetro
23013,0,False,False,D_persistent_nonmetro
23015,0,False,False,D_persistent_nonmetro
23017,0,False,False,D_persistent_nonmetro
23019,0,False,True,C_newly_added_msa
23021,0,False,False,D_persistent_nonmetro
23023,0,False,True,C_newly_added_msa
23025,0,False,False,D_persistent_nonmetro
23027,0,False,False,D_persistent_nonmetro
23029,0,False,False,D_persistent_nonmetro
23031,0,False,True,C_newly_added_msa
24001,0,False,False,D_persistent_nonmetro
24003,0,True,True,B_original_suburb
24005,0,True,True,B_original_suburb
24009,0,False,True,C_newly_added_msa
24011,0,False,False,D_persistent_nonmetro
24013,0,False,True,C_newly_added_msa
24015,0,False,True,C_newly_added_msa
24017,0,False,True,C_newly_added_msa
24019,0,False,False,D_persistent_nonmetro
24021,0,False,True,C_newly_added_msa
24023,0,False,False,D_persistent_nonmetro
24025,0,False,True,C_newly_added_msa
24027,0,False,True,C_newly_added_msa
24029,0,False,False,D_persistent_nonmetro
24031,0,True,True,B_original_suburb
24033,0,True,True,B_original_suburb
24035,0,False,True,C_newly_added_msa
24037,0,False,True,C_newly_added_msa
24039,0,False,True,C_newly_added_msa
24041,0,False,False,D_persistent_nonmetro
24043,0,False,True,C_newly_added_msa
24045,0,False,True,C_newly_added_msa
24047,0,False,False,D_persistent_nonmetro
24510,1,True,True,A_city_core
25001,0,False,True,C_newly_added_msa
25003,1,True,True,A_city_core
25005,1,True,True,A_city_core
25007,0,False,False,D_persistent_nonmetro
25009,1,True,True,A_city_core
25011,0,False,False,D_persistent_nonmetro
25013,1,True,True,A_city_core
25015,0,True,True,B_original_suburb
25017,1,True,True,A_city_core
25019,0,False,False,D_persistent_nonmetro
25021,0,True,True,B_original_suburb
25023,1,True,True,A_city_core
25025,1,True,True,A_city_core
25027,1,True,True,A_city_core
26001,0,False,False,D_persistent_nonmetro
26003,0,False,False,D_persistent_nonmetro
26005,0,False,False,D_persistent_nonmetro
26007,0,False,False,D_persistent_nonmetro
26009,0,False,False,D_persistent_nonmetro
26011,0,False,False,D_persistent_nonmetro
26013,0,False,False,D_persistent_nonmetro
26015,0,False,True,C_newly_added_msa
26017,1,True,True,A_city_core
26019,0,False,True,C_newly_added_msa
26021,0,False,True,C_newly_added_msa
26023,0,False,False,D_persistent_nonmetro
26025,0,False,True,C_newly_added_msa
26027,0,False,True,C_newly_added_msa
26029,0,False,False,D_persistent_nonmetro
26031,0,False,False,D_persistent_nonmetro
26033,0,False,False,D_persistent_nonmetro
26035,0,False,False,D_persistent_nonmetro
26037,0,False,True,C_newly_added_msa
26039,0,False,False,D_persistent_nonmetro
26041,0,False,False,D_persistent_nonmetro
26043,0,False,False,D_persistent_nonmetro
26045,0,False,True,C_newly_added_msa
26047,0,False,False,D_persistent_nonmetro
26049,1,True,True,A_city_core
26051,0,False,False,D_persistent_nonmetro
26053,0,False,False,D_persistent_nonmetro
26055,0,False,True,C_newly_added_msa
26057,0,False,False,D_persistent_nonmetro
26059,0,False,False,D_persistent_nonmetro
26061,0,False,False,D_persistent_nonmetro
26063,0,False,False,D_persistent_nonmetro
26065,1,True,True,A_city_core
26067,0,False,True,C_newly_added_msa
26069,0,False,False,D_persistent_nonmetro
26071,0,False,False,D_persistent_nonmetro
26073,0,False,False,D_persistent_nonmetro
26075,1,True,True,A_city_core
26077,1,True,True,A_city_core
26079,0,False,True,C_newly_added_msa
26081,1,True,True,A_city_core
26083,0,False,False,D_persistent_nonmetro
26085,0,False,False,D_persistent_nonmetro
26087,0,False,True,C_newly_added_msa
26089,0,False,True,C_newly_added_msa
26091,0,False,False,D_persistent_nonmetro
26093,0,False,True,C_newly_added_msa
26095,0,False,False,D_persistent_nonmetro
26097,0,False,False,D_persistent_nonmetro
26099,0,True,True,B_original_suburb
26101,0,False,False,D_persistent_nonmetro
26103,0,False,False,D_persistent_nonmetro
26105,0,False,False,D_persistent_nonmetro
26107,0,False,False,D_persistent_nonmetro
26109,0,False,False,D_persistent_nonmetro
26111,0,False,True,C_newly_added_msa
26113,0,False,False,D_persistent_nonmetro
26115,0,False,True,C_newly_added_msa
26117,0,False,True,C_newly_added_msa
26119,0,False,False,D_persistent_nonmetro
26121,0,False,True,C_newly_added_msa
26123,0,False,False,D_persistent_nonmetro
26125,0,True,True,B_original_suburb
26127,0,False,False,D_persistent_nonmetro
26129,0,False,False,D_persistent_nonmetro
26131,0,False,False,D_persistent_nonmetro
26133,0,False,False,D_persistent_nonmetro
26135,0,False,False,D_persistent_nonmetro
26137,0,False,False,D_persistent_nonmetro
26139,0,False,True,C_newly_added_msa
26141,0,False,False,D_persistent_nonmetro
26143,0,False,False,D_persistent_nonmetro
26145,1,True,True,A_city_core
26147,0,False,True,C_newly_added_msa
26149,0,False,False,D_persistent_nonmetro
26151,0,False,False,D_persistent_nonmetro
26153,0,False,False,D_persistent_nonmetro
26155,0,False,False,D_persistent_nonmetro
26157,0,False,False,D_persistent_nonmetro
26159,0,False,False,D_persistent_nonmetro
26161,0,False,True,C_newly_added_msa
26163,1,True,True,A_city_core
26165,0,False,False,D_persistent_nonmetro
27001,0,False,False,D_persistent_nonmetro
27003,0,True,True,B_original_suburb
27005,0,False,False,D_persistent_nonmetro
27007,0,False,False,D_persistent_nonmetro
27009,0,False,True,C_newly_added_msa
27011,0,False,False,D_persistent_nonmetro
27013,0,False,True,C_newly_added_msa
27015,0,False,False,D_persistent_nonmetro
27017,0,False,True,C_newly_added_msa
27019,0,False,True,C_newly_added_msa
27021,0,False,False,D_persistent_nonmetro
27023,0,False,False,D_persistent_nonmetro
27025,0,False,True,C_newly_added_msa
27027,0,False,True,C_newly_added_msa
27029,0,False,False,D_persistent_nonmetro
27031,0,False,False,D_persistent_nonmetro
27033,0,False,False,D_persistent_nonmetro
27035,0,False,False,D_persistent_nonmetro
27037,0,True,True,B_original_suburb
27039,0,False,True,C_newly_added_msa
27041,0,False,False,D_persistent_nonmetro
27043,0,False,False,D_persistent_nonmetro
27045,0,False,True,C_newly_added_msa
27047,0,False,False,D_persistent_nonmetro
27049,0,False,False,D_persistent_nonmetro
27051,0,False,False,D_persistent_nonmetro
27053,1,True,True,A_city_core
27055,0,False,True,C_newly_added_msa
27057,0,False,False,D_persistent_nonmetro
27059,0,False,True,C_newly_added_msa
27061,0,False,False,D_persistent_nonmetro
27063,0,False,False,D_persistent_nonmetro
27065,0,False,False,D_persistent_nonmetro
27067,0,False,False,D_persistent_nonmetro
27069,0,False,False,D_persistent_nonmetro
27071,0,False,False,D_persistent_nonmetro
27073,0,False,False,D_persistent_nonmetro
27075,0,False,False,D_persistent_nonmetro
27077,0,False,False,D_persistent_nonmetro
27079,0,False,True,C_newly_added_msa
27081,0,False,False,D_persistent_nonmetro
27083,0,False,False,D_persistent_nonmetro
27085,0,False,False,D_persistent_nonmetro
27087,0,False,False,D_persistent_nonmetro
27089,0,False,False,D_persistent_nonmetro
27091,0,False,False,D_persistent_nonmetro
27093,0,False,False,D_persistent_nonmetro
27095,0,False,True,C_newly_added_msa
27097,0,False,False,D_persistent_nonmetro
27099,0,False,False,D_persistent_nonmetro
27101,0,False,False,D_persistent_nonmetro
27103,0,False,True,C_newly_added_msa
27105,0,False,False,D_persistent_nonmetro
27107,0,False,False,D_persistent_nonmetro
27109,0,False,True,C_newly_added_msa
27111,0,False,False,D_persistent_nonmetro
27113,0,False,False,D_persistent_nonmetro
27115,0,False,False,D_persistent_nonmetro
27117,0,False,False,D_persistent_nonmetro
27119,0,False,True,C_newly_added_msa
27121,0,False,False,D_persistent_nonmetro
27123,1,True,True,A_city_core
27125,0,False,False,D_persistent_nonmetro
27127,0,False,False,D_persistent_nonmetro
27129,0,False,False,D_persistent_nonmetro
27131,0,False,False,D_persistent_nonmetro
27133,0,False,True,C_newly_added_msa
27135,0,False,False,D_persistent_nonmetro
27137,1,True,True,A_city_core
27139,0,False,True,C_newly_added_msa
27141,0,False,True,C_newly_added_msa
27143,0,False,False,D_persistent_nonmetro
27145,0,False,True,C_newly_added_msa
27147,0,False,False,D_persistent_nonmetro
27149,0,False,False,D_persistent_nonmetro
27151,0,False,False,D_persistent_nonmetro
27153,0,False,False,D_persistent_nonmetro
27155,0,False,False,D_persistent_nonmetro
27157,0,False,True,C_newly_added_msa
27159,0,False,False,D_persistent_nonmetro
27161,0,False,False,D_persistent_nonmetro
27163,0,False,True,C_newly_added_msa
27165,0,False,False,D_persistent_nonmetro
27167,0,False,False,D_persistent_nonmetro
27169,0,False,False,D_persistent_nonmetro
27171,0,False,True,C_newly_added_msa
27173,0,False,False,D_persistent_nonmetro
28001,0,False,False,D_persistent_nonmetro
28003,0,False,False,D_persistent_nonmetro
28005,0,False,False,D_persistent_nonmetro
28007,0,False,False,D_persistent_nonmetro
28009,0,False,True,C_newly_added_msa
28011,0,False,False,D_persistent_nonmetro
28013,0,False,False,D_persistent_nonmetro
28015,0,False,False,D_persistent_nonmetro
28017,0,False,False,D_persistent_nonmetro
28019,0,False,False,D_persistent_nonmetro
28021,0,False,False,D_persistent_nonmetro
28023,0,False,False,D_persistent_nonmetro
28025,0,False,False,D_persistent_nonmetro
28027,0,False,False,D_persistent_nonmetro
28029,0,False,True,C_newly_added_msa
28031,0,False,False,D_persistent_nonmetro
28033,0,False,True,C_newly_added_msa
28035,0,False,True,C_newly_added_msa
28037,0,False,False,D_persistent_nonmetro
28039,0,False,False,D_persistent_nonmetro
28041,0,False,False,D_persistent_nonmetro
28043,0,False,False,D_persistent_nonmetro
28045,0,False,True,C_newly_added_msa
28047,0,False,True,C_newly_added_msa
28049,1,True,True,A_city_core
28051,0,False,True,C_newly_added_msa
28053,0,False,False,D_persistent_nonmetro
28055,0,False,False,D_persistent_nonmetro
28057,0,False,False,D_persistent_nonmetro
28059,0,False,True,C_newly_added_msa
28061,0,False,False,D_persistent_nonmetro
28063,0,False,False,D_persistent_nonmetro
28065,0,False,False,D_persistent_nonmetro
28067,0,False,False,D_persistent_nonmetro
28069,0,False,False,D_persistent_nonmetro
28071,0,False,False,D_persistent_nonmetro
28073,0,False,True,C_newly_added_msa
28075,0,False,False,D_persistent_nonmetro
28077,0,False,False,D_persistent_nonmetro
28079,0,False,False,D_persistent_nonmetro
28081,0,False,False,D_persistent_nonmetro
28083,0,False,False,D_persistent_nonmetro
28085,0,False,False,D_persistent_nonmetro
28087,0,False,False,D_persistent_nonmetro
28089,0,False,True,C_newly_added_msa
28091,0,False,False,D_persistent_nonmetro
28093,0,False,True,C_newly_added_msa
28095,0,False,False,D_persistent_nonmetro
28097,0,False,False,D_persistent_nonmetro
28099,0,False,False,D_persistent_nonmetro
28101,0,False,False,D_persistent_nonmetro
28103,0,False,False,D_persistent_nonmetro
28105,0,False,False,D_persistent_nonmetro
28107,0,False,False,D_persistent_nonmetro
28109,0,False,False,D_persistent_nonmetro
28111,0,False,True,C_newly_added_msa
28113,0,False,False,D_persistent_nonmetro
28115,0,False,False,D_persistent_nonmetro
28117,0,False,False,D_persistent_nonmetro
28119,0,False,False,D_persistent_nonmetro
28121,0,False,True,C_newly_added_msa
28123,0,False,True,C_newly_added_msa
28125,0,False,False,D_persistent_nonmetro
28127,0,False,True,C_newly_added_msa
28129,0,False,False,D_persistent_nonmetro
28131,0,False,True,C_newly_added_msa
28133,0,False,False,D_persistent_nonmetro
28135,0,False,False,D_persistent_nonmetro
28137,0,False,True,C_newly_added_msa
28139,0,False,False,D_persistent_nonmetro
28141,0,False,False,D_persistent_nonmetro
28143,0,False,True,C_newly_added_msa
28145,0,False,False,D_persistent_nonmetro
28147,0,False,False,D_persistent_nonmetro
28149,0,False,False,D_persistent_nonmetro
28151,0,False,False,D_persistent_nonmetro
28153,0,False,False,D_persistent_nonmetro
28155,0,False,False,D_persistent_nonmetro
28157,0,False,False,D_persistent_nonmetro
28159,0,False,False,D_persistent_nonmetro
28161,0,False,False,D_persistent_nonmetro
28163,0,False,True,C_newly_added_msa
29001,0,False,False,D_persistent_nonmetro
29003,0,False,True,C_newly_added_msa
29005,0,False,False,D_persistent_nonmetro
29007,0,False,False,D_persistent_nonmetro
29009,0,False,False,D_persistent_nonmetro
29011,0,False,False,D_persistent_nonmetro
29013,0,False,True,C_newly_added_msa
29015,0,False,False,D_persistent_nonmetro
29017,0,False,True,C_newly_added_msa
29019,0,False,True,C_newly_added_msa
29021,1,True,True,A_city_core
29023,0,False,False,D_persistent_nonmetro
29025,0,False,True,C_newly_added_msa
29027,0,False,True,C_newly_added_msa
29029,0,False,False,D_persistent_nonmetro
29031,0,False,True,C_newly_added_msa
29033,0,False,False,D_persistent_nonmetro
29035,0,False,False,D_persistent_nonmetro
29037,0,False,True,C_newly_added_msa
29039,0,False,False,D_persistent_nonmetro
29041,0,False,False,D_persistent_nonmetro
29043,0,False,True,C_newly_added_msa
29045,0,False,False,D_persistent_nonmetro
29047,0,True,True,B_original_suburb
29049,0,False,True,C_newly_added_msa
29051,0,False,True,C_newly_added_msa
29053,0,False,True,C_newly_added_msa
29055,0,False,False,D_persistent_nonmetro
29057,0,False,False,D_persistent_nonmetro
29059,0,False,True,C_newly_added_msa
29061,0,False,False,D_persistent_nonmetro
29063,0,False,True,C_newly_added_msa
29065,0,False,False,D_persistent_nonmetro
29067,0,False,False,D_persistent_nonmetro
29069,0,False,False,D_persistent_nonmetro
29071,0,False,True,C_newly_added_msa
29073,0,False,False,D_persistent_nonmetro
29075,0,False,False,D_persistent_nonmetro
29077,1,True,True,A_city_core
29079,0,False,False,D_persistent_nonmetro
29081,0,False,False,D_persistent_nonmetro
29083,0,False,False,D_persistent_nonmetro
29085,0,False,False,D_persistent_nonmetro
29087,0,False,False,D_persistent_nonmetro
29089,0,False,True,C_newly_added_msa
29091,0,False,False,D_persistent_nonmetro
29093,0,False,False,D_persistent_nonmetro
29095,1,True,True,A_city_core
29097,0,False,True,C_newly_added_msa
29099,0,False,True,C_newly_added_msa
29101,0,False,False,D_persistent_nonmetro
29103,0,False,False,D_persistent_nonmetro
29105,0,False,False,D_persistent_nonmetro
29107,0,False,True,C_newly_added_msa
29109,0,False,False,D_persistent_nonmetro
29111,0,False,False,D_persistent_nonmetro
29113,0,False,True,C_newly_added_msa
29115,0,False,False,D_persistent_nonmetro
29117,0,False,False,D_persistent_nonmetro
29119,0,False,False,D_persistent_nonmetro
29121,0,False,False,D_persistent_nonmetro
29123,0,False,False,D_persistent_nonmetro
29125,0,False,False,D_persistent_nonmetro
29127,0,False,False,D_persistent_nonmetro
29129,0,False,False,D_persistent_nonmetro
29131,0,False,False,D_persistent_nonmetro
29133,0,False,False,D_persistent_nonmetro
29135,0,False,True,C_newly_added_msa
29137,0,False,False,D_persistent_nonmetro
29139,0,False,False,D_persistent_nonmetro
29141,0,False,False,D_persistent_nonmetro
29143,0,False,False,D_persistent_nonmetro
29145,0,False,True,C_newly_added_msa
29147,0,False,False,D_persistent_nonmetro
29149,0,False,False,D_persistent_nonmetro
29151,0,False,True,C_newly_added_msa
29153,0,False,False,D_persistent_nonmetro
29155,0,False,False,D_persistent_nonmetro
29157,0,False,False,D_persistent_nonmetro
29159,0,False,False,D_persistent_nonmetro
29161,0,False,False,D_persistent_nonmetro
29163,0,False,False,D_persistent_nonmetro
29165,0,False,True,C_newly_added_msa
29167,0,False,True,C_newly_added_msa
29169,0,False,False,D_persistent_nonmetro
29171,0,False,False,D_persistent_nonmetro
29173,0,False,False,D_persistent_nonmetro
29175,0,False,False,D_persistent_nonmetro
29177,0,False,True,C_newly_added_msa
29179,0,False,False,D_persistent_nonmetro
29181,0,False,False,D_persistent_nonmetro
29183,0,True,True,B_original_suburb
29185,0,False,False,D_persistent_nonmetro
29186,0,False,False,D_persistent_nonmetro
29187,0,False,False,D_persistent_nonmetro
29189,0,True,True,B_original_suburb
29195,0,False,False,D_persistent_nonmetro
29197,0,False,False,D_persistent_nonmetro
29199,0,False,False,D_persistent_nonmetro
29201,0,False,False,D_persistent_nonmetro
29203,0,False,False,D_persistent_nonmetro
29205,0,False,False,D_persistent_nonmetro
29207,0,False,False,D_persistent_nonmetro
29209,0,False,False,D_persistent_nonmetro
29211,0,False,False,D_persistent_nonmetro
29213,0,False,False,D_persistent_nonmetro
29215,0,False,False,D_persistent_nonmetro
29217,0,False,False,D_persistent_nonmetro
29219,0,False,True,C_newly_added_msa
29221,0,False,False,D_persistent_nonmetro
29223,0,False,False,D_persistent_nonmetro
29225,0,False,True,C_newly_added_msa
29227,0,False,False,D_persistent_nonmetro
29229,0,False,False,D_persistent_nonmetro
29510,1,True,True,A_city_core
30001,0,False,False,D_persistent_nonmetro
30003,0,False,False,D_persistent_nonmetro
30005,0,False,False,D_persistent_nonmetro
30007,0,False,True,C_newly_added_msa
30009,0,False,True,C_newly_added_msa
30011,0,False,False,D_persistent_nonmetro
30013,0,False,True,C_newly_added_msa
30015,0,False,False,D_persistent_nonmetro
30017,0,False,False,D_persistent_nonmetro
30019,0,False,False,D_persistent_nonmetro
30021,0,False,False,D_persistent_nonmetro
30023,0,False,False,D_persistent_nonmetro
30025,0,False,False,D_persistent_nonmetro
30027,0,False,False,D_persistent_nonmetro
30029,0,False,False,D_persistent_nonmetro
30031,0,False,True,C_newly_added_msa
30033,0,False,False,D_persistent_nonmetro
30035,0,False,False,D_persistent_nonmetro
30037,0,False,False,D_persistent_nonmetro
30039,0,False,False,D_persistent_nonmetro
30041,0,False,False,D_persistent_nonmetro
30043,0,False,True,C_newly_added_msa
30045,0,False,False,D_persistent_nonmetro
30047,0,False,False,D_persistent_nonmetro
30049,0,False,True,C_newly_added_msa
30051,0,False,False,D_persistent_nonmetro
30053,0,False,False,D_persistent_nonmetro
30055,0,False,False,D_persistent_nonmetro
30057,0,False,False,D_persistent_nonmetro
30059,0,False,False,D_persistent_nonmetro
30061,0,False,True,C_newly_added_msa
30063,0,False,True,C_newly_added_msa
30065,0,False,False,D_persistent_nonmetro
30067,0,False,False,D_persistent_nonmetro
30069,0,False,False,D_persistent_nonmetro
30071,0,False,False,D_persistent_nonmetro
30073,0,False,False,D_persistent_nonmetro
30075,0,False,False,D_persistent_nonmetro
30077,0,False,False,D_persistent_nonmetro
30079,0,False,False,D_persistent_nonmetro
30081,0,False,False,D_persistent_nonmetro
30083,0,False,False,D_persistent_nonmetro
30085,0,False,False,D_persistent_nonmetro
30087,0,False,False,D_persistent_nonmetro
30089,0,False,False,D_persistent_nonmetro
30091,0,False,False,D_persistent_nonmetro
30093,0,False,False,D_persistent_nonmetro
30095,0,False,True,C_newly_added_msa
30097,0,False,False,D_persistent_nonmetro
30099,0,False,False,D_persistent_nonmetro
30101,0,False,False,D_persistent_nonmetro
30103,0,False,False,D_persistent_nonmetro
30105,0,False,False,D_persistent_nonmetro
30107,0,False,False,D_persistent_nonmetro
30109,0,False,False,D_persistent_nonmetro
30111,0,False,True,C_newly_added_msa
30113,0,False,False,D_persistent_nonmetro
31001,0,False,False,D_persistent_nonmetro
31003,0,False,False,D_persistent_nonmetro
31005,0,False,False,D_persistent_nonmetro
31007,0,False,False,D_persistent_nonmetro
31009,0,False,False,D_persistent_nonmetro
31011,0,False,False,D_persistent_nonmetro
31013,0,False,False,D_persistent_nonmetro
31015,0,False,False,D_persistent_nonmetro
31017,0,False,False,D_persistent_nonmetro
31019,0,False,False,D_persistent_nonmetro
31021,0,False,False,D_persistent_nonmetro
31023,0,False,False,D_persistent_nonmetro
31025,0,False,True,C_newly_added_msa
31027,0,False,False,D_persistent_nonmetro
31029,0,False,False,D_persistent_nonmetro
31031,0,False,False,D_persistent_nonmetro
31033,0,False,False,D_persistent_nonmetro
31035,0,False,False,D_persistent_nonmetro
31037,0,False,False,D_persistent_nonmetro
31039,0,False,False,D_persistent_nonmetro
31041,0,False,False,D_persistent_nonmetro
31043,0,False,True,C_newly_added_msa
31045,0,False,False,D_persistent_nonmetro
31047,0,False,False,D_persistent_nonmetro
31049,0,False,False,D_persistent_nonmetro
31051,0,False,False,D_persistent_nonmetro
31053,0,False,False,D_persistent_nonmetro
31055,1,True,True,A_city_core
31057,0,False,False,D_persistent_nonmetro
31059,0,False,False,D_persistent_nonmetro
31061,0,False,False,D_persistent_nonmetro
31063,0,False,False,D_persistent_nonmetro
31065,0,False,False,D_persistent_nonmetro
31067,0,False,False,D_persistent_nonmetro
31069,0,False,False,D_persistent_nonmetro
31071,0,False,False,D_persistent_nonmetro
31073,0,False,False,D_persistent_nonmetro
31075,0,False,False,D_persistent_nonmetro
31077,0,False,False,D_persistent_nonmetro
31079,0,False,True,C_newly_added_msa
31081,0,False,False,D_persistent_nonmetro
31083,0,False,False,D_persistent_nonmetro
31085,0,False,False,D_persistent_nonmetro
31087,0,False,False,D_persistent_nonmetro
31089,0,False,False,D_persistent_nonmetro
31091,0,False,False,D_persistent_nonmetro
31093,0,False,True,C_newly_added_msa
31095,0,False,False,D_persistent_nonmetro
31097,0,False,False,D_persistent_nonmetro
31099,0,False,False,D_persistent_nonmetro
31101,0,False,False,D_persistent_nonmetro
31103,0,False,False,D_persistent_nonmetro
31105,0,False,False,D_persistent_nonmetro
31107,0,False,False,D_persistent_nonmetro
31109,1,True,True,A_city_core
31111,0,False,False,D_persistent_nonmetro
31113,0,False,False,D_persistent_nonmetro
31115,0,False,False,D_persistent_nonmetro
31117,0,False,False,D_persistent_nonmetro
31119,0,False,False,D_persistent_nonmetro
31121,0,False,True,C_newly_added_msa
31123,0,False,False,D_persistent_nonmetro
31125,0,False,False,D_persistent_nonmetro
31127,0,False,False,D_persistent_nonmetro
31129,0,False,False,D_persistent_nonmetro
31131,0,False,False,D_persistent_nonmetro
31133,0,False,False,D_persistent_nonmetro
31135,0,False,False,D_persistent_nonmetro
31137,0,False,False,D_persistent_nonmetro
31139,0,False,False,D_persistent_nonmetro
31141,0,False,False,D_persistent_nonmetro
31143,0,False,False,D_persistent_nonmetro
31145,0,False,False,D_persistent_nonmetro
31147,0,False,False,D_persistent_nonmetro
31149,0,False,False,D_persistent_nonmetro
31151,0,False,False,D_persistent_nonmetro
31153,0,True,True,B_original_suburb
31155,0,False,True,C_newly_added_msa
31157,0,False,False,D_persistent_nonmetro
31159,0,False,True,C_newly_added_msa
31161,0,False,False,D_persistent_nonmetro
31163,0,False,False,D_persistent_nonmetro
31165,0,False,False,D_persistent_nonmetro
31167,0,False,False,D_persistent_nonmetro
31169,0,False,False,D_persistent_nonmetro
31171,0,False,False,D_persistent_nonmetro
31173,0,False,False,D_persistent_nonmetro
31175,0,False,False,D_persistent_nonmetro
31177,0,False,True,C_newly_added_msa
31179,0,False,False,D_persistent_nonmetro
31181,0,False,False,D_persistent_nonmetro
31183,0,False,False,D_persistent_nonmetro
31185,0,False,False,D_persistent_nonmetro
32001,0,False,False,D_persistent_nonmetro
32003,0,False,True,C_newly_added_msa
32005,0,False,False,D_persistent_nonmetro
32007,0,False,False,D_persistent_nonmetro
32009,0,False,False,D_persistent_nonmetro
32011,0,False,False,D_persistent_nonmetro
32013,0,False,False,D_persistent_nonmetro
32015,0,False,False,D_persistent_nonmetro
32017,0,False,False,D_persistent_nonmetro
32019,0,False,True,C_newly_added_msa
32021,0,False,False,D_persistent_nonmetro
32023,0,False,False,D_persistent_nonmetro
32025,0,False,False,D_persistent_nonmetro
32027,0,False,False,D_persistent_nonmetro
32029,0,False,True,C_newly_added_msa
32031,0,False,True,C_newly_added_msa
32033,0,False,False,D_persistent_nonmetro
33001,0,False,False,D_persistent_nonmetro
33003,0,False,False,D_persistent_nonmetro
33005,0,False,False,D_persistent_nonmetro
33007,0,False,False,D_persistent_nonmetro
33009,0,False,False,D_persistent_nonmetro
33011,1,True,True,A_city_core
33013,0,False,False,D_persistent_nonmetro
33015,0,False,True,C_newly_added_msa
33017,0,False,True,C_newly_added_msa
33019,0,False,False,D_persistent_nonmetro
34001,1,True,True,A_city_core
34003,0,True,True,B_original_suburb
34005,0,True,True,B_original_suburb
34007,0,True,True,B_original_suburb
34009,0,False,True,C_newly_added_msa
34011,0,False,True,C_newly_added_msa
34013,1,True,True,A_city_core
34015,0,True,True,B_original_suburb
34017,1,True,True,A_city_core
34019,0,False,True,C_newly_added_msa
34021,1,True,True,A_city_core
34023,0,True,True,B_original_suburb
34025,0,False,True,C_newly_added_msa
34027,0,True,True,B_original_suburb
34029,0,False,True,C_newly_added_msa
34031,0,True,True,B_original_suburb
34033,0,True,True,B_original_suburb
34035,0,True,True,B_original_suburb
34037,0,False,True,C_newly_added_msa
34039,0,True,True,B_original_suburb
34041,0,True,True,B_original_suburb
35001,1,True,True,A_city_core
35003,0,False,False,D_persistent_nonmetro
35005,0,False,False,D_persistent_nonmetro
35007,0,False,False,D_persistent_nonmetro
35009,0,False,False,D_persistent_nonmetro
35011,0,False,False,D_persistent_nonmetro
35013,0,False,True,C_newly_added_msa
35015,0,False,False,D_persistent_nonmetro
35017,0,False,False,D_persistent_nonmetro
35019,0,False,False,D_persistent_nonmetro
35021,0,False,False,D_persistent_nonmetro
35023,0,False,False,D_persistent_nonmetro
35025,0,False,False,D_persistent_nonmetro
35027,0,False,False,D_persistent_nonmetro
35028,0,False,False,D_persistent_nonmetro
35029,0,False,False,D_persistent_nonmetro
35031,0,False,False,D_persistent_nonmetro
35033,0,False,False,D_persistent_nonmetro
35035,0,False,False,D_persistent_nonmetro
35037,0,False,False,D_persistent_nonmetro
35039,0,False,False,D_persistent_nonmetro
35041,0,False,False,D_persistent_nonmetro
35043,0,False,True,C_newly_added_msa
35045,0,False,True,C_newly_added_msa
35047,0,False,False,D_persistent_nonmetro
35049,0,False,True,C_newly_added_msa
35051,0,False,False,D_persistent_nonmetro
35053,0,False,False,D_persistent_nonmetro
35055,0,False,False,D_persistent_nonmetro
35057,0,False,True,C_newly_added_msa
35059,0,False,False,D_persistent_nonmetro
35061,0,False,True,C_newly_added_msa
36001,1,True,True,A_city_core
36003,0,False,False,D_persistent_nonmetro
36005,1,True,True,A_city_core
36007,1,True,True,A_city_core
36009,0,False,False,D_persistent_nonmetro
36011,0,False,False,D_persistent_nonmetro
36013,0,False,False,D_persistent_nonmetro
36015,0,False,True,C_newly_added_msa
36017,0,False,False,D_persistent_nonmetro
36019,0,False,False,D_persistent_nonmetro
36021,0,False,False,D_persistent_nonmetro
36023,0,False,False,D_persistent_nonmetro
36025,0,False,False,D_persistent_nonmetro
36027,0,False,True,C_newly_added_msa
36029,1,True,True,A_city_core
36031,0,False,False,D_persistent_nonmetro
36033,0,False,False,D_persistent_nonmetro
36035,0,False,False,D_persistent_nonmetro
36037,0,False,False,D_persistent_nonmetro
36039,0,False,False,D_persistent_nonmetro
36041,0,False,False,D_persistent_nonmetro
36043,0,True,True,B_original_suburb
36045,0,False,True,C_newly_added_msa
36047,1,True,True,A_city_core
36049,0,False,False,D_persistent_nonmetro
36051,0,False,True,C_newly_added_msa
36053,0,False,True,C_newly_added_msa
36055,1,True,True,A_city_core
36057,0,False,False,D_persistent_nonmetro
36059,0,True,True,B_original_suburb
36061,1,True,True,A_city_core
36063,0,True,True,B_original_suburb
36065,1,True,True,A_city_core
36067,1,True,True,A_city_core
36069,0,False,True,C_newly_added_msa
36071,0,False,True,C_newly_added_msa
36073,0,False,True,C_newly_added_msa
36075,0,False,True,C_newly_added_msa
36077,0,False,False,D_persistent_nonmetro
36079,0,False,True,C_newly_added_msa
36081,1,True,True,A_city_core
36083,1,True,True,A_city_core
36085,1,True,True,A_city_core
36087,0,True,True,B_original_suburb
36089,0,False,False,D_persistent_nonmetro
36091,0,False,True,C_newly_added_msa
36093,1,True,True,A_city_core
36095,0,False,True,C_newly_added_msa
36097,0,False,False,D_persistent_nonmetro
36099,0,False,False,D_persistent_nonmetro
36101,0,False,False,D_persistent_nonmetro
36103,0,True,True,B_original_suburb
36105,0,False,False,D_persistent_nonmetro
36107,0,False,True,C_newly_added_msa
36109,0,False,True,C_newly_added_msa
36111,0,False,True,C_newly_added_msa
36113,0,False,True,C_newly_added_msa
36115,0,False,True,C_newly_added_msa
36117,0,False,True,C_newly_added_msa
36119,0,True,True,B_original_suburb
36121,0,False,False,D_persistent_nonmetro
36123,0,False,False,D_persistent_nonmetro
37001,0,False,True,C_newly_added_msa
37003,0,False,True,C_newly_added_msa
37005,0,False,False,D_persistent_nonmetro
37007,0,False,True,C_newly_added_msa
37009,0,False,False,D_persistent_nonmetro
37011,0,False,False,D_persistent_nonmetro
37013,0,False,False,D_persistent_nonmetro
37015,0,False,False,D_persistent_nonmetro
37017,0,False,False,D_persistent_nonmetro
37019,0,False,True,C_newly_added_msa
37021,1,True,True,A_city_core
37023,0,False,True,C_newly_added_msa
37025,0,False,True,C_newly_added_msa
37027,0,False,True,C_newly_added_msa
37029,0,False,True,C_newly_added_msa
37031,0,False,False,D_persistent_nonmetro
37033,0,False,False,D_persistent_nonmetro
37035,0,False,True,C_newly_added_msa
37037,0,False,True,C_newly_added_msa
37039,0,False,False,D_persistent_nonmetro
37041,0,False,False,D_persistent_nonmetro
37043,0,False,False,D_persistent_nonmetro
37045,0,False,False,D_persistent_nonmetro
37047,0,False,False,D_persistent_nonmetro
37049,0,False,False,D_persistent_nonmetro
37051,0,False,True,C_newly_added_msa
37053,0,False,True,C_newly_added_msa
37055,0,False,False,D_persistent_nonmetro
37057,0,False,True,C_newly_added_msa
37059,0,False,True,C_newly_added_msa
37061,0,False,False,D_persistent_nonmetro
37063,1,True,True,A_city_core
37065,0,False,True,C_newly_added_msa
37067,1,True,True,A_city_core
37069,0,False,True,C_newly_added_msa
37071,0,False,True,C_newly_added_msa
37073,0,False,True,C_newly_added_msa
37075,0,False,False,D_persistent_nonmetro
37077,0,False,False,D_persistent_nonmetro
37079,0,False,False,D_persistent_nonmetro
37081,1,True,True,A_city_core
37083,0,False,False,D_persistent_nonmetro
37085,0,False,False,D_persistent_nonmetro
37087,0,False,False,D_persistent_nonmetro
37089,0,False,True,C_newly_added_msa
37091,0,False,False,D_persistent_nonmetro
37093,0,False,True,C_newly_added_msa
37095,0,False,False,D_persistent_nonmetro
37097,0,False,True,C_newly_added_msa
37099,0,False,False,D_persistent_nonmetro
37101,0,False,True,C_newly_added_msa
37103,0,False,False,D_persistent_nonmetro
37105,0,False,False,D_persistent_nonmetro
37107,0,False,False,D_persistent_nonmetro
37109,0,False,True,C_newly_added_msa
37111,0,False,False,D_persistent_nonmetro
37113,0,False,False,D_persistent_nonmetro
37115,0,False,True,C_newly_added_msa
37117,0,False,False,D_persistent_nonmetro
37119,1,True,True,A_city_core
37121,0,False,False,D_persistent_nonmetro
37123,0,False,False,D_persistent_nonmetro
37125,0,False,True,C_newly_added_msa
37127,0,False,True,C_newly_added_msa
37129,0,False,True,C_newly_added_msa
37131,0,False,False,D_persistent_nonmetro
37133,0,False,True,C_newly_added_msa
37135,0,False,True,C_newly_added_msa
37137,0,False,False,D_persistent_nonmetro
37139,0,False,False,D_persistent_nonmetro
37141,0,False,True,C_newly_added_msa
37143,0,False,False,D_persistent_nonmetro
37145,0,False,True,C_newly_added_msa
37147,0,False,True,C_newly_added_msa
37149,0,False,False,D_persistent_nonmetro
37151,0,False,True,C_newly_added_msa
37153,0,False,False,D_persistent_nonmetro
37155,0,False,False,D_persistent_nonmetro
37157,0,False,True,C_newly_added_msa
37159,0,False,True,C_newly_added_msa
37161,0,False,False,D_persistent_nonmetro
37163,0,False,False,D_persistent_nonmetro
37165,0,False,False,D_persistent_nonmetro
37167,0,False,False,D_persistent_nonmetro
37169,0,False,True,C_newly_added_msa
37171,0,False,False,D_persistent_nonmetro
37173,0,False,False,D_persistent_nonmetro
37175,0,False,False,D_persistent_nonmetro
37177,0,False,False,D_persistent_nonmetro
37179,0,False,True,C_newly_added_msa
37181,0,False,False,D_persistent_nonmetro
37183,1,True,True,A_city_core
37185,0,False,False,D_persistent_nonmetro
37187,0,False,False,D_persistent_nonmetro
37189,0,False,False,D_persistent_nonmetro
37191,0,False,True,C_newly_added_msa
37193,0,False,False,D_persistent_nonmetro
37195,0,False,False,D_persistent_nonmetro
37197,0,False,True,C_newly_added_msa
37199,0,False,False,D_persistent_nonmetro
38001,0,False,False,D_persistent_nonmetro
38003,0,False,False,D_persistent_nonmetro
38005,0,False,False,D_persistent_nonmetro
38007,0,False,False,D_persistent_nonmetro
38009,0,False,False,D_persistent_nonmetro
38011,0,False,False,D_persistent_nonmetro
38013,0,False,False,D_persistent_nonmetro
38015,0,False,True,C_newly_added_msa
38017,0,False,True,C_newly_added_msa
38019,0,False,False,D_persistent_nonmetro
38021,0,False,False,D_persistent_nonmetro
38023,0,False,False,D_persistent_nonmetro
38025,0,False,False,D_persistent_nonmetro
38027,0,False,False,D_persistent_nonmetro
38029,0,False,False,D_persistent_nonmetro
38031,0,False,False,D_persistent_nonmetro
38033,0,False,False,D_persistent_nonmetro
38035,0,False,True,C_newly_added_msa
38037,0,False,False,D_persistent_nonmetro
38039,0,False,False,D_persistent_nonmetro
38041,0,False,False,D_persistent_nonmetro
38043,0,False,False,D_persistent_nonmetro
38045,0,False,False,D_persistent_nonmetro
38047,0,False,False,D_persistent_nonmetro
38049,0,False,True,C_newly_added_msa
38051,0,False,False,D_persistent_nonmetro
38053,0,False,False,D_persistent_nonmetro
38055,0,False,False,D_persistent_nonmetro
38057,0,False,False,D_persistent_nonmetro
38059,0,False,True,C_newly_added_msa
38061,0,False,False,D_persistent_nonmetro
38063,0,False,False,D_persistent_nonmetro
38065,0,False,True,C_newly_added_msa
38067,0,False,False,D_persistent_nonmetro
38069,0,False,False,D_persistent_nonmetro
38071,0,False,False,D_persistent_nonmetro
38073,0,False,False,D_persistent_nonmetro
38075,0,False,True,C_newly_added_msa
38077,0,False,False,D_persistent_nonmetro
38079,0,False,False,D_persistent_nonmetro
38081,0,False,False,D_persistent_nonmetro
38083,0,False,False,D_persistent_nonmetro
38085,0,False,False,D_persistent_nonmetro
38087,0,False,False,D_persistent_nonmetro
38089,0,False,False,D_persistent_nonmetro
38091,0,False,False,D_persistent_nonmetro
38093,0,False,False,D_persistent_nonmetro
38095,0,False,False,D_persistent_nonmetro
38097,0,False,False,D_persistent_nonmetro
38099,0,False,False,D_persistent_nonmetro
38101,0,False,True,C_newly_added_msa
38103,0,False,False,D_persistent_nonmetro
38105,0,False,False,D_persistent_nonmetro
39001,0,False,False,D_persistent_nonmetro
39003,1,True,True,A_city_core
39005,0,False,False,D_persistent_nonmetro
39007,0,False,True,C_newly_added_msa
39009,0,False,False,D_persistent_nonmetro
39011,0,False,False,D_persistent_nonmetro
39013,0,True,True,B_original_suburb
39015,0,False,True,C_newly_added_msa
39017,1,True,True,A_city_core
39019,0,False,True,C_newly_added_msa
39021,0,False,False,D_persistent_nonmetro
39023,1,True,True,A_city_core
39025,0,False,True,C_newly_added_msa
39027,0,False,False,D_persistent_nonmetro
39029,0,False,False,D_persistent_nonmetro
39031,0,False,False,D_persistent_nonmetro
39033,0,False,False,D_persistent_nonmetro
39035,1,True,True,A_city_core
39037,0,False,False,D_persistent_nonmetro
39039,0,False,False,D_persistent_nonmetro
39041,0,False,True,C_newly_added_msa
39043,0,False,True,C_newly_added_msa
39045,0,False,True,C_newly_added_msa
39047,0,False,False,D_persistent_nonmetro
39049,1,True,True,A_city_core
39051,0,False,True,C_newly_added_msa
39053,0,False,False,D_persistent_nonmetro
39055,0,False,True,C_newly_added_msa
39057,0,True,True,B_original_suburb
39059,0,False,False,D_persistent_nonmetro
39061,1,True,True,A_city_core
39063,0,False,False,D_persistent_nonmetro
39065,0,False,False,D_persistent_nonmetro
39067,0,False,False,D_persistent_nonmetro
39069,0,False,False,D_persistent_nonmetro
39071,0,False,False,D_persistent_nonmetro
39073,0,False,True,C_newly_added_msa
39075,0,False,False,D_persistent_nonmetro
39077,0,False,False,D_persistent_nonmetro
39079,0,False,False,D_persistent_nonmetro
39081,1,True,True,A_city_core
39083,0,False,False,D_persistent_nonmetro
39085,0,True,True,B_original_suburb
39087,0,True,True,B_original_suburb
39089,0,False,True,C_newly_added_msa
39091,0,False,False,D_persistent_nonmetro
39093,1,True,True,A_city_core
39095,1,True,True,A_city_core
39097,0,False,True,C_newly_added_msa
39099,1,True,True,A_city_core
39101,0,False,False,D_persistent_nonmetro
39103,0,False,True,C_newly_added_msa
39105,0,False,False,D_persistent_nonmetro
39107,0,False,False,D_persistent_nonmetro
39109,0,False,True,C_newly_added_msa
39111,0,False,False,D_persistent_nonmetro
39113,1,True,True,A_city_core
39115,0,False,False,D_persistent_nonmetro
39117,0,False,True,C_newly_added_msa
39119,0,False,False,D_persistent_nonmetro
39121,0,False,False,D_persistent_nonmetro
39123,0,False,True,C_newly_added_msa
39125,0,False,False,D_persistent_nonmetro
39127,0,False,True,C_newly_added_msa
39129,0,False,True,C_newly_added_msa
39131,0,False,False,D_persistent_nonmetro
39133,0,False,True,C_newly_added_msa
39135,0,False,False,D_persistent_nonmetro
39137,0,False,False,D_persistent_nonmetro
39139,0,False,True,C_newly_added_msa
39141,0,False,False,D_persistent_nonmetro
39143,0,False,False,D_persistent_nonmetro
39145,0,False,False,D_persistent_nonmetro
39147,0,False,False,D_persistent_nonmetro
39149,0,False,False,D_persistent_nonmetro
39151,1,True,True,A_city_core
39153,1,True,True,A_city_core
39155,0,True,True,B_original_suburb
39157,0,False,False,D_persistent_nonmetro
39159,0,False,True,C_newly_added_msa
39161,0,False,False,D_persistent_nonmetro
39163,0,False,False,D_persistent_nonmetro
39165,0,False,True,C_newly_added_msa
39167,0,False,False,D_persistent_nonmetro
39169,0,False,False,D_persistent_nonmetro
39171,0,False,False,D_persistent_nonmetro
39173,0,False,True,C_newly_added_msa
39175,0,False,False,D_persistent_nonmetro
40001,0,False,False,D_persistent_nonmetro
40003,0,False,False,D_persistent_nonmetro
40005,0,False,False,D_persistent_nonmetro
40007,0,False,False,D_persistent_nonmetro
40009,0,False,False,D_persistent_nonmetro
40011,0,False,False,D_persistent_nonmetro
40013,0,False,False,D_persistent_nonmetro
40015,0,False,False,D_persistent_nonmetro
40017,0,False,True,C_newly_added_msa
40019,0,False,False,D_persistent_nonmetro
40021,0,False,False,D_persistent_nonmetro
40023,0,False,False,D_persistent_nonmetro
40025,0,False,False,D_persistent_nonmetro
40027,0,False,True,C_newly_added_msa
40029,0,False,False,D_persistent_nonmetro
40031,0,False,True,C_newly_added_msa
40033,0,False,True,C_newly_added_msa
40035,0,False,False,D_persistent_nonmetro
40037,0,False,True,C_newly_added_msa
40039,0,False,False,D_persistent_nonmetro
40041,0,False,False,D_persistent_nonmetro
40043,0,False,False,D_persistent_nonmetro
40045,0,False,False,D_persistent_nonmetro
40047,0,False,True,C_newly_added_msa
40049,0,False,False,D_persistent_nonmetro
40051,0,False,True,C_newly_added_msa
40053,0,False,False,D_persistent_nonmetro
40055,0,False,False,D_persistent_nonmetro
40057,0,False,False,D_persistent_nonmetro
40059,0,False,False,D_persistent_nonmetro
40061,0,False,False,D_persistent_nonmetro
40063,0,False,False,D_persistent_nonmetro
40065,0,False,False,D_persistent_nonmetro
40067,0,False,False,D_persistent_nonmetro
40069,0,False,False,D_persistent_nonmetro
40071,0,False,False,D_persistent_nonmetro
40073,0,False,False,D_persistent_nonmetro
40075,0,False,False,D_persistent_nonmetro
40077,0,False,False,D_persistent_nonmetro
40079,0,False,False,D_persistent_nonmetro
40081,0,False,True,C_newly_added_msa
40083,0,False,True,C_newly_added_msa
40085,0,False,False,D_persistent_nonmetro
40087,0,False,True,C_newly_added_msa
40089,0,False,False,D_persistent_nonmetro
40091,0,False,False,D_persistent_nonmetro
40093,0,False,False,D_persistent_nonmetro
40095,0,False,False,D_persistent_nonmetro
40097,0,False,False,D_persistent_nonmetro
40099,0,False,False,D_persistent_nonmetro
40101,0,False,False,D_persistent_nonmetro
40103,0,False,False,D_persistent_nonmetro
40105,0,False,False,D_persistent_nonmetro
40107,0,False,False,D_persistent_nonmetro
40109,1,True,True,A_city_core
40111,0,False,True,C_newly_added_msa
40113,0,False,True,C_newly_added_msa
40115,0,False,False,D_persistent_nonmetro
40117,0,False,True,C_newly_added_msa
40119,0,False,False,D_persistent_nonmetro
40121,0,False,False,D_persistent_nonmetro
40123,0,False,False,D_persistent_nonmetro
40125,0,False,False,D_persistent_nonmetro
40127,0,False,False,D_persistent_nonmetro
40129,0,False,False,D_persistent_nonmetro
40131,0,False,True,C_newly_added_msa
40133,0,False,False,D_persistent_nonmetro
40135,0,False,True,C_newly_added_msa
40137,0,False,False,D_persistent_nonmetro
40139,0,False,False,D_persistent_nonmetro
40141,0,False,False,D_persistent_nonmetro
40143,1,True,True,A_city_core
40145,0,False,True,C_newly_added_msa
40147,0,False,False,D_persistent_nonmetro
40149,0,False,False,D_persistent_nonmetro
40151,0,False,False,D_persistent_nonmetro
40153,0,False,False,D_persistent_nonmetro
41001,0,False,False,D_persistent_nonmetro
41003,0,False,True,C_newly_added_msa
41005,0,True,True,B_original_suburb
41007,0,False,False,D_persistent_nonmetro
41009,0,False,True,C_newly_added_msa
41011,0,False,False,D_persistent_nonmetro
41013,0,False,True,C_newly_added_msa
41015,0,False,False,D_persistent_nonmetro
41017,0,False,True,C_newly_added_msa
41019,0,False,False,D_persistent_nonmetro
41021,0,False,False,D_persistent_nonmetro
41023,0,False,False,D_persistent_nonmetro
41025,0,False,False,D_persistent_nonmetro
41027,0,False,False,D_persistent_nonmetro
41029,0,False,True,C_newly_added_msa
41031,0,False,True,C_newly_added_msa
41033,0,False,True,C_newly_added_msa
41035,0,False,False,D_persistent_nonmetro
41037,0,False,False,D_persistent_nonmetro
41039,0,False,True,C_newly_added_msa
41041,0,False,False,D_persistent_nonmetro
41043,0,False,True,C_newly_added_msa
41045,0,False,False,D_persistent_nonmetro
41047,0,False,True,C_newly_added_msa
41049,0,False,False,D_persistent_nonmetro
41051,1,True,True,A_city_core
41053,0,False,True,C_newly_added_msa
41055,0,False,False,D_persistent_nonmetro
41057,0,False,False,D_persistent_nonmetro
41059,0,False,False,D_persistent_nonmetro
41061,0,False,False,D_persistent_nonmetro
41063,0,False,False,D_persistent_nonmetro
41065,0,False,False,D_persistent_nonmetro
41067,0,True,True,B_original_suburb
41069,0,False,False,D_persistent_nonmetro
41071,0,False,True,C_newly_added_msa
42001,0,False,True,C_newly_added_msa
42003,1,True,True,A_city_core
42005,0,False,True,C_newly_added_msa
42007,0,True,True,B_original_suburb
42009,0,False,False,D_persistent_nonmetro
42011,1,True,True,A_city_core
42013,1,True,True,A_city_core
42015,0,False,False,D_persistent_nonmetro
42017,0,True,True,B_original_suburb
42019,0,False,True,C_newly_added_msa
42021,1,True,True,A_city_core
42023,0,False,False,D_persistent_nonmetro
42025,0,False,True,C_newly_added_msa
42027,0,False,True,C_newly_added_msa
42029,0,True,True,B_original_suburb
42031,0,False,False,D_persistent_nonmetro
42033,0,False,False,D_persistent_nonmetro
42035,0,False,False,D_persistent_nonmetro
42037,0,False,False,D_persistent_nonmetro
42039,0,False,False,D_persistent_nonmetro
42041,0,True,True,B_original_suburb
42043,1,True,True,A_city_core
42045,0,True,True,B_original_suburb
42047,0,False,False,D_persistent_nonmetro
42049,1,True,True,A_city_core
42051,0,False,True,C_newly_added_msa
42053,0,False,False,D_persistent_nonmetro
42055,0,False,True,C_newly_added_msa
42057,0,False,False,D_persistent_nonmetro
42059,0,False,False,D_persistent_nonmetro
42061,0,False,False,D_persistent_nonmetro
42063,0,False,False,D_persistent_nonmetro
42065,0,False,False,D_persistent_nonmetro
42067,0,False,False,D_persistent_nonmetro
42069,1,True,True,A_city_core
42071,1,True,True,A_city_core
42073,0,False,True,C_newly_added_msa
42075,0,False,True,C_newly_added_msa
42077,1,True,True,A_city_core
42079,1,True,True,A_city_core
42081,0,False,True,C_newly_added_msa
42083,0,False,False,D_persistent_nonmetro
42085,0,True,False,B_original_suburb
42087,0,False,False,D_persistent_nonmetro
42089,0,False,False,D_persistent_nonmetro
42091,0,True,True,B_original_suburb
42093,0,False,False,D_persistent_nonmetro
42095,1,True,True,A_city_core
42097,0,False,False,D_persistent_nonmetro
42099,0,False,True,C_newly_added_msa
42101,1,True,True,A_city_core
42103,0,False,False,D_persistent_nonmetro
42105,0,False,False,D_persistent_nonmetro
42107,0,False,False,D_persistent_nonmetro
42109,0,False,False,D_persistent_nonmetro
42111,0,True,False,B_original_suburb
42113,0,False,False,D_persistent_nonmetro
42115,0,False,False,D_persistent_nonmetro
42117,0,False,False,D_persistent_nonmetro
42119,0,False,False,D_persistent_nonmetro
42121,0,False,False,D_persistent_nonmetro
42123,0,False,False,D_persistent_nonmetro
42125,0,True,True,B_original_suburb
42127,0,False,False,D_persistent_nonmetro
42129,0,True,True,B_original_suburb
42131,0,False,True,C_newly_added_msa
42133,1,True,True,A_city_core
44001,0,True,True,B_original_suburb
44003,0,True,True,B_original_suburb
44005,0,True,True,B_original_suburb
44007,1,True,True,A_city_core
44009,0,True,True,B_original_suburb
45001,0,False,False,D_persistent_nonmetro
45003,0,True,True,B_original_suburb
45005,0,False,False,D_persistent_nonmetro
45007,0,False,True,C_newly_added_msa
45009,0,False,False,D_persistent_nonmetro
45011,0,False,False,D_persistent_nonmetro
45013,0,False,True,C_newly_added_msa
45015,0,False,True,C_newly_added_msa
45017,0,False,True,C_newly_added_msa
45019,1,True,True,A_city_core
45021,0,False,False,D_persistent_nonmetro
45023,0,False,True,C_newly_added_msa
45025,0,False,False,D_persistent_nonmetro
45027,0,False,False,D_persistent_nonmetro
45029,0,False,False,D_persistent_nonmetro
45031,0,False,True,C_newly_added_msa
45033,0,False,False,D_persistent_nonmetro
45035,0,False,True,C_newly_added_msa
45037,0,False,True,C_newly_added_msa
45039,0,False,True,C_newly_added_msa
45041,0,False,True,C_newly_added_msa
45043,0,False,False,D_persistent_nonmetro
45045,1,True,True,A_city_core
45047,0,False,False,D_persistent_nonmetro
45049,0,False,False,D_persistent_nonmetro
45051,0,False,True,C_newly_added_msa
45053,0,False,True,C_newly_added_msa
45055,0,False,True,C_newly_added_msa
45057,0,False,True,C_newly_added_msa
45059,0,False,True,C_newly_added_msa
45061,0,False,False,D_persistent_nonmetro
45063,0,False,True,C_newly_added_msa
45065,0,False,False,D_persistent_nonmetro
45067,0,False,False,D_persistent_nonmetro
45069,0,False,False,D_persistent_nonmetro
45071,0,False,False,D_persistent_nonmetro
45073,0,False,False,D_persistent_nonmetro
45075,0,False,False,D_persistent_nonmetro
45077,0,False,True,C_newly_added_msa
45079,1,True,True,A_city_core
45081,0,False,True,C_newly_added_msa
45083,0,False,True,C_newly_added_msa
45085,0,False,True,C_newly_added_msa
45087,0,False,True,C_newly_added_msa
45089,0,False,False,D_persistent_nonmetro
45091,0,False,True,C_newly_added_msa
46001,0,False,False,D_persistent_nonmetro
46003,0,False,False,D_persistent_nonmetro
46005,0,False,False,D_persistent_nonmetro
46007,0,False,False,D_persistent_nonmetro
46009,0,False,False,D_persistent_nonmetro
46011,0,False,False,D_persistent_nonmetro
46013,0,False,False,D_persistent_nonmetro
46015,0,False,False,D_persistent_nonmetro
46017,0,False,False,D_persistent_nonmetro
46019,0,False,False,D_persistent_nonmetro
46021,0,False,False,D_persistent_nonmetro
46023,0,False,False,D_persistent_nonmetro
46025,0,False,False,D_persistent_nonmetro
46027,0,False,False,D_persistent_nonmetro
46029,0,False,False,D_persistent_nonmetro
46031,0,False,False,D_persistent_nonmetro
46033,0,False,True,C_newly_added_msa
46035,0,False,False,D_persistent_nonmetro
46037,0,False,False,D_persistent_nonmetro
46039,0,False,False,D_persistent_nonmetro
46041,0,False,False,D_persistent_nonmetro
46043,0,False,False,D_persistent_nonmetro
46045,0,False,False,D_persistent_nonmetro
46047,0,False,False,D_persistent_nonmetro
46049,0,False,False,D_persistent_nonmetro
46051,0,False,False,D_persistent_nonmetro
46053,0,False,False,D_persistent_nonmetro
46055,0,False,False,D_persistent_nonmetro
46057,0,False,False,D_persistent_nonmetro
46059,0,False,False,D_persistent_nonmetro
46061,0,False,False,D_persistent_nonmetro
46063,0,False,False,D_persistent_nonmetro
46065,0,False,False,D_persistent_nonmetro
46067,0,False,False,D_persistent_nonmetro
46069,0,False,False,D_persistent_nonmetro
46071,0,False,False,D_persistent_nonmetro
46073,0,False,False,D_persistent_nonmetro
46075,0,False,False,D_persistent_nonmetro
46077,0,False,False,D_persistent_nonmetro
46079,0,False,False,D_persistent_nonmetro
46081,0,False,False,D_persistent_nonmetro
46083,0,False,True,C_newly_added_msa
46085,0,False,False,D_persistent_nonmetro
46087,0,False,True,C_newly_added_msa
46089,0,False,False,D_persistent_nonmetro
46091,0,False,False,D_persistent_nonmetro
46093,0,False,True,C_newly_added_msa
46095,0,False,False,D_persistent_nonmetro
46097,0,False,False,D_persistent_nonmetro
46099,1,True,True,A_city_core
46101,0,False,False,D_persistent_nonmetro
46103,0,False,True,C_newly_added_msa
46105,0,False,False,D_persistent_nonmetro
46107,0,False,False,D_persistent_nonmetro
46109,0,False,False,D_persistent_nonmetro
46111,0,False,False,D_persistent_nonmetro
46113,0,False,False,D_persistent_nonmetro
46115,0,False,False,D_persistent_nonmetro
46117,0,False,False,D_persistent_nonmetro
46119,0,False,False,D_persistent_nonmetro
46121,0,False,False,D_persistent_nonmetro
46123,0,False,False,D_persistent_nonmetro
46125,0,False,True,C_newly_added_msa
46127,0,False,True,C_newly_added_msa
46129,0,False,False,D_persistent_nonmetro
46131,0,False,False,D_persistent_nonmetro
46135,0,False,False,D_persistent_nonmetro
46137,0,False,False,D_persistent_nonmetro
47001,0,True,True,B_original_suburb
47003,0,False,False,D_persistent_nonmetro
47005,0,False,False,D_persistent_nonmetro
47007,0,False,False,D_persistent_nonmetro
47009,0,True,True,B_original_suburb
47011,0,False,True,C_newly_added_msa
47013,0,False,True,C_newly_added_msa
47015,0,False,True,C_newly_added_msa
47017,0,False,False,D_persistent_nonmetro
47019,0,False,True,C_newly_added_msa
47021,0,False,True,C_newly_added_msa
47023,0,False,True,C_newly_added_msa
47025,0,False,False,D_persistent_nonmetro
47027,0,False,False,D_persistent_nonmetro
47029,0,False,False,D_persistent_nonmetro
47031,0,False,False,D_persistent_nonmetro
47033,0,False,True,C_newly_added_msa
47035,0,False,False,D_persistent_nonmetro
47037,1,True,True,A_city_core
47039,0,False,False,D_persistent_nonmetro
47041,0,False,False,D_persistent_nonmetro
47043,0,False,True,C_newly_added_msa
47045,0,False,False,D_persistent_nonmetro
47047,0,False,True,C_newly_added_msa
47049,0,False,False,D_persistent_nonmetro
47051,0,False,False,D_persistent_nonmetro
47053,0,False,True,C_newly_added_msa
47055,0,False,False,D_persistent_nonmetro
47057,0,False,True,C_newly_added_msa
47059,0,False,False,D_persistent_nonmetro
47061,0,False,False,D_persistent_nonmetro
47063,0,False,True,C_newly_added_msa
47065,1,True,True,A_city_core
47067,0,False,False,D_persistent_nonmetro
47069,0,False,False,D_persistent_nonmetro
47071,0,False,False,D_persistent_nonmetro
47073,0,False,True,C_newly_added_msa
47075,0,False,False,D_persistent_nonmetro
47077,0,False,False,D_persistent_nonmetro
47079,0,False,False,D_persistent_nonmetro
47081,0,False,True,C_newly_added_msa
47083,0,False,False,D_persistent_nonmetro
47085,0,False,False,D_persistent_nonmetro
47087,0,False,False,D_persistent_nonmetro
47089,0,False,True,C_newly_added_msa
47091,0,False,False,D_persistent_nonmetro
47093,1,True,True,A_city_core
47095,0,False,False,D_persistent_nonmetro
47097,0,False,False,D_persistent_nonmetro
47099,0,False,False,D_persistent_nonmetro
47101,0,False,False,D_persistent_nonmetro
47103,0,False,False,D_persistent_nonmetro
47105,0,False,True,C_newly_added_msa
47107,0,False,False,D_persistent_nonmetro
47109,0,False,False,D_persistent_nonmetro
47111,0,False,True,C_newly_added_msa
47113,0,False,True,C_newly_added_msa
47115,0,False,True,C_newly_added_msa
47117,0,False,False,D_persistent_nonmetro
47119,0,False,True,C_newly_added_msa
47121,0,False,False,D_persistent_nonmetro
47123,0,False,False,D_persistent_nonmetro
47125,0,False,True,C_newly_added_msa
47127,0,False,False,D_persistent_nonmetro
47129,0,False,True,C_newly_added_msa
47131,0,False,False,D_persistent_nonmetro
47133,0,False,False,D_persistent_nonmetro
47135,0,False,False,D_persistent_nonmetro
47137,0,False,False,D_persistent_nonmetro
47139,0,False,True,C_newly_added_msa
47141,0,False,False,D_persistent_nonmetro
47143,0,False,False,D_persistent_nonmetro
47145,0,False,True,C_newly_added_msa
47147,0,False,True,C_newly_added_msa
47149,0,False,True,C_newly_added_msa
47151,0,False,False,D_persistent_nonmetro
47153,0,False,True,C_newly_added_msa
47155,0,False,False,D_persistent_nonmetro
47157,1,True,True,A_city_core
47159,0,False,True,C_newly_added_msa
47161,0,False,True,C_newly_added_msa
47163,0,False,True,C_newly_added_msa
47165,0,False,True,C_newly_added_msa
47167,0,False,True,C_newly_added_msa
47169,0,False,True,C_newly_added_msa
47171,0,False,True,C_newly_added_msa
47173,0,False,True,C_newly_added_msa
47175,0,False,False,D_persistent_nonmetro
47177,0,False,False,D_persistent_nonmetro
47179,0,False,True,C_newly_added_msa
47181,0,False,False,D_persistent_nonmetro
47183,0,False,False,D_persistent_nonmetro
47185,0,False,False,D_persistent_nonmetro
47187,0,False,True,C_newly_added_msa
47189,0,False,True,C_newly_added_msa
48001,0,False,False,D_persistent_nonmetro
48003,0,False,False,D_persistent_nonmetro
48005,0,False,False,D_persistent_nonmetro
48007,0,False,True,C_newly_added_msa
48009,0,False,True,C_newly_added_msa
48011,0,False,True,C_newly_added_msa
48013,0,False,True,C_newly_added_msa
48015,0,False,True,C_newly_added_msa
48017,0,False,False,D_persistent_nonmetro
48019,0,False,True,C_newly_added_msa
48021,0,False,True,C_newly_added_msa
48023,0,False,False,D_persistent_nonmetro
48025,0,False,False,D_persistent_nonmetro
48027,0,False,True,C_newly_added_msa
48029,1,True,True,A_city_core
48031,0,False,False,D_persistent_nonmetro
48033,0,False,False,D_persistent_nonmetro
48035,0,False,True,C_newly_added_msa
48037,0,False,True,C_newly_added_msa
48039,0,False,True,C_newly_added_msa
48041,0,False,True,C_newly_added_msa
48043,0,False,False,D_persistent_nonmetro
48045,0,False,False,D_persistent_nonmetro
48047,0,False,False,D_persistent_nonmetro
48049,0,False,False,D_persistent_nonmetro
48051,0,False,True,C_newly_added_msa
48053,0,False,False,D_persistent_nonmetro
48055,0,False,True,C_newly_added_msa
48057,0,False,False,D_persistent_nonmetro
48059,0,False,True,C_newly_added_msa
48061,0,False,True,C_newly_added_msa
48063,0,False,False,D_persistent_nonmetro
48065,0,False,True,C_newly_added_msa
48067,0,False,False,D_persistent_nonmetro
48069,0,False,False,D_persistent_nonmetro
48071,0,False,True,C_newly_added_msa
48073,0,False,False,D_persistent_nonmetro
48075,0,False,False,D_persistent_nonmetro
48077,0,False,True,C_newly_added_msa
48079,0,False,True,C_newly_added_msa
48081,0,False,False,D_persistent_nonmetro
48083,0,False,False,D_persistent_nonmetro
48085,0,False,True,C_newly_added_msa
48087,0,False,False,D_persistent_nonmetro
48089,0,False,False,D_persistent_nonmetro
48091,0,False,True,C_newly_added_msa
48093,0,False,False,D_persistent_nonmetro
48095,0,False,False,D_persistent_nonmetro
48097,0,False,False,D_persistent_nonmetro
48099,0,False,True,C_newly_added_msa
48101,0,False,False,D_persistent_nonmetro
48103,0,False,False,D_persistent_nonmetro
48105,0,False,False,D_persistent_nonmetro
48107,0,False,True,C_newly_added_msa
48109,0,False,False,D_persistent_nonmetro
48111,0,False,False,D_persistent_nonmetro
48113,1,True,True,A_city_core
48115,0,False,False,D_persistent_nonmetro
48117,0,False,False,D_persistent_nonmetro
48119,0,False,False,D_persistent_nonmetro
48121,0,False,True,C_newly_added_msa
48123,0,False,False,D_persistent_nonmetro
48125,0,False,False,D_persistent_nonmetro
48127,0,False,False,D_persistent_nonmetro
48129,0,False,False,D_persistent_nonmetro
48131,0,False,False,D_persistent_nonmetro
48133,0,False,False,D_persistent_nonmetro
48135,0,False,True,C_newly_added_msa
48137,0,False,False,D_persistent_nonmetro
48139,0,False,True,C_newly_added_msa
48141,1,True,True,A_city_core
48143,0,False,False,D_persistent_nonmetro
48145,0,False,True,C_newly_added_msa
48147,0,False,False,D_persistent_nonmetro
48149,0,False,False,D_persistent_nonmetro
48151,0,False,False,D_persistent_nonmetro
48153,0,False,False,D_persistent_nonmetro
48155,0,False,False,D_persistent_nonmetro
48157,0,False,True,C_newly_added_msa
48159,0,False,False,D_persistent_nonmetro
48161,0,False,False,D_persistent_nonmetro
48163,0,False,False,D_persistent_nonmetro
48165,0,False,False,D_persistent_nonmetro
48167,1,True,True,A_city_core
48169,0,False,True,C_newly_added_msa
48171,0,False,False,D_persistent_nonmetro
48173,0,False,False,D_persistent_nonmetro
48175,0,False,True,C_newly_added_msa
48177,0,False,False,D_persistent_nonmetro
48179,0,False,False,D_persistent_nonmetro
48181,0,False,True,C_newly_added_msa
48183,0,False,True,C_newly_added_msa
48185,0,False,False,D_persistent_nonmetro
48187,0,False,True,C_newly_added_msa
48189,0,False,False,D_persistent_nonmetro
48191,0,False,False,D_persistent_nonmetro
48193,0,False,False,D_persistent_nonmetro
48195,0,False,False,D_persistent_nonmetro
48197,0,False,False,D_persistent_nonmetro
48199,0,False,True,C_newly_added_msa
48201,1,True,True,A_city_core
48203,0,False,True,C_newly_added_msa
48205,0,False,False,D_persistent_nonmetro
48207,0,False,False,D_persistent_nonmetro
48209,0,False,True,C_newly_added_msa
48211,0,False,False,D_persistent_nonmetro
48213,0,False,False,D_persistent_nonmetro
48215,0,False,True,C_newly_added_msa
48217,0,False,False,D_persistent_nonmetro
48219,0,False,True,C_newly_added_msa
48221,0,False,False,D_persistent_nonmetro
48223,0,False,False,D_persistent_nonmetro
48225,0,False,False,D_persistent_nonmetro
48227,0,False,False,D_persistent_nonmetro
48229,0,False,True,C_newly_added_msa
48231,0,False,True,C_newly_added_msa
48233,0,False,False,D_persistent_nonmetro
48235,0,False,True,C_newly_added_msa
48237,0,False,False,D_persistent_nonmetro
48239,0,False,False,D_persistent_nonmetro
48241,0,False,False,D_persistent_nonmetro
48243,0,False,False,D_persistent_nonmetro
48245,1,True,True,A_city_core
48247,0,False,False,D_persistent_nonmetro
48249,0,False,False,D_persistent_nonmetro
48251,0,False,True,C_newly_added_msa
48253,0,False,True,C_newly_added_msa
48255,0,False,False,D_persistent_nonmetro
48257,0,False,True,C_newly_added_msa
48259,0,False,True,C_newly_added_msa
48261,0,False,False,D_persistent_nonmetro
48263,0,False,False,D_persistent_nonmetro
48265,0,False,False,D_persistent_nonmetro
48267,0,False,False,D_persistent_nonmetro
48269,0,False,False,D_persistent_nonmetro
48271,0,False,False,D_persistent_nonmetro
48273,0,False,False,D_persistent_nonmetro
48275,0,False,False,D_persistent_nonmetro
48277,0,False,False,D_persistent_nonmetro
48279,0,False,False,D_persistent_nonmetro
48281,0,False,True,C_newly_added_msa
48283,0,False,False,D_persistent_nonmetro
48285,0,False,False,D_persistent_nonmetro
48287,0,False,False,D_persistent_nonmetro
48289,0,False,False,D_persistent_nonmetro
48291,0,False,True,C_newly_added_msa
48293,0,False,False,D_persistent_nonmetro
48295,0,False,False,D_persistent_nonmetro
48297,0,False,False,D_persistent_nonmetro
48299,0,False,False,D_persistent_nonmetro
48301,0,False,False,D_persistent_nonmetro
48303,1,True,True,A_city_core
48305,0,False,True,C_newly_added_msa
48307,0,False,False,D_persistent_nonmetro
48309,1,True,True,A_city_core
48311,0,False,False,D_persistent_nonmetro
48313,0,False,False,D_persistent_nonmetro
48315,0,False,False,D_persistent_nonmetro
48317,0,False,True,C_newly_added_msa
48319,0,False,False,D_persistent_nonmetro
48321,0,False,False,D_persistent_nonmetro
48323,0,False,True,C_newly_added_msa
48325,0,False,True,C_newly_added_msa
48327,0,False,False,D_persistent_nonmetro
48329,0,False,True,C_newly_added_msa
48331,0,False,False,D_persistent_nonmetro
48333,0,False,False,D_persistent_nonmetro
48335,0,False,False,D_persistent_nonmetro
48337,0,False,False,D_persistent_nonmetro
48339,0,False,True,C_newly_added_msa
48341,0,False,False,D_persistent_nonmetro
48343,0,False,False,D_persistent_nonmetro
48345,0,False,False,D_persistent_nonmetro
48347,0,False,False,D_persistent_nonmetro
48349,0,False,False,D_persistent_nonmetro
48351,0,False,False,D_persistent_nonmetro
48353,0,False,False,D_persistent_nonmetro
48355,1,True,True,A_city_core
48357,0,False,False,D_persistent_nonmetro
48359,0,False,True,C_newly_added_msa
48361,0,False,True,C_newly_added_msa
48363,0,False,False,D_persistent_nonmetro
48365,0,False,False,D_persistent_nonmetro
48367,0,False,True,C_newly_added_msa
48369,0,False,False,D_persistent_nonmetro
48371,0,False,False,D_persistent_nonmetro
48373,0,False,False,D_persistent_nonmetro
48375,1,True,True,A_city_core
48377,0,False,False,D_persistent_nonmetro
48379,0,False,False,D_persistent_nonmetro
48381,0,True,True,B_original_suburb
48383,0,False,False,D_persistent_nonmetro
48385,0,False,False,D_persistent_nonmetro
48387,0,False,False,D_persistent_nonmetro
48389,0,False,False,D_persistent_nonmetro
48391,0,False,False,D_persistent_nonmetro
48393,0,False,False,D_persistent_nonmetro
48395,0,False,True,C_newly_added_msa
48397,0,False,True,C_newly_added_msa
48399,0,False,False,D_persistent_nonmetro
48401,0,False,True,C_newly_added_msa
48403,0,False,False,D_persistent_nonmetro
48405,0,False,False,D_persistent_nonmetro
48407,0,False,True,C_newly_added_msa
48409,0,False,True,C_newly_added_msa
48411,0,False,False,D_persistent_nonmetro
48413,0,False,False,D_persistent_nonmetro
48415,0,False,False,D_persistent_nonmetro
48417,0,False,False,D_persistent_nonmetro
48419,0,False,False,D_persistent_nonmetro
48421,0,False,False,D_persistent_nonmetro
48423,0,False,True,C_newly_added_msa
48425,0,False,False,D_persistent_nonmetro
48427,0,False,False,D_persistent_nonmetro
48429,0,False,False,D_persistent_nonmetro
48431,0,False,False,D_persistent_nonmetro
48433,0,False,False,D_persistent_nonmetro
48435,0,False,False,D_persistent_nonmetro
48437,0,False,False,D_persistent_nonmetro
48439,1,True,True,A_city_core
48441,0,False,True,C_newly_added_msa
48443,0,False,False,D_persistent_nonmetro
48445,0,False,False,D_persistent_nonmetro
48447,0,False,False,D_persistent_nonmetro
48449,0,False,False,D_persistent_nonmetro
48451,1,True,True,A_city_core
48453,1,True,True,A_city_core
48455,0,False,False,D_persistent_nonmetro
48457,0,False,False,D_persistent_nonmetro
48459,0,False,True,C_newly_added_msa
48461,0,False,False,D_persistent_nonmetro
48463,0,False,False,D_persistent_nonmetro
48465,0,False,False,D_persistent_nonmetro
48467,0,False,False,D_persistent_nonmetro
48469,0,False,True,C_newly_added_msa
48471,0,False,False,D_persistent_nonmetro
48473,0,False,True,C_newly_added_msa
48475,0,False,False,D_persistent_nonmetro
48477,0,False,False,D_persistent_nonmetro
48479,1,True,True,A_city_core
48481,0,False,False,D_persistent_nonmetro
48483,0,False,False,D_persistent_nonmetro
48485,1,True,True,A_city_core
48487,0,False,False,D_persistent_nonmetro
48489,0,False,False,D_persistent_nonmetro
48491,0,False,True,C_newly_added_msa
48493,0,False,True,C_newly_added_msa
48495,0,False,False,D_persistent_nonmetro
48497,0,False,True,C_newly_added_msa
48499,0,False,False,D_persistent_nonmetro
48501,0,False,False,D_persistent_nonmetro
48503,0,False,False,D_persistent_nonmetro
48505,0,False,False,D_persistent_nonmetro
48507,0,False,False,D_persistent_nonmetro
49001,0,False,False,D_persistent_nonmetro
49003,0,False,False,D_persistent_nonmetro
49005,0,False,True,C_newly_added_msa
49007,0,False,False,D_persistent_nonmetro
49009,0,False,False,D_persistent_nonmetro
49011,0,False,True,C_newly_added_msa
49013,0,False,False,D_persistent_nonmetro
49015,0,False,False,D_persistent_nonmetro
49017,0,False,False,D_persistent_nonmetro
49019,0,False,False,D_persistent_nonmetro
49021,0,False,False,D_persistent_nonmetro
49023,0,False,True,C_newly_added_msa
49025,0,False,False,D_persistent_nonmetro
49027,0,False,False,D_persistent_nonmetro
49029,0,False,True,C_newly_added_msa
49031,0,False,False,D_persistent_nonmetro
49033,0,False,False,D_persistent_nonmetro
49035,1,True,True,A_city_core
49037,0,False,False,D_persistent_nonmetro
49039,0,False,False,D_persistent_nonmetro
49041,0,False,False,D_persistent_nonmetro
49043,0,False,False,D_persistent_nonmetro
49045,0,False,True,C_newly_added_msa
49047,0,False,False,D_persistent_nonmetro
49049,0,False,True,C_newly_added_msa
49051,0,False,False,D_persistent_nonmetro
49053,0,False,True,C_newly_added_msa
49055,0,False,False,D_persistent_nonmetro
49057,1,True,True,A_city_core
50001,0,False,False,D_persistent_nonmetro
50003,0,False,False,D_persistent_nonmetro
50005,0,False,False,D_persistent_nonmetro
50007,0,False,True,C_newly_added_msa
50009,0,False,False,D_persistent_nonmetro
50011,0,False,True,C_newly_added_msa
50013,0,False,True,C_newly_added_msa
50015,0,False,False,D_persistent_nonmetro
50017,0,False,False,D_persistent_nonmetro
50019,0,False,False,D_persistent_nonmetro
50021,0,False,False,D_persistent_nonmetro
50023,0,False,False,D_persistent_nonmetro
50025,0,False,False,D_persistent_nonmetro
50027,0,False,False,D_persistent_nonmetro
51001,0,False,False,D_persistent_nonmetro
51003,0,False,True,C_newly_added_msa
51005,0,False,False,D_persistent_nonmetro
51007,0,False,True,C_newly_added_msa
51009,0,False,True,C_newly_added_msa
51011,0,False,True,C_newly_added_msa
51013,0,True,True,B_original_suburb
51015,0,False,True,C_newly_added_msa
51017,0,False,False,D_persistent_nonmetro
51019,0,False,True,C_newly_added_msa
51021,0,False,False,D_persistent_nonmetro
51023,0,False,True,C_newly_added_msa
51025,0,False,False,D_persistent_nonmetro
51027,0,False,False,D_persistent_nonmetro
51029,0,False,False,D_persistent_nonmetro
51031,0,False,True,C_newly_added_msa
51033,0,False,False,D_persistent_nonmetro
51035,0,False,False,D_persistent_nonmetro
51036,0,False,True,C_newly_added_msa
51037,0,False,False,D_persistent_nonmetro
51041,0,True,True,B_original_suburb
51043,0,False,True,C_newly_added_msa
51045,0,False,True,C_newly_added_msa
51047,0,False,True,C_newly_added_msa
51049,0,False,False,D_persistent_nonmetro
51051,0,False,False,D_persistent_nonmetro
51053,0,False,True,C_newly_added_msa
51055,0,False,False,D_persistent_nonmetro
51057,0,False,False,D_persistent_nonmetro
51059,0,True,True,B_original_suburb
51061,0,False,True,C_newly_added_msa
51063,0,False,True,C_newly_added_msa
51065,0,False,True,C_newly_added_msa
51067,0,False,True,C_newly_added_msa
51069,0,False,True,C_newly_added_msa
51071,0,False,True,C_newly_added_msa
51073,0,False,True,C_newly_added_msa
51075,0,False,True,C_newly_added_msa
51077,0,False,False,D_persistent_nonmetro
51079,0,False,True,C_newly_added_msa
51081,0,False,False,D_persistent_nonmetro
51083,0,False,False,D_persistent_nonmetro
51085,0,False,True,C_newly_added_msa
51087,0,True,True,B_original_suburb
51089,0,False,False,D_persistent_nonmetro
51091,0,False,False,D_persistent_nonmetro
51093,0,False,True,C_newly_added_msa
51095,0,False,True,C_newly_added_msa
51097,0,False,True,C_newly_added_msa
51099,0,False,False,D_persistent_nonmetro
51101,0,False,True,C_newly_added_msa
51103,0,False,False,D_persistent_nonmetro
51105,0,False,False,D_persistent_nonmetro
51107,0,False,True,C_newly_added_msa
51109,0,False,False,D_persistent_nonmetro
51111,0,False,False,D_persistent_nonmetro
51113,0,False,False,D_persistent_nonmetro
51115,0,False,True,C_newly_added_msa
51117,0,False,False,D_persistent_nonmetro
51119,0,False,False,D_persistent_nonmetro
51121,0,False,True,C_newly_added_msa
51123,0,False,False,D_persistent_nonmetro
51125,0,False,True,C_newly_added_msa
51127,0,False,True,C_newly_added_msa
51129,0,True,False,B_original_suburb
51131,0,False,False,D_persistent_nonmetro
51133,0,False,False,D_persistent_nonmetro
51135,0,False,False,D_persistent_nonmetro
51137,0,False,False,D_persistent_nonmetro
51139,0,False,False,D_persistent_nonmetro
51141,0,False,False,D_persistent_nonmetro
51143,0,False,False,D_persistent_nonmetro
51145,0,False,True,C_newly_added_msa
51147,0,False,False,D_persistent_nonmetro
51149,0,False,True,C_newly_added_msa
51151,0,True,False,B_original_suburb
51153,0,False,True,C_newly_added_msa
51155,0,False,True,C_newly_added_msa
51157,0,False,True,C_newly_added_msa
51159,0,False,False,D_persistent_nonmetro
51161,1,True,True,A_city_core
51163,0,False,False,D_persistent_nonmetro
51165,0,False,True,C_newly_added_msa
51167,0,False,False,D_persistent_nonmetro
51169,0,False,True,C_newly_added_msa
51171,0,False,False,D_persistent_nonmetro
51173,0,False,False,D_persistent_nonmetro
51175,0,False,False,D_persistent_nonmetro
51177,0,False,True,C_newly_added_msa
51179,0,False,True,C_newly_added_msa
51181,0,False,True,C_newly_added_msa
51183,0,False,True,C_newly_added_msa
51185,0,False,False,D_persistent_nonmetro
51187,0,False,True,C_newly_added_msa
51189,0,False,False,D_persistent_nonmetro
51191,0,False,True,C_newly_added_msa
51193,0,False,False,D_persistent_nonmetro
51195,0,False,False,D_persistent_nonmetro
51197,0,False,False,D_persistent_nonmetro
51199,0,False,True,C_newly_added_msa
51510,0,True,True,B_original_suburb
51520,0,False,True,C_newly_added_msa
51530,0,False,False,D_persistent_nonmetro
51540,0,False,True,C_newly_added_msa
51560,0,False,False,D_persistent_nonmetro
51570,0,False,True,C_newly_added_msa
51590,0,False,False,D_persistent_nonmetro
51610,0,True,True,B_original_suburb
51630,0,False,True,C_newly_added_msa
51650,0,False,True,C_newly_added_msa
51660,0,False,True,C_newly_added_msa
51670,0,False,True,C_newly_added_msa
51680,0,False,True,C_newly_added_msa
51690,0,False,False,D_persistent_nonmetro
51700,0,False,True,C_newly_added_msa
51710,1,True,True,A_city_core
51730,0,False,True,C_newly_added_msa
51740,1,True,True,A_city_core
51750,0,False,True,C_newly_added_msa
51760,1,True,True,A_city_core
51770,1,True,True,A_city_core
51780,0,False,False,D_persistent_nonmetro
51790,0,False,True,C_newly_added_msa
51800,0,False,True,C_newly_added_msa
51820,0,False,True,C_newly_added_msa
51830,0,False,True,C_newly_added_msa
51840,0,False,True,C_newly_added_msa
53001,0,False,False,D_persistent_nonmetro
53003,0,False,True,C_newly_added_msa
53005,0,False,True,C_newly_added_msa
53007,0,False,True,C_newly_added_msa
53009,0,False,False,D_persistent_nonmetro
53011,0,True,True,B_original_suburb
53013,0,False,False,D_persistent_nonmetro
53015,0,False,True,C_newly_added_msa
53017,0,False,True,C_newly_added_msa
53019,0,False,False,D_persistent_nonmetro
53021,0,False,True,C_newly_added_msa
53023,0,False,False,D_persistent_nonmetro
53025,0,False,False,D_persistent_nonmetro
53027,0,False,False,D_persistent_nonmetro
53029,0,False,False,D_persistent_nonmetro
53031,0,False,False,D_persistent_nonmetro
53033,1,True,True,A_city_core
53035,0,False,True,C_newly_added_msa
53037,0,False,False,D_persistent_nonmetro
53039,0,False,False,D_persistent_nonmetro
53041,0,False,False,D_persistent_nonmetro
53043,0,False,False,D_persistent_nonmetro
53045,0,False,False,D_persistent_nonmetro
53047,0,False,False,D_persistent_nonmetro
53049,0,False,False,D_persistent_nonmetro
53051,0,False,False,D_persistent_nonmetro
53053,1,True,True,A_city_core
53055,0,False,False,D_persistent_nonmetro
53057,0,False,True,C_newly_added_msa
53059,0,False,True,C_newly_added_msa
53061,0,False,True,C_newly_added_msa
53063,1,True,True,A_city_core
53065,0,False,True,C_newly_added_msa
53067,0,False,True,C_newly_added_msa
53069,0,False,False,D_persistent_nonmetro
53071,0,False,True,C_newly_added_msa
53073,0,False,True,C_newly_added_msa
53075,0,False,False,D_persistent_nonmetro
53077,0,False,True,C_newly_added_msa
54001,0,False,False,D_persistent_nonmetro
54003,0,False,True,C_newly_added_msa
54005,0,False,True,C_newly_added_msa
54007,0,False,False,D_persistent_nonmetro
54009,0,True,True,B_original_suburb
54011,1,True,True,A_city_core
54013,0,False,False,D_persistent_nonmetro
54015,0,False,True,C_newly_added_msa
54017,0,False,False,D_persistent_nonmetro
54019,0,True,True,B_original_suburb
54021,0,False,False,D_persistent_nonmetro
54023,0,False,False,D_persistent_nonmetro
54025,0,False,False,D_persistent_nonmetro
54027,0,False,True,C_newly_added_msa
54029,0,True,True,B_original_suburb
54031,0,False,False,D_persistent_nonmetro
54033,0,False,False,D_persistent_nonmetro
54035,0,False,False,D_persistent_nonmetro
54037,0,False,True,C_newly_added_msa
54039,1,True,True,A_city_core
54041,0,False,False,D_persistent_nonmetro
54043,0,False,False,D_persistent_nonmetro
54045,0,False,False,D_persistent_nonmetro
54047,0,False,False,D_persistent_nonmetro
54049,0,False,False,D_persistent_nonmetro
54051,0,True,True,B_original_suburb
54053,0,False,False,D_persistent_nonmetro
54055,0,False,False,D_persistent_nonmetro
54057,0,False,False,D_persistent_nonmetro
54059,0,False,False,D_persistent_nonmetro
54061,0,False,True,C_newly_added_msa
54063,0,False,False,D_persistent_nonmetro
54065,0,False,True,C_newly_added_msa
54067,0,False,False,D_persistent_nonmetro
54069,1,True,True,A_city_core
54071,0,False,False,D_persistent_nonmetro
54073,0,False,False,D_persistent_nonmetro
54075,0,False,False,D_persistent_nonmetro
54077,0,False,True,C_newly_added_msa
54079,0,False,True,C_newly_added_msa
54081,0,False,True,C_newly_added_msa
54083,0,False,False,D_persistent_nonmetro
54085,0,False,False,D_persistent_nonmetro
54087,0,False,False,D_persistent_nonmetro
54089,0,False,False,D_persistent_nonmetro
54091,0,False,False,D_persistent_nonmetro
54093,0,False,False,D_persistent_nonmetro
54095,0,False,False,D_persistent_nonmetro
54097,0,False,False,D_persistent_nonmetro
54099,0,True,True,B_original_suburb
54101,0,False,False,D_persistent_nonmetro
54103,0,False,False,D_persistent_nonmetro
54105,0,False,True,C_newly_added_msa
54107,0,False,True,C_newly_added_msa
54109,0,False,False,D_persistent_nonmetro
55001,0,False,False,D_persistent_nonmetro
55003,0,False,False,D_persistent_nonmetro
55005,0,False,False,D_persistent_nonmetro
55007,0,False,False,D_persistent_nonmetro
55009,1,True,True,A_city_core
55011,0,False,False,D_persistent_nonmetro
55013,0,False,False,D_persistent_nonmetro
55015,0,False,True,C_newly_added_msa
55017,0,False,True,C_newly_added_msa
55019,0,False,False,D_persistent_nonmetro
55021,0,False,True,C_newly_added_msa
55023,0,False,False,D_persistent_nonmetro
55025,1,True,True,A_city_core
55027,0,False,False,D_persistent_nonmetro
55029,0,False,False,D_persistent_nonmetro
55031,1,True,True,A_city_core
55033,0,False,False,D_persistent_nonmetro
55035,0,False,True,C_newly_added_msa
55037,0,False,False,D_persistent_nonmetro
55039,0,False,True,C_newly_added_msa
55041,0,False,False,D_persistent_nonmetro
55043,0,False,False,D_persistent_nonmetro
55045,0,False,True,C_newly_added_msa
55047,0,False,False,D_persistent_nonmetro
55049,0,False,True,C_newly_added_msa
55051,0,False,False,D_persistent_nonmetro
55053,0,False,False,D_persistent_nonmetro
55055,0,False,False,D_persistent_nonmetro
55057,0,False,False,D_persistent_nonmetro
55059,1,True,True,A_city_core
55061,0,False,True,C_newly_added_msa
55063,0,False,True,C_newly_added_msa
55065,0,False,False,D_persistent_nonmetro
55067,0,False,False,D_persistent_nonmetro
55069,0,False,False,D_persistent_nonmetro
55071,0,False,False,D_persistent_nonmetro
55073,0,False,True,C_newly_added_msa
55075,0,False,False,D_persistent_nonmetro
55077,0,False,False,D_persistent_nonmetro
55079,1,True,True,A_city_core
55081,0,False,False,D_persistent_nonmetro
55083,0,False,True,C_newly_added_msa
55085,0,False,False,D_persistent_nonmetro
55087,0,False,True,C_newly_added_msa
55089,0,False,True,C_newly_added_msa
55091,0,False,False,D_persistent_nonmetro
55093,0,False,True,C_newly_added_msa
55095,0,False,False,D_persistent_nonmetro
55097,0,False,False,D_persistent_nonmetro
55099,0,False,False,D_persistent_nonmetro
55101,1,True,True,A_city_core
55103,0,False,False,D_persistent_nonmetro
55105,0,False,True,C_newly_added_msa
55107,0,False,False,D_persistent_nonmetro
55109,0,False,True,C_newly_added_msa
55111,0,False,False,D_persistent_nonmetro
55113,0,False,False,D_persistent_nonmetro
55115,0,False,False,D_persistent_nonmetro
55117,0,False,True,C_newly_added_msa
55119,0,False,False,D_persistent_nonmetro
55121,0,False,False,D_persistent_nonmetro
55123,0,False,True,C_newly_added_msa
55125,0,False,False,D_persistent_nonmetro
55127,0,False,False,D_persistent_nonmetro
55129,0,False,False,D_persistent_nonmetro
55131,0,False,True,C_newly_added_msa
55133,0,False,True,C_newly_added_msa
55135,0,False,False,D_persistent_nonmetro
55137,0,False,False,D_persistent_nonmetro
55139,0,False,True,C_newly_added_msa
55141,0,False,False,D_persistent_nonmetro
56001,0,False,False,D_persistent_nonmetro
56003,0,False,False,D_persistent_nonmetro
56005,0,False,False,D_persistent_nonmetro
56007,0,False,False,D_persistent_nonmetro
56009,0,False,False,D_persistent_nonmetro
56011,0,False,False,D_persistent_nonmetro
56013,0,False,False,D_persistent_nonmetro
56015,0,False,False,D_persistent_nonmetro
56017,0,False,False,D_persistent_nonmetro
56019,0,False,False,D_persistent_nonmetro
56021,0,False,True,C_newly_added_msa
56023,0,False,False,D_persistent_nonmetro
56025,0,False,True,C_newly_added_msa
56027,0,False,False,D_persistent_nonmetro
56029,0,False,False,D_persistent_nonmetro
56031,0,False,False,D_persistent_nonmetro
56033,0,False,False,D_persistent_nonmetro
56035,0,False,False,D_persistent_nonmetro
56037,0,False,False,D_persistent_nonmetro
56039,0,False,False,D_persistent_nonmetro
56041,0,False,False,D_persistent_nonmetro
56043,0,False,False,D_persistent_nonmetro
56045,0,False,False,D_persistent_nonmetro
56047,0,False,False,D_persistent_nonmetro
02010,0,False,False,D_persistent_nonmetro
02020,0,False,True,C_newly_added_msa
02040,0,False,False,D_persistent_nonmetro
02050,0,False,False,D_persistent_nonmetro
02060,0,False,False,D_persistent_nonmetro
02080,0,False,False,D_persistent_nonmetro
02090,0,False,True,C_newly_added_msa
02110,0,False,False,D_persistent_nonmetro
02120,0,False,False,D_persistent_nonmetro
02130,0,False,False,D_persistent_nonmetro
02140,0,False,False,D_persistent_nonmetro
02150,0,False,False,D_persistent_nonmetro
02160,0,False,False,D_persistent_nonmetro
02164,0,False,False,D_persistent_nonmetro
02180,0,False,False,D_persistent_nonmetro
02190,0,False,False,D_persistent_nonmetro
02200,0,False,False,D_persistent_nonmetro
02201,0,False,False,D_persistent_nonmetro
02220,0,False,False,D_persistent_nonmetro
02250,0,False,False,D_persistent_nonmetro
02260,0,False,False,D_persistent_nonmetro
02270,0,False,False,D_persistent_nonmetro
02280,0,False,False,D_persistent_nonmetro
02290,0,False,False,D_persistent_nonmetro
11001,1,True,True,A_city_core
15005,0,False,True,C_newly_added_msa
51580,0,False,False,D_persistent_nonmetro
51640,0,False,False,D_persistent_nonmetro
51720,0,False,False,D_persistent_nonmetro
51810,0,False,True,C_newly_added_msa
02030,0,False,False,D_persistent_nonmetro
02062,0,False,False,D_persistent_nonmetro
02100,0,False,False,D_persistent_nonmetro
02170,0,False,True,C_newly_added_msa
02210,0,False,False,D_persistent_nonmetro
02230,0,False,False,D_persistent_nonmetro
02240,0,False,False,D_persistent_nonmetro
32510,0,False,True,C_newly_added_msa
51515,0,False,False,D_persistent_nonmetro
51550,0,False,True,C_newly_added_msa
51595,0,False,False,D_persistent_nonmetro
51600,0,False,True,C_newly_added_msa
51620,0,False,False,D_persistent_nonmetro
51678,0,False,False,D_persistent_nonmetro
51775,0,False,True,C_newly_added_msa
55078,0,False,False,D_persistent_nonmetro
02070,0,False,False,D_persistent_nonmetro
02122,0,False,False,D_persistent_nonmetro
02185,0,False,False,D_persistent_nonmetro
02231,0,False,False,D_persistent_nonmetro
02261,0,False,False,D_persistent_nonmetro
51683,0,False,True,C_newly_added_msa
51685,0,False,True,C_newly_added_msa
51735,0,False,True,C_newly_added_msa
02013,0,False,False,D_persistent_nonmetro
02016,0,False,False,D_persistent_nonmetro
02188,0,False,False,D_persistent_nonmetro
04012,0,False,False,D_persistent_nonmetro
35006,0,False,False,D_persistent_nonmetro
02068,0,False,False,D_persistent_nonmetro
02232,0,False,False,D_persistent_nonmetro
02282,0,False,False,D_persistent_nonmetro
12086,0,False,True,C_newly_added_msa
02105,0,False,False,D_persistent_nonmetro
02195,0,False,False,D_persistent_nonmetro
02198,0,False,False,D_persistent_nonmetro
02275,0,False,False,D_persistent_nonmetro
08014,0,False,True,C_newly_added_msa
72001,0,False,False,D_persistent_nonmetro
72003,0,False,True,C_newly_added_msa
72005,0,False,True,C_newly_added_msa
72007,0,False,True,C_newly_added_msa
72009,0,False,True,C_newly_added_msa
72011,0,False,True,C_newly_added_msa
72013,0,False,True,C_newly_added_msa
72015,0,False,True,C_newly_added_msa
72017,0,False,True,C_newly_added_msa
72019,0,False,True,C_newly_added_msa
72021,0,True,True,B_original_suburb
72023,0,False,True,C_newly_added_msa
72025,0,False,True,C_newly_added_msa
72027,0,False,True,C_newly_added_msa
72029,0,False,True,C_newly_added_msa
72031,0,False,True,C_newly_added_msa
72033,0,True,True,B_original_suburb
72035,0,False,True,C_newly_added_msa
72037,0,False,True,C_newly_added_msa
72039,0,False,True,C_newly_added_msa
72041,0,False,True,C_newly_added_msa
72043,0,False,False,D_persistent_nonmetro
72045,0,False,True,C_newly_added_msa
72047,0,False,True,C_newly_added_msa
72049,0,False,False,D_persistent_nonmetro
72051,0,False,True,C_newly_added_msa
72053,0,False,True,C_newly_added_msa
72054,0,False,True,C_newly_added_msa
72055,0,False,False,D_persistent_nonmetro
72057,0,False,True,C_newly_added_msa
72059,0,False,True,C_newly_added_msa
72061,0,True,True,B_original_suburb
72063,0,False,True,C_newly_added_msa
72065,0,False,True,C_newly_added_msa
72067,0,False,True,C_newly_added_msa
72069,0,False,True,C_newly_added_msa
72071,0,False,True,C_newly_added_msa
72073,0,False,False,D_persistent_nonmetro
72075,0,False,True,C_newly_added_msa
72077,0,False,True,C_newly_added_msa
72079,0,False,True,C_newly_added_msa
72081,0,False,False,D_persistent_nonmetro
72083,0,False,False,D_persistent_nonmetro
72085,0,False,True,C_newly_added_msa
72087,0,False,True,C_newly_added_msa
72089,0,False,True,C_newly_added_msa
72091,0,False,True,C_newly_added_msa
72093,0,False,False,D_persistent_nonmetro
72095,0,False,True,C_newly_added_msa
72097,1,True,True,A_city_core
72099,0,False,True,C_newly_added_msa
72101,0,False,True,C_newly_added_msa
72103,0,False,True,C_newly_added_msa
72105,0,False,True,C_newly_added_msa
72107,0,False,True,C_newly_added_msa
72109,0,False,True,C_newly_added_msa
72111,0,False,True,C_newly_added_msa
72113,1,True,True,A_city_core
72115,0,False,True,C_newly_added_msa
72117,0,False,True,C_newly_added_msa
72119,0,False,True,C_newly_added_msa
72121,0,False,True,C_newly_added_msa
72123,0,False,False,D_persistent_nonmetro
72125,0,False,True,C_newly_added_msa
72127,1,True,True,A_city_core
72129,0,False,True,C_newly_added_msa
72131,0,False,True,C_newly_added_msa
72133,0,False,False,D_persistent_nonmetro
72135,0,False,True,C_newly_added_msa
72137,0,False,True,C_newly_added_msa
72139,0,False,True,C_newly_added_msa
72141,0,False,False,D_persistent_nonmetro
72143,0,False,True,C_newly_added_msa
72145,0,False,True,C_newly_added_msa
72147,0,False,False,D_persistent_nonmetro
72149,0,False,True,C_newly_added_msa
72151,0,False,True,C_newly_added_msa
72153,0,False,True,C_newly_added_msa
02063,0,False,False,D_persistent_nonmetro
02066,0,False,False,D_persistent_nonmetro
02158,0,False,False,D_persistent_nonmetro
46102,0,False,False,D_persistent_nonmetro
