county_fips,state_name,county_name,year,under18
01001,Alabama,Autauga,1950,7566
01003,Alabama,Baldwin,1950,16704
01005,Alabama,Barbour,1950,12378
01007,Alabama,Bibb,1950,7639
01009,Alabama,Blount,1950,11758
01011,Alabama,Bullock,1950,7291
01013,Alabama,Butler,1950,12255
01015,Alabama,Calhoun,1950,29639
01017,Alabama,Chambers,1950,14782
01019,Alabama,Cherokee,1950,7137
01021,Alabama,Chilton,1950,10799
01023,Alabama,Choctaw,1950,8488
01025,Alabama,Clarke,1950,10930
01027,Alabama,Clay,1950,5315
01029,Alabama,Cleburne,1950,4842
01031,Alabama,Coffee,1950,12601
01033,Alabama,Colbert,1950,15193
01035,Alabama,Conecuh,1950,9531
01037,Alabama,Coosa,1950,4661
01039,Alabama,Covington,1950,15322
01041,Alabama,Crenshaw,1950,7653
01043,Alabama,Cullman,1950,19729
01045,Alabama,Dale,1950,8052
01047,Alabama,Dallas,1950,22720
01049,Alabama,DeKalb,1950,17794
01051,Alabama,Elmore,1950,12236
01053,Alabama,Escambia,1950,12848
01055,Alabama,Etowah,1950,34777
01057,Alabama,Fayette,1950,7732
01059,Alabama,Franklin,1950,10237
01061,Alabama,Geneva,1950,10382
01063,Alabama,Greene,1950,7124
01065,Alabama,Hale,1950,9106
01067,Alabama,Henry,1950,8073
01069,Alabama,Houston,1950,17363
01071,Alabama,Jackson,1950,16457
01073,Alabama,Jefferson,1950,186611
01075,Alabama,Lamar,1950,6333
01077,Alabama,Lauderdale,1950,20380
01079,Alabama,Lawrence,1950,11739
01081,Alabama,Lee,1950,15855
01083,Alabama,Limestone,1950,15010
01085,Alabama,Lowndes,1950,8600
01087,Alabama,Macon,1950,11212
01089,Alabama,Madison,1950,27917
01091,Alabama,Marengo,1950,12428
01093,Alabama,Marion,1950,11206
01095,Alabama,Marshall,1950,17419
01097,Alabama,Mobile,1950,82681
01099,Alabama,Monroe,1950,11297
01101,Alabama,Montgomery,1950,45772
01103,Alabama,Morgan,1950,19189
01105,Alabama,Perry,1950,9029
01107,Alabama,Pickens,1950,10251
01109,Alabama,Pike,1950,12036
01111,Alabama,Randolph,1950,8832
01113,Alabama,Russell,1950,16250
01115,Alabama,St Clair,1950,10950
01117,Alabama,Shelby,1950,11907
01119,Alabama,Sumter,1950,10056
01121,Alabama,Talladega,1950,26601
01123,Alabama,Tallapoosa,1950,13381
01125,Alabama,Tuscaloosa,1950,31133
01127,Alabama,Walker,1950,26086
01129,Alabama,Washington,1950,7134
01131,Alabama,Wilcox,1950,11037
01133,Alabama,Winston,1950,7782
02001,Alaska Territory,First Judicial Dist,1950,0
02003,Alaska Territory,Fourth Judicial Dist,1950,0
02007,Alaska Territory,Second Judicial Dist,1950,0
02011,Alaska Territory,Third Judicial Dist,1950,0
04001,Arizona,Apache,1950,14152
04003,Arizona,Cochise,1950,11567
04005,Arizona,Coconino,1950,9816
04007,Arizona,Gila,1950,9439
04009,Arizona,Graham,1950,5604
04011,Arizona,Greenlee,1950,5518
04013,Arizona,Maricopa,1950,115365
04015,Arizona,Mohave,1950,3039
04017,Arizona,Navajo,1950,13646
04019,Arizona,Pima,1950,45524
04021,Arizona,Pinal,1950,17962
04023,Arizona,Santa Cruz,1950,3513
04025,Arizona,Yavapai,1950,8212
04027,Arizona,Yuma,1950,10424
05001,Arkansas,Arkansas,1950,8927
05003,Arkansas,Ashley,1950,10494
05005,Arkansas,Baxter,1950,4374
05007,Arkansas,Benton,1950,12536
05009,Arkansas,Boone,1950,5492
05011,Arkansas,Bradley,1950,6065
05013,Arkansas,Calhoun,1950,2685
05015,Arkansas,Carroll,1950,4379
05017,Arkansas,Chicot,1950,8780
05019,Arkansas,Clark,1950,8072
05021,Arkansas,Clay,1950,10694
05023,Arkansas,Cleburne,1950,4352
05025,Arkansas,Cleveland,1950,3668
05027,Arkansas,Columbia,1950,10715
05029,Arkansas,Conway,1950,7156
05031,Arkansas,Craighead,1950,19664
05033,Arkansas,Crawford,1950,8589
05035,Arkansas,Crittenden,1950,20121
05037,Arkansas,Cross,1950,10630
05039,Arkansas,Dallas,1950,4766
05041,Arkansas,Desha,1950,10441
05043,Arkansas,Drew,1950,6860
05045,Arkansas,Faulkner,1950,8749
05047,Arkansas,Franklin,1950,4489
05049,Arkansas,Fulton,1950,3409
05051,Arkansas,Garland,1950,14148
05053,Arkansas,Grant,1950,3428
05055,Arkansas,Greene,1950,11367
05057,Arkansas,Hempstead,1950,9280
05059,Arkansas,Hot Spring,1950,8383
05061,Arkansas,Howard,1950,4810
05063,Arkansas,Independence,1950,8279
05065,Arkansas,Izard,1950,3740
05067,Arkansas,Jackson,1950,10574
05069,Arkansas,Jefferson,1950,27658
05071,Arkansas,Johnson,1950,5629
05073,Arkansas,Lafayette,1950,5293
05075,Arkansas,Lawrence,1950,8514
05077,Arkansas,Lee,1950,10357
05079,Arkansas,Lincoln,1950,6934
05081,Arkansas,Little River,1950,4590
05083,Arkansas,Logan,1950,7037
05085,Arkansas,Lonoke,1950,11001
05087,Arkansas,Madison,1950,4568
05089,Arkansas,Marion,1950,3272
05091,Arkansas,Miller,1950,11845
05093,Arkansas,Mississippi,1950,35631
05095,Arkansas,Monroe,1950,8020
05097,Arkansas,Montgomery,1950,2497
05099,Arkansas,Nevada,1950,5598
05101,Arkansas,Newton,1950,3837
05103,Arkansas,Ouachita,1950,12596
05105,Arkansas,Perry,1950,2322
05107,Arkansas,Phillips,1950,18502
05109,Arkansas,Pike,1950,3728
05111,Arkansas,Poinsett,1950,17599
05113,Arkansas,Polk,1950,5166
05115,Arkansas,Pope,1950,8146
05117,Arkansas,Prairie,1950,5509
05119,Arkansas,Pulaski,1950,60400
05121,Arkansas,Randolph,1950,6188
05123,Arkansas,St Francis,1950,15745
05125,Arkansas,Saline,1950,7673
05127,Arkansas,Scott,1950,3782
05129,Arkansas,Searcy,1950,4051
05131,Arkansas,Sebastian,1950,21291
05133,Arkansas,Sevier,1950,4430
05135,Arkansas,Sharp,1950,3415
05137,Arkansas,Stone,1950,3067
05139,Arkansas,Union,1950,17509
05141,Arkansas,Van Buren,1950,3638
05143,Arkansas,Washington,1950,15469
05145,Arkansas,White,1950,14294
05147,Arkansas,Woodruff,1950,8181
05149,Arkansas,Yell,1950,5048
06001,California,Alameda,1950,190616
06003,California,Alpine,1950,76
06005,California,Amador,1950,2867
06007,California,Butte,1950,20122
06009,California,Calaveras,1950,3075
06011,California,Colusa,1950,3717
06013,California,Contra Costa,1950,101571
06015,California,Del Norte,1950,2451
06017,California,El Dorado,1950,4814
06019,California,Fresno,1950,94354
06021,California,Glenn,1950,5234
06023,California,Humboldt,1950,21744
06025,California,Imperial,1950,23021
06027,California,Inyo,1950,3482
06029,California,Kern,1950,81746
06031,California,Kings,1950,17837
06033,California,Lake,1950,3125
06035,California,Lassen,1950,6474
06037,California,Los Angeles,1950,1080504
06039,California,Madera,1950,14382
06041,California,Marin,1950,22727
06043,California,Mariposa,1950,1378
06045,California,Mendocino,1950,12235
06047,California,Merced,1950,24772
06049,California,Modoc,1950,3081
06051,California,Mono,1950,535
06053,California,Monterey,1950,40329
06055,California,Napa,1950,12207
06057,California,Nevada,1950,5973
06059,California,Orange,1950,64440
06061,California,Placer,1950,11660
06063,California,Plumas,1950,4438
06065,California,Riverside,1950,53092
06067,California,Sacramento,1950,80319
06069,California,San Benito,1950,4692
06071,California,San Bernardino,1950,87711
06073,California,San Diego,1950,154610
06075,California,San Francisco,1950,159081
06077,California,San Joaquin,1950,60153
06079,California,San Luis Obispo,1950,14924
06081,California,San Mateo,1950,70518
06083,California,Santa Barbara,1950,27947
06085,California,Santa Clara,1950,83537
06087,California,Santa Cruz,1950,17423
06089,California,Shasta,1950,12191
06091,California,Sierra,1950,716
06093,California,Siskiyou,1950,9439
06095,California,Solano,1950,32235
06097,California,Sonoma,1950,30058
06099,California,Stanislaus,1950,42078
06101,California,Sutter,1950,9058
06103,California,Tehama,1950,6313
06105,California,Trinity,1950,1450
06107,California,Tulare,1950,55853
06109,California,Tuolumne,1950,3581
06111,California,Ventura,1950,35979
06113,California,Yolo,1950,12419
06115,California,Yuba,1950,8584
08001,Colorado,Adams,1950,14296
08003,Colorado,Alamosa,1950,4030
08005,Colorado,Arapahoe,1950,18313
08007,Colorado,Archuleta,1950,1221
08009,Colorado,Baca,1950,2997
08011,Colorado,Bent,1950,3036
08013,Colorado,Boulder,1950,12578
08015,Colorado,Chaffee,1950,2179
08017,Colorado,Cheyenne,1950,1351
08019,Colorado,Clear Creek,1950,991
08021,Colorado,Conejos,1950,4684
08023,Colorado,Costilla,1950,2966
08025,Colorado,Crowley,1950,2086
08027,Colorado,Custer,1950,513
08029,Colorado,Delta,1950,6246
08031,Colorado,Denver,1950,109528
08033,Colorado,Dolores,1950,816
08035,Colorado,Douglas,1950,1102
08037,Colorado,Eagle,1950,1592
08039,Colorado,Elbert,1950,1602
08041,Colorado,El Paso,1950,20947
08043,Colorado,Fremont,1950,5301
08045,Colorado,Garfield,1950,3856
08047,Colorado,Gilpin,1950,227
08049,Colorado,Grand,1950,1345
08051,Colorado,Gunnison,1950,1817
08053,Colorado,Hinsdale,1950,71
08055,Colorado,Huerfano,1950,3994
08057,Colorado,Jackson,1950,655
08059,Colorado,Jefferson,1950,18729
08061,Colorado,Kiowa,1950,1053
08063,Colorado,Kit Carson,1950,3164
08065,Colorado,Lake,1950,2273
08067,Colorado,La Plata,1950,5429
08069,Colorado,Larimer,1950,13044
08071,Colorado,Las Animas,1950,9985
08073,Colorado,Lincoln,1950,2098
08075,Colorado,Logan,1950,6202
08077,Colorado,Mesa,1950,13147
08079,Colorado,Mineral,1950,244
08081,Colorado,Moffat,1950,2068
08083,Colorado,Montezuma,1950,3913
08085,Colorado,Montrose,1950,5580
08087,Colorado,Morgan,1950,6697
08089,Colorado,Otero,1950,9503
08091,Colorado,Ouray,1950,686
08093,Colorado,Park,1950,531
08095,Colorado,Phillips,1950,1647
08097,Colorado,Pitkin,1950,464
08099,Colorado,Prowers,1950,5641
08101,Colorado,Pueblo,1950,28696
08103,Colorado,Rio Blanco,1950,1687
08105,Colorado,Rio Grande,1950,5391
08107,Colorado,Routt,1950,3308
08109,Colorado,Saguache,1950,2419
08111,Colorado,San Juan,1950,539
08113,Colorado,San Miguel,1950,971
08115,Colorado,Sedgwick,1950,1876
08117,Colorado,Summit,1950,342
08119,Colorado,Teller,1950,873
08121,Colorado,Washington,1950,2777
08123,Colorado,Weld,1950,24418
08125,Colorado,Yuma,1950,3792
09001,Connecticut,Fairfield,1950,136378
09003,Connecticut,Hartford,1950,147298
09005,Connecticut,Litchfield,1950,28683
09007,Connecticut,Middlesex,1950,17904
09009,Connecticut,New Haven,1950,147029
09011,Connecticut,New London,1950,40245
09013,Connecticut,Tolland,1950,12043
09015,Connecticut,Windham,1950,17872
10001,Delaware,Kent,1950,11529
10003,Delaware,New Castle,1950,63177
10005,Delaware,Sussex,1950,19489
12001,Florida,Alachua,1950,17467
12003,Florida,Baker,1950,2730
12005,Florida,Bay,1950,15406
12007,Florida,Bradford,1950,4720
12009,Florida,Brevard,1950,6839
12011,Florida,Broward,1950,24413
12013,Florida,Calhoun,1950,3398
12015,Florida,Charlotte,1950,1168
12017,Florida,Citrus,1950,2031
12019,Florida,Clay,1950,4482
12021,Florida,Collier,1950,2142
12023,Florida,Columbia,1950,6913
12025,Florida,Dade,1950,122080
12027,Florida,DeSoto,1950,2754
12029,Florida,Dixie,1950,1582
12031,Florida,Duval,1950,93151
12033,Florida,Escambia,1950,39814
12035,Florida,Flagler,1950,1101
12037,Florida,Franklin,1950,2186
12039,Florida,Gadsden,1950,12638
12041,Florida,Gilchrist,1950,1458
12043,Florida,Glades,1950,759
12045,Florida,Gulf,1950,2981
12047,Florida,Hamilton,1950,3768
12049,Florida,Hardee,1950,3519
12051,Florida,Hendry,1950,2154
12053,Florida,Hernando,1950,2275
12055,Florida,Highlands,1950,4504
12057,Florida,Hillsborough,1950,74466
12059,Florida,Holmes,1950,5909
12061,Florida,Indian River,1950,3884
12063,Florida,Jackson,1950,14259
12065,Florida,Jefferson,1950,4251
12067,Florida,Lafayette,1950,1428
12069,Florida,Lake,1950,11471
12071,Florida,Lee,1950,7044
12073,Florida,Leon,1950,16231
12075,Florida,Levy,1950,3903
12077,Florida,Liberty,1950,1262
12079,Florida,Madison,1950,5963
12081,Florida,Manatee,1950,10228
12083,Florida,Marion,1950,13079
12085,Florida,Martin,1950,2207
12087,Florida,Monroe,1950,7497
12089,Florida,Nassau,1950,5098
12091,Florida,Okaloosa,1950,9484
12093,Florida,Okeechobee,1950,1199
12095,Florida,Orange,1950,32834
12097,Florida,Osceola,1950,2921
12099,Florida,Palm Beach,1950,31044
12101,Florida,Pasco,1950,6589
12103,Florida,Pinellas,1950,34741
12105,Florida,Polk,1950,40936
12107,Florida,Putnam,1950,8026
12109,Florida,St Johns,1950,7986
12111,Florida,St Lucie,1950,6601
12113,Florida,Santa Rosa,1950,7266
12115,Florida,Sarasota,1950,7544
12117,Florida,Seminole,1950,8960
12119,Florida,Sumter,1950,4123
12121,Florida,Suwannee,1950,6919
12123,Florida,Taylor,1950,3948
12125,Florida,Union,1950,2147
12127,Florida,Volusia,1950,19495
12129,Florida,Wakulla,1950,2173
12131,Florida,Walton,1950,5777
12133,Florida,Washington,1950,4923
13001,Georgia,Appling,1950,6343
13003,Georgia,Atkinson,1950,3339
13005,Georgia,Bacon,1950,3965
13007,Georgia,Baker,1950,2774
13009,Georgia,Baldwin,1950,6732
13011,Georgia,Banks,1950,2809
13013,Georgia,Barrow,1950,4677
13015,Georgia,Bartow,1950,10729
13017,Georgia,Ben Hill,1950,5749
13019,Georgia,Berrien,1950,5883
13021,Georgia,Bibb,1950,37545
13023,Georgia,Bleckley,1950,3765
13025,Georgia,Brantley,1950,2892
13027,Georgia,Brooks,1950,7730
13029,Georgia,Bryan,1950,2541
13031,Georgia,Bulloch,1950,10038
13033,Georgia,Burke,1950,10381
13035,Georgia,Butts,1950,3629
13037,Georgia,Calhoun,1950,3541
13039,Georgia,Camden,1950,3019
13043,Georgia,Candler,1950,3332
13045,Georgia,Carroll,1950,12662
13047,Georgia,Catoosa,1950,5974
13049,Georgia,Charlton,1950,2039
13051,Georgia,Chatham,1950,49499
13053,Georgia,Chattahoochee,1950,2682
13055,Georgia,Chattooga,1950,8185
13057,Georgia,Cherokee,1950,7928
13059,Georgia,Clarke,1950,10567
13061,Georgia,Clay,1950,2472
13063,Georgia,Clayton,1950,8533
13065,Georgia,Clinch,1950,2489
13067,Georgia,Cobb,1950,22654
13069,Georgia,Coffee,1950,10325
13071,Georgia,Colquitt,1950,13957
13073,Georgia,Columbia,1950,3911
13075,Georgia,Cook,1950,5068
13077,Georgia,Coweta,1950,10497
13079,Georgia,Crawford,1950,2633
13081,Georgia,Crisp,1950,6925
13083,Georgia,Dade,1950,3189
13085,Georgia,Dawson,1950,1562
13087,Georgia,Decatur,1950,9456
13089,Georgia,DeKalb,1950,42233
13091,Georgia,Dodge,1950,7364
13093,Georgia,Dooly,1950,5984
13095,Georgia,Dougherty,1950,14959
13097,Georgia,Douglas,1950,4840
13099,Georgia,Early,1950,7586
13101,Georgia,Echols,1950,1123
13103,Georgia,Effingham,1950,3797
13105,Georgia,Elbert,1950,7121
13107,Georgia,Emanuel,1950,8278
13109,Georgia,Evans,1950,2706
13111,Georgia,Fannin,1950,6492
13113,Georgia,Fayette,1950,3330
13115,Georgia,Floyd,1950,21569
13117,Georgia,Forsyth,1950,4516
13119,Georgia,Franklin,1950,5592
13121,Georgia,Fulton,1950,137671
13123,Georgia,Gilmer,1950,4184
13125,Georgia,Glascock,1950,1521
13127,Georgia,Glynn,1950,10345
13129,Georgia,Gordon,1950,7252
13131,Georgia,Grady,1950,7719
13133,Georgia,Greene,1950,5145
13135,Georgia,Gwinnett,1950,12247
13137,Georgia,Habersham,1950,6396
13139,Georgia,Hall,1950,14791
13141,Georgia,Hancock,1950,4904
13143,Georgia,Haralson,1950,5665
13145,Georgia,Harris,1950,4627
13147,Georgia,Hart,1950,5844
13149,Georgia,Heard,1950,2964
13151,Georgia,Henry,1950,6404
13153,Georgia,Houston,1950,8385
13155,Georgia,Irwin,1950,5345
13157,Georgia,Jackson,1950,7398
13159,Georgia,Jasper,1950,2909
13161,Georgia,Jeff Davis,1950,4182
13163,Georgia,Jefferson,1950,8133
13165,Georgia,Jenkins,1950,4375
13167,Georgia,Johnson,1950,4150
13169,Georgia,Jones,1950,3083
13171,Georgia,Lamar,1950,3959
13173,Georgia,Lanier,1950,2121
13175,Georgia,Laurens,1950,13280
13177,Georgia,Lee,1950,3043
13179,Georgia,Liberty,1950,3675
13181,Georgia,Lincoln,1950,2675
13183,Georgia,Long,1950,1525
13185,Georgia,Lowndes,1950,13377
13187,Georgia,Lumpkin,1950,2621
13189,Georgia,McDuffie,1950,4449
13191,Georgia,McIntosh,1950,2494
13193,Georgia,Macon,1950,6272
13195,Georgia,Madison,1950,4859
13197,Georgia,Marion,1950,3043
13199,Georgia,Meriwether,1950,8593
13201,Georgia,Miller,1950,3928
13205,Georgia,Mitchell,1950,9783
13207,Georgia,Monroe,1950,4182
13209,Georgia,Montgomery,1950,3382
13211,Georgia,Morgan,1950,5068
13213,Georgia,Murray,1950,4552
13215,Georgia,Muscogee,1950,39382
13217,Georgia,Newton,1950,7608
13219,Georgia,Oconee,1950,2735
13221,Georgia,Oglethorpe,1950,4230
13223,Georgia,Paulding,1950,4651
13225,Georgia,Peach,1950,4395
13227,Georgia,Pickens,1950,3412
13229,Georgia,Pierce,1950,4997
13231,Georgia,Pike,1950,3588
13233,Georgia,Polk,1950,12160
13235,Georgia,Pulaski,1950,3631
13237,Georgia,Putnam,1950,3178
13239,Georgia,Quitman,1950,1367
13241,Georgia,Rabun,1950,3077
13243,Georgia,Randolph,1950,5598
13245,Georgia,Richmond,1950,34494
13247,Georgia,Rockdale,1950,3318
13249,Georgia,Schley,1950,1757
13251,Georgia,Screven,1950,7872
13253,Georgia,Seminole,1950,3356
13255,Georgia,Spalding,1950,10956
13257,Georgia,Stephens,1950,6310
13259,Georgia,Stewart,1950,3994
13261,Georgia,Sumter,1950,9347
13263,Georgia,Talbot,1950,3347
13265,Georgia,Taliaferro,1950,1854
13267,Georgia,Tattnall,1950,6089
13269,Georgia,Taylor,1950,3825
13271,Georgia,Telfair,1950,5302
13273,Georgia,Terrell,1950,6036
13275,Georgia,Thomas,1950,12438
13277,Georgia,Tift,1950,9029
13279,Georgia,Toombs,1950,7139
13281,Georgia,Towns,1950,1970
13283,Georgia,Treutlen,1950,2756
13285,Georgia,Troup,1950,18507
13287,Georgia,Turner,1950,4249
13289,Georgia,Twiggs,1950,3744
13291,Georgia,Union,1950,3066
13293,Georgia,Upson,1950,9570
13295,Georgia,Walker,1950,14356
13297,Georgia,Walton,1950,7963
13299,Georgia,Ware,1950,11420
13301,Georgia,Warren,1950,3799
13303,Georgia,Washington,1950,8697
13305,Georgia,Wayne,1950,5956
13307,Georgia,Webster,1950,1822
13309,Georgia,Wheeler,1950,2812
13311,Georgia,White,1950,2452
13313,Georgia,Whitfield,1950,13296
13315,Georgia,Wilcox,1950,4307
13317,Georgia,Wilkes,1950,5001
13319,Georgia,Wilkinson,1950,3919
13321,Georgia,Worth,1950,8545
15001,Hawaii Territory,Hawaii,1950,0
15003,Hawaii Territory,Honolulu,1950,0
15007,Hawaii Territory,Kauai,1950,0
15009,Hawaii Territory,Maui,1950,0
16001,Idaho,Ada,1950,23087
16003,Idaho,Adams,1950,1228
16005,Idaho,Bannock,1950,15456
16007,Idaho,Bear Lake,1950,2732
16009,Idaho,Benewah,1950,2086
16011,Idaho,Bingham,1950,9701
16013,Idaho,Blaine,1950,1805
16015,Idaho,Boise,1950,587
16017,Idaho,Bonner,1950,5221
16019,Idaho,Bonneville,1950,11924
16021,Idaho,Boundary,1950,2130
16023,Idaho,Butte,1950,1100
16025,Idaho,Camas,1950,388
16027,Idaho,Canyon,1950,18898
16029,Idaho,Caribou,1950,2353
16031,Idaho,Cassia,1950,6002
16033,Idaho,Clark,1950,355
16035,Idaho,Clearwater,1950,2753
16037,Idaho,Custer,1950,1182
16039,Idaho,Elmore,1950,2426
16041,Idaho,Franklin,1950,4389
16043,Idaho,Fremont,1950,3877
16045,Idaho,Gem,1950,3143
16047,Idaho,Gooding,1950,4280
16049,Idaho,Idaho,1950,4143
16051,Idaho,Jefferson,1950,4655
16053,Idaho,Jerome,1950,4937
16055,Idaho,Kootenai,1950,8317
16057,Idaho,Latah,1950,5953
16059,Idaho,Lemhi,1950,2289
16061,Idaho,Lewis,1950,1486
16063,Idaho,Lincoln,1950,1726
16065,Idaho,Madison,1950,3818
16067,Idaho,Minidoka,1950,3977
16069,Idaho,Nez Perce,1950,7262
16071,Idaho,Oneida,1950,1800
16073,Idaho,Owyhee,1950,2412
16075,Idaho,Payette,1950,4305
16077,Idaho,Power,1950,1569
16079,Idaho,Shoshone,1950,8001
16081,Idaho,Teton,1950,1485
16083,Idaho,Twin Falls,1950,14750
16085,Idaho,Valley,1950,1573
16087,Idaho,Washington,1950,2927
16087,Idaho,Yellowstone National Park,1950,0
17001,Illinois,Adams,1950,17546
17003,Illinois,Alexander,1950,6841
17005,Illinois,Bond,1950,4152
17007,Illinois,Boone,1950,5149
17009,Illinois,Brown,1950,2192
17011,Illinois,Bureau,1950,11259
17013,Illinois,Calhoun,1950,2376
17015,Illinois,Carroll,1950,5685
17017,Illinois,Cass,1950,4677
17019,Illinois,Champaign,1950,26124
17021,Illinois,Christian,1950,12080
17023,Illinois,Clark,1950,5009
17025,Illinois,Clay,1950,5758
17027,Illinois,Clinton,1950,7533
17029,Illinois,Coles,1950,11665
17031,Illinois,Cook,1950,1161993
17033,Illinois,Crawford,1950,6415
17035,Illinois,Cumberland,1950,3438
17037,Illinois,DeKalb,1950,11873
17039,Illinois,De Witt,1950,5166
17041,Illinois,Douglas,1950,5254
17043,Illinois,Dupage,1950,48651
17045,Illinois,Edgar,1950,6953
17047,Illinois,Edwards,1950,2867
17049,Illinois,Effingham,1950,7340
17051,Illinois,Fayette,1950,7672
17053,Illinois,Ford,1950,4962
17055,Illinois,Franklin,1950,14773
17057,Illinois,Fulton,1950,13214
17059,Illinois,Gallatin,1950,3549
17061,Illinois,Greene,1950,5924
17063,Illinois,Grundy,1950,5911
17065,Illinois,Hamilton,1950,3918
17067,Illinois,Hancock,1950,7792
17069,Illinois,Hardin,1950,2825
17071,Illinois,Henderson,1950,2822
17073,Illinois,Henry,1950,13816
17075,Illinois,Iroquois,1950,10234
17077,Illinois,Jackson,1950,11488
17079,Illinois,Jasper,1950,3948
17081,Illinois,Jefferson,1950,11677
17083,Illinois,Jersey,1950,5019
17085,Illinois,Jo Daviess,1950,7027
17087,Illinois,Johnson,1950,2988
17089,Illinois,Kane,1950,41206
17091,Illinois,Kankakee,1950,18769
17093,Illinois,Kendall,1950,3869
17095,Illinois,Knox,1950,15538
17097,Illinois,Lake,1950,52436
17099,Illinois,La Salle,1950,29626
17101,Illinois,Lawrence,1950,6580
17103,Illinois,Lee,1950,11160
17105,Illinois,Livingston,1950,11275
17107,Illinois,Logan,1950,8541
17109,Illinois,McDonough,1950,7929
17111,Illinois,McHenry,1950,15866
17113,Illinois,McLean,1950,21906
17115,Illinois,Macon,1950,29187
17117,Illinois,Macoupin,1950,12309
17119,Illinois,Madison,1950,54885
17121,Illinois,Marion,1950,13227
17123,Illinois,Marshall,1950,3940
17125,Illinois,Mason,1950,4722
17127,Illinois,Massac,1950,4257
17129,Illinois,Menard,1950,2967
17131,Illinois,Mercer,1950,5661
17133,Illinois,Monroe,1950,3919
17135,Illinois,Montgomery,1950,9535
17137,Illinois,Morgan,1950,9246
17139,Illinois,Moultrie,1950,4265
17141,Illinois,Ogle,1950,10518
17143,Illinois,Peoria,1950,48431
17145,Illinois,Perry,1950,6829
17147,Illinois,Piatt,1950,4494
17149,Illinois,Pike,1950,6698
17151,Illinois,Pope,1950,1933
17153,Illinois,Pulaski,1950,5014
17155,Illinois,Putnam,1950,1466
17157,Illinois,Randolph,1950,8953
17159,Illinois,Richland,1950,5470
17161,Illinois,Rock Island,1950,38197
17163,Illinois,St Clair,1950,58668
17165,Illinois,Saline,1950,10511
17167,Illinois,Sangamon,1950,36652
17169,Illinois,Schuyler,1950,2923
17171,Illinois,Scott,1950,2323
17173,Illinois,Shelby,1950,7604
17175,Illinois,Stark,1950,2844
17177,Illinois,Stephenson,1950,12062
17179,Illinois,Tazewell,1950,25102
17181,Illinois,Union,1950,6112
17183,Illinois,Vermilion,1950,25430
17185,Illinois,Wabash,1950,4578
17187,Illinois,Warren,1950,6546
17189,Illinois,Washington,1950,4066
17191,Illinois,Wayne,1950,7250
17193,Illinois,White,1950,6595
17195,Illinois,Whiteside,1950,16149
17197,Illinois,Will,1950,38265
17199,Illinois,Williamson,1950,14800
17201,Illinois,Winnebago,1950,44642
17203,Illinois,Woodford,1950,6742
18001,Indiana,Adams,1950,7831
18003,Indiana,Allen,1950,54457
18005,Indiana,Bartholomew,1950,11731
18007,Indiana,Benton,1950,4003
18009,Indiana,Blackford,1950,4493
18011,Indiana,Boone,1950,7421
18013,Indiana,Brown,1950,2354
18015,Indiana,Carroll,1950,5105
18017,Indiana,Cass,1950,10865
18019,Indiana,Clark,1950,17095
18021,Indiana,Clay,1950,6922
18023,Indiana,Clinton,1950,9268
18025,Indiana,Crawford,1950,3201
18027,Indiana,Daviess,1950,9250
18029,Indiana,Dearborn,1950,8042
18031,Indiana,Decatur,1950,5877
18033,Indiana,DeKalb,1950,8204
18035,Indiana,Delaware,1950,28589
18037,Indiana,Dubois,1950,8396
18039,Indiana,Elkhart,1950,26745
18041,Indiana,Fayette,1950,7761
18043,Indiana,Floyd,1950,13594
18045,Indiana,Fountain,1950,5620
18047,Indiana,Franklin,1950,5922
18049,Indiana,Fulton,1950,5208
18051,Indiana,Gibson,1950,9599
18053,Indiana,Grant,1950,19295
18055,Indiana,Greene,1950,8619
18057,Indiana,Hamilton,1950,9095
18059,Indiana,Hancock,1950,6490
18061,Indiana,Harrison,1950,6190
18063,Indiana,Hendricks,1950,7983
18065,Indiana,Henry,1950,15008
18067,Indiana,Howard,1950,17766
18069,Indiana,Huntington,1950,9437
18071,Indiana,Jackson,1950,9502
18073,Indiana,Jasper,1950,5981
18075,Indiana,Jay,1950,7327
18077,Indiana,Jefferson,1950,6352
18079,Indiana,Jennings,1950,5251
18081,Indiana,Johnson,1950,8048
18083,Indiana,Knox,1950,13746
18085,Indiana,Kosciusko,1950,10520
18087,Indiana,Lagrange,1950,5714
18089,Indiana,Lake,1950,115251
18091,Indiana,LaPorte,1950,22889
18093,Indiana,Lawrence,1950,11484
18095,Indiana,Madison,1950,31817
18097,Indiana,Marion,1950,156389
18099,Indiana,Marshall,1950,9690
18101,Indiana,Martin,1950,4036
18103,Indiana,Miami,1950,8418
18105,Indiana,Monroe,1950,13652
18107,Indiana,Montgomery,1950,8490
18109,Indiana,Morgan,1950,8060
18111,Indiana,Newton,1950,3659
18113,Indiana,Noble,1950,8049
18115,Indiana,Ohio,1950,1391
18117,Indiana,Orange,1950,5516
18119,Indiana,Owen,1950,3743
18121,Indiana,Parke,1950,4865
18123,Indiana,Perry,1950,6064
18125,Indiana,Pike,1950,4907
18127,Indiana,Porter,1950,12937
18129,Indiana,Posey,1950,6541
18131,Indiana,Pulaski,1950,4363
18133,Indiana,Putnam,1950,6110
18135,Indiana,Randolph,1950,8422
18137,Indiana,Ripley,1950,6155
18139,Indiana,Rush,1950,6626
18141,Indiana,St Joseph,1950,59794
18143,Indiana,Scott,1950,4243
18145,Indiana,Shelby,1950,8441
18147,Indiana,Spencer,1950,5238
18149,Indiana,Starke,1950,5462
18151,Indiana,Steuben,1950,4968
18153,Indiana,Sullivan,1950,7098
18155,Indiana,Switzerland,1950,2415
18157,Indiana,Tippecanoe,1950,19677
18159,Indiana,Tipton,1950,5229
18161,Indiana,Union,1950,2177
18163,Indiana,Vanderburgh,1950,47735
18165,Indiana,Vermillion,1950,6151
18167,Indiana,Vigo,1950,28738
18169,Indiana,Wabash,1950,9047
18171,Indiana,Warren,1950,2856
18173,Indiana,Warrick,1950,7216
18175,Indiana,Washington,1950,5659
18177,Indiana,Wayne,1950,20395
18179,Indiana,Wells,1950,6170
18181,Indiana,White,1950,5801
18183,Indiana,Whitley,1950,6095
19001,Iowa,Adair,1950,3949
19003,Iowa,Adams,1950,2885
19005,Iowa,Allamakee,1950,5609
19007,Iowa,Appanoose,1950,6034
19009,Iowa,Audubon,1950,3836
19011,Iowa,Benton,1950,7397
19013,Iowa,Black Hawk,1950,30865
19015,Iowa,Boone,1950,8345
19017,Iowa,Bremer,1950,6027
19019,Iowa,Buchanan,1950,7393
19021,Iowa,Buena Vista,1950,6311
19023,Iowa,Butler,1950,5687
19025,Iowa,Calhoun,1950,5483
19027,Iowa,Carroll,1950,8106
19029,Iowa,Cass,1950,5647
19031,Iowa,Cedar,1950,5203
19033,Iowa,Cerro Gordo,1950,14166
19035,Iowa,Cherokee,1950,5744
19037,Iowa,Chickasaw,1950,5247
19039,Iowa,Clarke,1950,2879
19041,Iowa,Clay,1950,5853
19043,Iowa,Clayton,1950,7258
19045,Iowa,Clinton,1950,15271
19047,Iowa,Crawford,1950,6672
19049,Iowa,Dallas,1950,7251
19051,Iowa,Davis,1950,3162
19053,Iowa,Decatur,1950,3915
19055,Iowa,Delaware,1950,6328
19057,Iowa,Des Moines,1950,12220
19059,Iowa,Dickinson,1950,4136
19061,Iowa,Dubuque,1950,22323
19063,Iowa,Emmet,1950,4798
19065,Iowa,Fayette,1950,9246
19067,Iowa,Floyd,1950,7013
19069,Iowa,Franklin,1950,5299
19071,Iowa,Fremont,1950,3974
19073,Iowa,Greene,1950,5004
19075,Iowa,Grundy,1950,4354
19077,Iowa,Guthrie,1950,4935
19079,Iowa,Hamilton,1950,6300
19081,Iowa,Hancock,1950,5317
19083,Iowa,Hardin,1950,6741
19085,Iowa,Harrison,1950,6658
19087,Iowa,Henry,1950,5107
19089,Iowa,Howard,1950,4407
19091,Iowa,Humboldt,1950,4420
19093,Iowa,Ida,1950,3310
19095,Iowa,Iowa,1950,5074
19097,Iowa,Jackson,1950,6171
19099,Iowa,Jasper,1950,10235
19101,Iowa,Jefferson,1950,4649
19103,Iowa,Johnson,1950,11504
19105,Iowa,Jones,1950,6221
19107,Iowa,Keokuk,1950,5166
19109,Iowa,Kossuth,1950,9680
19111,Iowa,Lee,1950,12889
19113,Iowa,Linn,1950,29661
19115,Iowa,Louisa,1950,3659
19117,Iowa,Lucas,1950,3532
19119,Iowa,Lyon,1950,5362
19121,Iowa,Madison,1950,4257
19123,Iowa,Mahaska,1950,7368
19125,Iowa,Marion,1950,7666
19127,Iowa,Marshall,1950,10667
19129,Iowa,Mills,1950,4587
19131,Iowa,Mitchell,1950,4697
19133,Iowa,Monona,1950,5707
19135,Iowa,Monroe,1950,3806
19137,Iowa,Montgomery,1950,4730
19139,Iowa,Muscatine,1950,9966
19141,Iowa,O Brien,1950,6268
19143,Iowa,Osceola,1950,3564
19145,Iowa,Page,1950,6633
19147,Iowa,Palo Alto,1950,5805
19149,Iowa,Plymouth,1950,7771
19151,Iowa,Pocahontas,1950,5433
19153,Iowa,Polk,1950,65445
19155,Iowa,Pottawattamie,1950,22000
19157,Iowa,Poweshiek,1950,5789
19159,Iowa,Ringgold,1950,3040
19161,Iowa,Sac,1950,5715
19163,Iowa,Scott,1950,29649
19165,Iowa,Shelby,1950,5628
19167,Iowa,Sioux,1950,9633
19169,Iowa,Story,1950,12105
19171,Iowa,Tama,1950,6900
19173,Iowa,Taylor,1950,3770
19175,Iowa,Union,1950,4571
19177,Iowa,Van Buren,1950,3359
19179,Iowa,Wapello,1950,15018
19181,Iowa,Warren,1950,5776
19183,Iowa,Washington,1950,6300
19185,Iowa,Wayne,1950,3384
19187,Iowa,Webster,1950,14084
19189,Iowa,Winnebago,1950,4489
19191,Iowa,Winneshiek,1950,6977
19193,Iowa,Woodbury,1950,31571
19195,Iowa,Worth,1950,3729
19197,Iowa,Wright,1950,6409
20001,Kansas,Allen,1950,5448
20003,Kansas,Anderson,1950,3232
20005,Kansas,Atchison,1950,6429
20007,Kansas,Barber,1950,2749
20009,Kansas,Barton,1950,9839
20011,Kansas,Bourbon,1950,5431
20013,Kansas,Brown,1950,4249
20015,Kansas,Butler,1950,9746
20017,Kansas,Chase,1950,1495
20019,Kansas,Chautauqua,1950,2273
20021,Kansas,Cherokee,1950,8169
20023,Kansas,Cheyenne,1950,1916
20025,Kansas,Clark,1950,1282
20027,Kansas,Clay,1950,3370
20029,Kansas,Cloud,1950,4818
20031,Kansas,Coffey,1950,3202
20033,Kansas,Comanche,1950,1301
20035,Kansas,Cowley,1950,10477
20037,Kansas,Crawford,1950,10647
20039,Kansas,Decatur,1950,1866
20041,Kansas,Dickinson,1950,6249
20043,Kansas,Doniphan,1950,3310
20045,Kansas,Douglas,1950,7937
20047,Kansas,Edwards,1950,1898
20049,Kansas,Elk,1950,2004
20051,Kansas,Ellis,1950,6922
20053,Kansas,Ellsworth,1950,2524
20055,Kansas,Finney,1950,5554
20057,Kansas,Ford,1950,6419
20059,Kansas,Franklin,1950,5726
20061,Kansas,Geary,1950,6194
20063,Kansas,Gove,1950,1718
20065,Kansas,Graham,1950,1752
20067,Kansas,Grant,1950,1815
20069,Kansas,Gray,1950,1794
20071,Kansas,Greeley,1950,747
20073,Kansas,Greenwood,1950,4211
20075,Kansas,Hamilton,1950,1369
20077,Kansas,Harper,1950,3106
20079,Kansas,Harvey,1950,6495
20081,Kansas,Haskell,1950,967
20083,Kansas,Hodgeman,1950,1202
20085,Kansas,Jackson,1950,3408
20087,Kansas,Jefferson,1950,3446
20089,Kansas,Jewell,1950,2944
20091,Kansas,Johnson,1950,20879
20093,Kansas,Kearny,1950,1310
20095,Kansas,Kingman,1950,3493
20097,Kansas,Kiowa,1950,1485
20099,Kansas,Labette,1950,8579
20101,Kansas,Lane,1950,965
20103,Kansas,Leavenworth,1950,11073
20105,Kansas,Lincoln,1950,1980
20107,Kansas,Linn,1950,2988
20109,Kansas,Logan,1950,1511
20111,Kansas,Lyon,1950,7260
20113,Kansas,McPherson,1950,7128
20115,Kansas,Marion,1950,5225
20117,Kansas,Marshall,1950,5357
20119,Kansas,Meade,1950,2037
20121,Kansas,Miami,1950,5436
20123,Kansas,Mitchell,1950,3286
20125,Kansas,Montgomery,1950,13894
20127,Kansas,Morris,1950,2565
20129,Kansas,Morton,1950,921
20131,Kansas,Nemaha,1950,4886
20133,Kansas,Neosho,1950,6222
20135,Kansas,Ness,1950,2124
20137,Kansas,Norton,1950,2672
20139,Kansas,Osage,1950,3786
20141,Kansas,Osborne,1950,2539
20143,Kansas,Ottawa,1950,2124
20145,Kansas,Pawnee,1950,2905
20147,Kansas,Phillips,1950,2864
20149,Kansas,Pottawatomie,1950,3826
20151,Kansas,Pratt,1950,3782
20153,Kansas,Rawlins,1950,1928
20155,Kansas,Reno,1950,16689
20157,Kansas,Republic,1950,3287
20159,Kansas,Rice,1950,5042
20161,Kansas,Riley,1950,8112
20163,Kansas,Rooks,1950,3114
20165,Kansas,Rush,1950,2370
20167,Kansas,Russell,1950,4448
20169,Kansas,Saline,1950,9973
20171,Kansas,Scott,1950,1807
20173,Kansas,Sedgwick,1950,69038
20175,Kansas,Seward,1950,3417
20177,Kansas,Shawnee,1950,28577
20179,Kansas,Sheridan,1950,1743
20181,Kansas,Sherman,1950,2539
20183,Kansas,Smith,1950,2563
20185,Kansas,Stafford,1950,2798
20187,Kansas,Stanton,1950,812
20189,Kansas,Stevens,1950,1704
20191,Kansas,Sumner,1950,7212
20193,Kansas,Thomas,1950,2604
20195,Kansas,Trego,1950,2086
20197,Kansas,Wabaunsee,1950,2185
20199,Kansas,Wallace,1950,934
20201,Kansas,Washington,1950,4057
20203,Kansas,Wichita,1950,967
20205,Kansas,Wilson,1950,4549
20207,Kansas,Woodson,1950,2023
20209,Kansas,Wyandotte,1950,50420
21001,Kentucky,Adair,1950,6850
21003,Kentucky,Allen,1950,4463
21005,Kentucky,Anderson,1950,3008
21007,Kentucky,Ballard,1950,2698
21009,Kentucky,Barren,1950,9805
21011,Kentucky,Bath,1950,3888
21013,Kentucky,Bell,1950,21256
21015,Kentucky,Boone,1950,4308
21017,Kentucky,Bourbon,1950,5985
21019,Kentucky,Boyd,1950,17414
21021,Kentucky,Boyle,1950,6227
21023,Kentucky,Bracken,1950,2670
21025,Kentucky,Breathitt,1950,9880
21027,Kentucky,Breckinridge,1950,5757
21029,Kentucky,Bullitt,1950,4274
21031,Kentucky,Butler,1950,4385
21033,Kentucky,Caldwell,1950,4154
21035,Kentucky,Calloway,1950,5856
21037,Kentucky,Campbell,1950,22354
21039,Kentucky,Carlisle,1950,1960
21041,Kentucky,Carroll,1950,2821
21043,Kentucky,Carter,1950,9931
21045,Kentucky,Casey,1950,7846
21047,Kentucky,Christian,1950,11996
21049,Kentucky,Clark,1950,6370
21051,Kentucky,Clay,1950,11523
21053,Kentucky,Clinton,1950,4516
21055,Kentucky,Crittenden,1950,3696
21057,Kentucky,Cumberland,1950,3567
21059,Kentucky,Daviess,1950,20292
21061,Kentucky,Edmonson,1950,3959
21063,Kentucky,Elliott,1950,3336
21065,Kentucky,Estill,1950,6176
21067,Kentucky,Fayette,1950,26214
21069,Kentucky,Fleming,1950,4307
21071,Kentucky,Floyd,1950,25662
21073,Kentucky,Franklin,1950,7448
21075,Kentucky,Fulton,1950,4687
21077,Kentucky,Gallatin,1950,1322
21079,Kentucky,Garrard,1950,3848
21081,Kentucky,Grant,1950,3323
21083,Kentucky,Graves,1950,9577
21085,Kentucky,Grayson,1950,6675
21087,Kentucky,Green,1950,3911
21089,Kentucky,Greenup,1950,10104
21091,Kentucky,Hancock,1950,2130
21093,Kentucky,Hardin,1950,16661
21095,Kentucky,Harlan,1950,32834
21097,Kentucky,Harrison,1950,4156
21099,Kentucky,Hart,1950,5527
21101,Kentucky,Henderson,1950,10137
21103,Kentucky,Henry,1950,3756
21105,Kentucky,Hickman,1950,2604
21107,Kentucky,Hopkins,1950,13143
21109,Kentucky,Jackson,1950,6122
21111,Kentucky,Jefferson,1950,142250
21113,Kentucky,Jessamine,1950,3699
21115,Kentucky,Johnson,1950,10079
21117,Kentucky,Kenton,1950,30165
21119,Kentucky,Knott,1950,10316
21121,Kentucky,Knox,1950,13467
21123,Kentucky,Larue,1950,3493
21125,Kentucky,Laurel,1950,11159
21127,Kentucky,Lawrence,1950,6023
21129,Kentucky,Lee,1950,3948
21131,Kentucky,Leslie,1950,8016
21133,Kentucky,Letcher,1950,18887
21135,Kentucky,Lewis,1950,5675
21137,Kentucky,Lincoln,1950,7420
21139,Kentucky,Livingston,1950,2508
21141,Kentucky,Logan,1950,7671
21143,Kentucky,Lyon,1950,1991
21145,Kentucky,McCracken,1950,14768
21147,Kentucky,McCreary,1950,8241
21149,Kentucky,McLean,1950,3602
21151,Kentucky,Madison,1950,10137
21153,Kentucky,Magoffin,1950,6634
21155,Kentucky,Marion,1950,7196
21157,Kentucky,Marshall,1950,4341
21159,Kentucky,Martin,1950,5916
21161,Kentucky,Mason,1950,5899
21163,Kentucky,Meade,1950,3807
21165,Kentucky,Menifee,1950,2132
21167,Kentucky,Mercer,1950,4732
21169,Kentucky,Metcalfe,1950,3615
21171,Kentucky,Monroe,1950,5427
21173,Kentucky,Montgomery,1950,4558
21175,Kentucky,Morgan,1950,5988
21177,Kentucky,Muhlenberg,1950,12574
21179,Kentucky,Nelson,1950,7735
21181,Kentucky,Nicholas,1950,2477
21183,Kentucky,Ohio,1950,7491
21185,Kentucky,Oldham,1950,3206
21187,Kentucky,Owen,1950,3221
21189,Kentucky,Owsley,1950,3285
21191,Kentucky,Pendleton,1950,3123
21193,Kentucky,Perry,1950,22421
21195,Kentucky,Pike,1950,38103
21197,Kentucky,Powell,1950,3017
21199,Kentucky,Pulaski,1950,15268
21201,Kentucky,Robertson,1950,934
21203,Kentucky,Rockcastle,1950,6234
21205,Kentucky,Rowan,1950,5258
21207,Kentucky,Russell,1950,5598
21209,Kentucky,Scott,1950,4534
21211,Kentucky,Shelby,1950,5996
21213,Kentucky,Simpson,1950,3700
21215,Kentucky,Spencer,1950,2320
21217,Kentucky,Taylor,1950,5172
21219,Kentucky,Todd,1950,4466
21221,Kentucky,Trigg,1950,3442
21223,Kentucky,Trimble,1950,1906
21225,Kentucky,Union,1950,5394
21227,Kentucky,Warren,1950,13514
21229,Kentucky,Washington,1950,5064
21231,Kentucky,Wayne,1950,7080
21233,Kentucky,Webster,1950,4748
21235,Kentucky,Whitley,1950,13425
21237,Kentucky,Wolfe,1950,3575
21239,Kentucky,Woodford,1950,3789
22001,Louisiana,Acadia,1950,19063
22003,Louisiana,Allen,1950,7607
22005,Louisiana,Ascension,1950,9189
22007,Louisiana,Assumption,1950,7308
22009,Louisiana,Avoyelles,1950,15443
22011,Louisiana,Beauregard,1950,6945
22013,Louisiana,Bienville,1950,7628
22015,Louisiana,Bossier,1950,14658
22017,Louisiana,Caddo,1950,58066
22019,Louisiana,Calcasieu,1950,33255
22021,Louisiana,Caldwell,1950,4066
22023,Louisiana,Cameron,1950,2395
22025,Louisiana,Catahoula,1950,4983
22027,Louisiana,Claiborne,1950,9875
22029,Louisiana,Concordia,1950,5760
22031,Louisiana,De Soto,1950,9849
22033,Louisiana,East Baton Rouge,1950,52676
22035,Louisiana,East Carroll,1950,7018
22037,Louisiana,East Feliciana,1950,5939
22039,Louisiana,Evangeline,1950,13188
22041,Louisiana,Franklin,1950,13053
22043,Louisiana,Grant,1950,5576
22045,Louisiana,Iberia,1950,15535
22047,Louisiana,Iberville,1950,10311
22049,Louisiana,Jackson,1950,6079
22051,Louisiana,Jefferson,1950,37673
22053,Louisiana,Jefferson Davis,1950,10682
22055,Louisiana,Lafayette,1950,21212
22057,Louisiana,Lafourche,1950,17370
22059,Louisiana,La Salle,1950,4789
22061,Louisiana,Lincoln,1950,8894
22063,Louisiana,Livingston,1950,8440
22065,Louisiana,Madison,1950,7016
22067,Louisiana,Morehouse,1950,13156
22069,Louisiana,Natchitoches,1950,15602
22071,Louisiana,Orleans,1950,161335
22073,Louisiana,Ouachita,1950,25547
22075,Louisiana,Plaquemines,1950,5667
22077,Louisiana,Pointe Coupee,1950,9255
22079,Louisiana,Rapides,1950,32053
22081,Louisiana,Red River,1950,5132
22083,Louisiana,Richland,1950,11574
22085,Louisiana,Sabine,1950,8559
22087,Louisiana,St Bernard,1950,4129
22089,Louisiana,St Charles,1950,5326
22091,Louisiana,St Helena,1950,4058
22093,Louisiana,St James,1950,6560
22095,Louisiana,St John The Baptist,1950,6116
22097,Louisiana,St Landry,1950,35045
22099,Louisiana,St Martin,1950,11514
22101,Louisiana,St Mary,1950,14301
22103,Louisiana,St Tammany,1950,10249
22105,Louisiana,Tangipahoa,1950,20579
22107,Louisiana,Tensas,1950,5508
22109,Louisiana,Terrebonne,1950,18696
22111,Louisiana,Union,1950,7578
22113,Louisiana,Vermilion,1950,13947
22115,Louisiana,Vernon,1950,7446
22117,Louisiana,Washington,1950,15441
22119,Louisiana,Webster,1950,13906
22121,Louisiana,West Baton Rouge,1950,4633
22123,Louisiana,West Carroll,1950,7717
22125,Louisiana,West Feliciana,1950,3326
22127,Louisiana,Winn,1950,5976
23001,Maine,Androscoggin,1950,26068
23003,Maine,Aroostook,1950,39514
23005,Maine,Cumberland,1950,50621
23007,Maine,Franklin,1950,6919
23009,Maine,Hancock,1950,9841
23011,Maine,Kennebec,1950,25649
23013,Maine,Knox,1950,8076
23015,Maine,Lincoln,1950,5545
23017,Maine,Oxford,1950,14903
23019,Maine,Penobscot,1950,34819
23021,Maine,Piscataquis,1950,6133
23023,Maine,Sagadahoc,1950,6923
23025,Maine,Somerset,1950,13157
23027,Maine,Waldo,1950,7289
23029,Maine,Washington,1950,11311
23031,Maine,York,1950,29152
24001,Maryland,Allegany,1950,28798
24003,Maryland,Anne Arundel,1950,36874
24005,Maryland,Baltimore,1950,88448
24009,Maryland,Calvert,1950,4864
24011,Maryland,Caroline,1950,5718
24013,Maryland,Carroll,1950,12876
24015,Maryland,Cecil,1950,10597
24017,Maryland,Charles,1950,10032
24019,Maryland,Dorchester,1950,8095
24021,Maryland,Frederick,1950,19660
24023,Maryland,Garrett,1950,8368
24025,Maryland,Harford,1950,16939
24027,Maryland,Howard,1950,8358
24029,Maryland,Kent,1950,4085
24031,Maryland,Montgomery,1950,54424
24033,Maryland,Prince Georges,1950,66776
24035,Maryland,Queen Anne's,1950,4824
24037,Maryland,St Mary's,1950,10634
24039,Maryland,Somerset,1950,6440
24041,Maryland,Talbot,1950,5763
24043,Maryland,Washington,1950,24502
24045,Maryland,Wicomico,1950,11490
24047,Maryland,Worcester,1950,7182
24510,Maryland,Baltimore City,1950,260206
25001,Massachusetts,Barnstable,1950,13240
25003,Massachusetts,Berkshire,1950,37875
25005,Massachusetts,Bristol,1950,106695
25007,Massachusetts,Dukes,1950,1688
25009,Massachusetts,Essex,1950,141877
25011,Massachusetts,Franklin,1950,15509
25013,Massachusetts,Hampden,1950,98766
25015,Massachusetts,Hampshire,1950,21941
25017,Massachusetts,Middlesex,1950,297091
25019,Massachusetts,Nantucket,1950,977
25021,Massachusetts,Norfolk,1950,109986
25023,Massachusetts,Plymouth,1950,54799
25025,Massachusetts,Suffolk,1950,234498
25027,Massachusetts,Worcester,1950,151578
26001,Michigan,Alcona,1950,2127
26003,Michigan,Alger,1950,3670
26005,Michigan,Allegan,1950,16456
26007,Michigan,Alpena,1950,8161
26009,Michigan,Antrim,1950,3950
26011,Michigan,Arenac,1950,3549
26013,Michigan,Baraga,1950,2901
26015,Michigan,Barry,1950,8867
26017,Michigan,Bay,1950,30675
26019,Michigan,Benzie,1950,2975
26021,Michigan,Berrien,1950,37015
26023,Michigan,Branch,1950,9845
26025,Michigan,Calhoun,1950,36349
26027,Michigan,Cass,1950,9354
26029,Michigan,Charlevoix,1950,4912
26031,Michigan,Cheboygan,1950,5128
26033,Michigan,Chippewa,1950,10823
26035,Michigan,Clare,1950,3820
26037,Michigan,Clinton,1950,11605
26039,Michigan,Crawford,1950,1499
26041,Michigan,Delta,1950,11600
26043,Michigan,Dickinson,1950,7709
26045,Michigan,Eaton,1950,13884
26047,Michigan,Emmet,1950,5921
26049,Michigan,Genesee,1950,89769
26051,Michigan,Gladwin,1950,3678
26053,Michigan,Gogebic,1950,8489
26055,Michigan,Grand Traverse,1950,8746
26057,Michigan,Gratiot,1950,11654
26059,Michigan,Hillsdale,1950,10706
26061,Michigan,Houghton,1950,11692
26063,Michigan,Huron,1950,12136
26065,Michigan,Ingham,1950,51671
26067,Michigan,Ionia,1950,12539
26069,Michigan,Iosco,1950,3773
26071,Michigan,Iron,1950,5456
26073,Michigan,Isabella,1950,10266
26075,Michigan,Jackson,1950,32118
26077,Michigan,Kalamazoo,1950,37753
26079,Michigan,Kalkaska,1950,1805
26081,Michigan,Kent,1950,88944
26083,Michigan,Keweenaw,1950,903
26085,Michigan,Lake,1950,1742
26087,Michigan,Lapeer,1950,12284
26089,Michigan,Leelanau,1950,3194
26091,Michigan,Lenawee,1950,21905
26093,Michigan,Livingston,1950,8920
26095,Michigan,Luce,1950,2604
26097,Michigan,Mackinac,1950,3500
26099,Michigan,Macomb,1950,66884
26101,Michigan,Manistee,1950,6041
26103,Michigan,Marquette,1950,15142
26105,Michigan,Mason,1950,6629
26107,Michigan,Mecosta,1950,6602
26109,Michigan,Menominee,1950,8863
26111,Michigan,Midland,1950,14347
26113,Michigan,Missaukee,1950,3010
26115,Michigan,Monroe,1950,26860
26117,Michigan,Montcalm,1950,10438
26119,Michigan,Montmorency,1950,1517
26121,Michigan,Muskegon,1950,42795
26123,Michigan,Newaygo,1950,7829
26125,Michigan,Oakland,1950,136847
26127,Michigan,Oceana,1950,5789
26129,Michigan,Ogemaw,1950,3533
26131,Michigan,Ontonagon,1950,3555
26133,Michigan,Osceola,1950,5145
26135,Michigan,Oscoda,1950,1181
26137,Michigan,Otsego,1950,2348
26139,Michigan,Ottawa,1950,25773
26141,Michigan,Presque Isle,1950,4735
26143,Michigan,Roscommon,1950,1929
26145,Michigan,Saginaw,1950,52429
26147,Michigan,St Clair,1950,30914
26149,Michigan,St Joseph,1950,10862
26151,Michigan,Sanilac,1950,10556
26153,Michigan,Schoolcraft,1950,3397
26155,Michigan,Shiawassee,1950,15602
26157,Michigan,Tuscola,1950,13314
26159,Michigan,Van Buren,1950,12255
26161,Michigan,Washtenaw,1950,35879
26163,Michigan,Wayne,1950,692872
26165,Michigan,Wexford,1950,6662
27001,Minnesota,Aitkin,1950,5086
27003,Minnesota,Anoka,1950,13406
27005,Minnesota,Becker,1950,9177
27007,Minnesota,Beltrami,1950,9456
27009,Minnesota,Benton,1950,6187
27011,Minnesota,Big Stone,1950,3341
27013,Minnesota,Blue Earth,1950,11716
27015,Minnesota,Brown,1950,8484
27017,Minnesota,Carlton,1950,8001
27019,Minnesota,Carver,1950,6086
27021,Minnesota,Cass,1950,7302
27023,Minnesota,Chippewa,1950,5676
27025,Minnesota,Chisago,1950,3913
27027,Minnesota,Clay,1950,9990
27029,Minnesota,Clearwater,1950,3861
27031,Minnesota,Cook,1950,991
27033,Minnesota,Cottonwood,1950,5355
27035,Minnesota,Crow Wing,1950,10814
27037,Minnesota,Dakota,1950,16946
27039,Minnesota,Dodge,1950,4566
27041,Minnesota,Douglas,1950,7094
27043,Minnesota,Faribault,1950,8430
27045,Minnesota,Fillmore,1950,8023
27047,Minnesota,Freeborn,1950,11720
27049,Minnesota,Goodhue,1950,10070
27051,Minnesota,Grant,1950,3253
27053,Minnesota,Hennepin,1950,182115
27055,Minnesota,Houston,1950,4856
27057,Minnesota,Hubbard,1950,4074
27059,Minnesota,Isanti,1950,3841
27061,Minnesota,Itasca,1950,12165
27063,Minnesota,Jackson,1950,5688
27065,Minnesota,Kanabec,1950,3386
27067,Minnesota,Kandiyohi,1950,9234
27069,Minnesota,Kittson,1950,3437
27071,Minnesota,Koochiching,1950,6257
27073,Minnesota,Lac Qui Parle,1950,4971
27075,Minnesota,Lake,1950,2300
27077,Minnesota,Lake Of The Woods,1950,1800
27079,Minnesota,Le Sueur,1950,6234
27081,Minnesota,Lincoln,1950,3481
27083,Minnesota,Lyon,1950,7976
27085,Minnesota,McLeod,1950,7148
27087,Minnesota,Mahnomen,1950,2927
27089,Minnesota,Marshall,1950,5903
27091,Minnesota,Martin,1950,8943
27093,Minnesota,Meeker,1950,6630
27095,Minnesota,Mille Lacs,1950,5445
27097,Minnesota,Morrison,1950,9907
27099,Minnesota,Mower,1950,15310
27101,Minnesota,Murray,1950,5683
27103,Minnesota,Nicollet,1950,5983
27105,Minnesota,Nobles,1950,7996
27107,Minnesota,Norman,1950,4375
27109,Minnesota,Olmsted,1950,14643
27111,Minnesota,Otter Tail,1950,17154
27113,Minnesota,Pennington,1950,4459
27115,Minnesota,Pine,1950,6468
27117,Minnesota,Pipestone,1950,5162
27119,Minnesota,Polk,1950,12255
27121,Minnesota,Pope,1950,4465
27123,Minnesota,Ramsey,1950,102813
27125,Minnesota,Red Lake,1950,2803
27127,Minnesota,Redwood,1950,7927
27129,Minnesota,Renville,1950,8365
27131,Minnesota,Rice,1950,11200
27133,Minnesota,Rock,1950,3961
27135,Minnesota,Roseau,1950,5571
27137,Minnesota,St Louis,1950,61242
27139,Minnesota,Scott,1950,5922
27141,Minnesota,Sherburne,1950,3555
27143,Minnesota,Sibley,1950,5333
27145,Minnesota,Stearns,1950,25722
27147,Minnesota,Steele,1950,6899
27149,Minnesota,Stevens,1950,4106
27151,Minnesota,Swift,1950,5641
27153,Minnesota,Todd,1950,9492
27155,Minnesota,Traverse,1950,2905
27157,Minnesota,Wabasha,1950,5692
27159,Minnesota,Wadena,1950,4864
27161,Minnesota,Waseca,1950,4823
27163,Minnesota,Washington,1950,11621
27165,Minnesota,Watonwan,1950,4593
27167,Minnesota,Wilkin,1950,3870
27169,Minnesota,Winona,1950,12314
27171,Minnesota,Wright,1950,9647
27173,Minnesota,Yellow Medicine,1950,5504
28001,Mississippi,Adams,1950,11286
28003,Mississippi,Alcorn,1950,9890
28005,Mississippi,Amite,1950,8652
28007,Mississippi,Attala,1950,11123
28009,Mississippi,Benton,1950,3811
28011,Mississippi,Bolivar,1950,27112
28013,Mississippi,Calhoun,1950,7460
28015,Mississippi,Carroll,1950,6918
28017,Mississippi,Chickasaw,1950,7706
28019,Mississippi,Choctaw,1950,4518
28021,Mississippi,Claiborne,1950,4574
28023,Mississippi,Clarke,1950,7891
28025,Mississippi,Clay,1950,7218
28027,Mississippi,Coahoma,1950,19614
28029,Mississippi,Copiah,1950,12280
28031,Mississippi,Covington,1950,6990
28033,Mississippi,DeSoto,1950,10806
28035,Mississippi,Forrest,1950,15478
28037,Mississippi,Franklin,1950,4196
28039,Mississippi,George,1950,4331
28041,Mississippi,Greene,1950,3664
28043,Mississippi,Grenada,1950,7363
28045,Mississippi,Hancock,1950,4510
28047,Mississippi,Harrison,1950,25039
28049,Mississippi,Hinds,1950,47458
28051,Mississippi,Holmes,1950,14424
28053,Mississippi,Humphreys,1950,10450
28055,Mississippi,Issaquena,1950,2142
28057,Mississippi,Itawamba,1950,6486
28059,Mississippi,Jackson,1950,12255
28061,Mississippi,Jasper,1950,8230
28063,Mississippi,Jefferson,1950,4631
28065,Mississippi,Jefferson Davis,1950,7022
28067,Mississippi,Jones,1950,21743
28069,Mississippi,Kemper,1950,7079
28071,Mississippi,Lafayette,1950,7928
28073,Mississippi,Lamar,1950,5408
28075,Mississippi,Lauderdale,1950,21605
28077,Mississippi,Lawrence,1950,5345
28079,Mississippi,Leake,1950,9266
28081,Mississippi,Lee,1950,13804
28083,Mississippi,Leflore,1950,21138
28085,Mississippi,Lincoln,1950,10944
28087,Mississippi,Lowndes,1950,14586
28089,Mississippi,Madison,1950,14827
28091,Mississippi,Marion,1950,9839
28093,Mississippi,Marshall,1950,11200
28095,Mississippi,Monroe,1950,14340
28097,Mississippi,Montgomery,1950,5773
28099,Mississippi,Neshoba,1950,10557
28101,Mississippi,Newton,1950,8878
28103,Mississippi,Noxubee,1950,9053
28105,Mississippi,Oktibbeha,1950,9116
28107,Mississippi,Panola,1950,13088
28109,Mississippi,Pearl River,1950,8100
28111,Mississippi,Perry,1950,3844
28113,Mississippi,Pike,1950,13597
28115,Mississippi,Pontotoc,1950,7589
28117,Mississippi,Prentiss,1950,7556
28119,Mississippi,Quitman,1950,11644
28121,Mississippi,Rankin,1950,10450
28123,Mississippi,Scott,1950,9039
28125,Mississippi,Sharkey,1950,5659
28127,Mississippi,Simpson,1950,8932
28129,Mississippi,Smith,1950,7176
28131,Mississippi,Stone,1950,2329
28133,Mississippi,Sunflower,1950,24229
28135,Mississippi,Tallahatchie,1950,13506
28137,Mississippi,Tate,1950,7578
28139,Mississippi,Tippah,1950,6903
28141,Mississippi,Tishomingo,1950,5864
28143,Mississippi,Tunica,1950,9290
28145,Mississippi,Union,1950,7345
28147,Mississippi,Walthall,1950,7080
28149,Mississippi,Warren,1950,13039
28151,Mississippi,Washington,1950,27470
28153,Mississippi,Wayne,1950,7486
28155,Mississippi,Webster,1950,4414
28157,Mississippi,Wilkinson,1950,6286
28159,Mississippi,Winston,1950,9381
28161,Mississippi,Yalobusha,1950,6101
28163,Mississippi,Yazoo,1950,14834
29001,Missouri,Adair,1950,5429
29003,Missouri,Andrew,1950,3350
29005,Missouri,Atchison,1950,3453
29007,Missouri,Audrain,1950,7209
29009,Missouri,Barry,1950,7278
29011,Missouri,Barton,1950,3734
29013,Missouri,Bates,1950,5111
29015,Missouri,Benton,1950,2666
29017,Missouri,Bollinger,1950,4144
29019,Missouri,Boone,1950,11304
29021,Missouri,Buchanan,1950,25648
29023,Missouri,Butler,1950,14775
29025,Missouri,Caldwell,1950,2648
29027,Missouri,Callaway,1950,6106
29029,Missouri,Camden,1950,2639
29031,Missouri,Cape Girardeau,1950,11848
29033,Missouri,Carroll,1950,4635
29035,Missouri,Carter,1950,1855
29037,Missouri,Cass,1950,5673
29039,Missouri,Cedar,1950,3150
29041,Missouri,Chariton,1950,4435
29043,Missouri,Christian,1950,4014
29045,Missouri,Clark,1950,2787
29047,Missouri,Clay,1950,13657
29049,Missouri,Clinton,1950,3322
29051,Missouri,Cole,1950,9094
29053,Missouri,Cooper,1950,5084
29055,Missouri,Crawford,1950,4129
29057,Missouri,Dade,1950,2772
29059,Missouri,Dallas,1950,3488
29061,Missouri,Daviess,1950,3169
29063,Missouri,DeKalb,1950,2095
29065,Missouri,Dent,1950,3726
29067,Missouri,Douglas,1950,4948
29069,Missouri,Dunklin,1950,18536
29071,Missouri,Franklin,1950,11487
29073,Missouri,Gasconade,1950,3518
29075,Missouri,Gentry,1950,3031
29077,Missouri,Greene,1950,29635
29079,Missouri,Grundy,1950,3563
29081,Missouri,Harrison,1950,4208
29083,Missouri,Henry,1950,5912
29085,Missouri,Hickory,1950,1645
29087,Missouri,Holt,1950,2938
29089,Missouri,Howard,1950,3184
29091,Missouri,Howell,1950,8132
29093,Missouri,Iron,1950,3700
29095,Missouri,Jackson,1950,134643
29097,Missouri,Jasper,1950,23401
29099,Missouri,Jefferson,1950,12566
29101,Missouri,Johnson,1950,5460
29103,Missouri,Knox,1950,2176
29105,Missouri,Laclede,1950,6722
29107,Missouri,Lafayette,1950,7351
29109,Missouri,Lawrence,1950,7118
29111,Missouri,Lewis,1950,2947
29113,Missouri,Lincoln,1950,3800
29115,Missouri,Linn,1950,5116
29117,Missouri,Livingston,1950,4772
29119,Missouri,McDonald,1950,5093
29121,Missouri,Macon,1950,4842
29123,Missouri,Madison,1950,3708
29125,Missouri,Maries,1950,2661
29127,Missouri,Marion,1950,8441
29129,Missouri,Mercer,1950,2098
29131,Missouri,Miller,1950,4737
29133,Missouri,Mississippi,1950,9639
29135,Missouri,Moniteau,1950,3129
29137,Missouri,Monroe,1950,3146
29139,Missouri,Montgomery,1950,3241
29141,Missouri,Morgan,1950,3230
29143,Missouri,New Madrid,1950,18025
29145,Missouri,Newton,1950,9820
29147,Missouri,Nodaway,1950,7112
29149,Missouri,Oregon,1950,4503
29151,Missouri,Osage,1950,3851
29153,Missouri,Ozark,1950,3476
29155,Missouri,Pemiscot,1950,19557
29157,Missouri,Perry,1950,5326
29159,Missouri,Pettis,1950,8917
29161,Missouri,Phelps,1950,6557
29163,Missouri,Pike,1950,4857
29165,Missouri,Platte,1950,4398
29167,Missouri,Polk,1950,4794
29169,Missouri,Pulaski,1950,3549
29171,Missouri,Putnam,1950,2851
29173,Missouri,Ralls,1950,2619
29175,Missouri,Randolph,1950,5844
29177,Missouri,Ray,1950,4558
29179,Missouri,Reynolds,1950,2853
29181,Missouri,Ripley,1950,4367
29183,Missouri,St Charles,1950,9048
29185,Missouri,St Clair,1950,3140
29186,Missouri,Ste Genevieve,1950,4059
29187,Missouri,St Francois,1950,11343
29189,Missouri,St Louis,1950,124221
29195,Missouri,Saline,1950,7247
29197,Missouri,Schuyler,1950,1621
29199,Missouri,Scotland,1950,2032
29201,Missouri,Scott,1950,12427
29203,Missouri,Shannon,1950,3344
29205,Missouri,Shelby,1950,2485
29207,Missouri,Stoddard,1950,13587
29209,Missouri,Stone,1950,3650
29211,Missouri,Sullivan,1950,3356
29213,Missouri,Taney,1950,3501
29215,Missouri,Texas,1950,6920
29217,Missouri,Vernon,1950,6124
29219,Missouri,Warren,1950,2063
29221,Missouri,Washington,1950,6160
29223,Missouri,Wayne,1950,4058
29225,Missouri,Webster,1950,5178
29227,Missouri,Worth,1950,1571
29229,Missouri,Wright,1950,5390
29510,Missouri,St Louis City,1950,210240
30001,Montana,Beaverhead,1950,1856
30003,Montana,Big Horn,1950,4002
30005,Montana,Blaine,1950,3387
30007,Montana,Broadwater,1950,1017
30009,Montana,Carbon,1950,3482
30011,Montana,Carter,1950,1000
30013,Montana,Cascade,1950,16436
30015,Montana,Chouteau,1950,2335
30017,Montana,Custer,1950,4128
30019,Montana,Daniels,1950,1449
30021,Montana,Dawson,1950,3287
30023,Montana,Deer Lodge,1950,4681
30025,Montana,Fallon,1950,1336
30027,Montana,Fergus,1950,4558
30029,Montana,Flathead,1950,10602
30031,Montana,Gallatin,1950,6475
30033,Montana,Garfield,1950,744
30035,Montana,Glacier,1950,3770
30037,Montana,Golden Valley,1950,452
30039,Montana,Granite,1950,859
30041,Montana,Hill,1950,4941
30043,Montana,Jefferson,1950,1305
30045,Montana,Judith Basin,1950,1060
30047,Montana,Lake,1950,5155
30049,Montana,Lewis And Clark,1950,7429
30051,Montana,Liberty,1950,755
30053,Montana,Lincoln,1950,3131
30055,Montana,McCone,1950,1163
30057,Montana,Madison,1950,1829
30059,Montana,Meagher,1950,579
30061,Montana,Mineral,1950,696
30063,Montana,Missoula,1950,10587
30065,Montana,Musselshell,1950,1641
30067,Montana,Park,1950,3652
30069,Montana,Petroleum,1950,337
30071,Montana,Phillips,1950,2231
30073,Montana,Pondera,1950,2438
30075,Montana,Powder River,1950,910
30077,Montana,Powell,1950,1812
30079,Montana,Prairie,1950,845
30081,Montana,Ravalli,1950,4502
30083,Montana,Richland,1950,3919
30085,Montana,Roosevelt,1950,3750
30087,Montana,Rosebud,1950,2367
30089,Montana,Sanders,1950,2336
30091,Montana,Sheridan,1950,2320
30093,Montana,Silver Bow,1950,14136
30095,Montana,Stillwater,1950,1888
30097,Montana,Sweet Grass,1950,1157
30099,Montana,Teton,1950,2591
30101,Montana,Toole,1950,2367
30103,Montana,Treasure,1950,547
30105,Montana,Valley,1950,4296
30107,Montana,Wheatland,1950,1041
30109,Montana,Wibaux,1950,719
30111,Montana,Yellowstone,1950,18628
30113,Montana,Yellowstone National Park,1950,14
31001,Nebraska,Adams,1950,8249
31003,Nebraska,Antelope,1950,3940
31005,Nebraska,Arthur,1950,303
31007,Nebraska,Banner,1950,487
31009,Nebraska,Blaine,1950,440
31011,Nebraska,Boone,1950,3725
31013,Nebraska,Box Butte,1950,4257
31015,Nebraska,Boyd,1950,1682
31017,Nebraska,Brown,1950,1769
31019,Nebraska,Buffalo,1950,7751
31021,Nebraska,Burt,1950,3648
31023,Nebraska,Butler,1950,3539
31025,Nebraska,Cass,1950,5081
31027,Nebraska,Cedar,1950,5055
31029,Nebraska,Chase,1950,1776
31031,Nebraska,Cherry,1950,2950
31033,Nebraska,Cheyenne,1950,4177
31035,Nebraska,Clay,1950,2478
31037,Nebraska,Colfax,1950,2935
31039,Nebraska,Cuming,1950,4299
31041,Nebraska,Custer,1950,6318
31043,Nebraska,Dakota,1950,3788
31045,Nebraska,Dawes,1950,3049
31047,Nebraska,Dawson,1950,6829
31049,Nebraska,Deuel,1950,1103
31051,Nebraska,Dixon,1950,3084
31053,Nebraska,Dodge,1950,7619
31055,Nebraska,Douglas,1950,79352
31057,Nebraska,Dundy,1950,1511
31059,Nebraska,Fillmore,1950,2843
31061,Nebraska,Franklin,1950,2198
31063,Nebraska,Frontier,1950,1769
31065,Nebraska,Furnas,1950,2916
31067,Nebraska,Gage,1950,8415
31069,Nebraska,Garden,1950,1432
31071,Nebraska,Garfield,1950,957
31073,Nebraska,Gosper,1950,883
31075,Nebraska,Grant,1950,352
31077,Nebraska,Greeley,1950,1995
31079,Nebraska,Hall,1950,9906
31081,Nebraska,Hamilton,1950,2749
31083,Nebraska,Harlan,1950,2269
31085,Nebraska,Hayes,1950,889
31087,Nebraska,Hitchcock,1950,2021
31089,Nebraska,Holt,1950,5265
31091,Nebraska,Hooker,1950,385
31093,Nebraska,Howard,1950,2271
31095,Nebraska,Jefferson,1950,4144
31097,Nebraska,Johnson,1950,2197
31099,Nebraska,Kearney,1950,1840
31101,Nebraska,Keith,1950,2550
31103,Nebraska,Keya Paha,1950,784
31105,Nebraska,Kimball,1950,1433
31107,Nebraska,Knox,1950,5008
31109,Nebraska,Lancaster,1950,29630
31111,Nebraska,Lincoln,1950,9295
31113,Nebraska,Logan,1950,481
31115,Nebraska,Loup,1950,493
31117,Nebraska,McPherson,1950,304
31119,Nebraska,Madison,1950,6897
31121,Nebraska,Merrick,1950,2756
31123,Nebraska,Morrill,1950,3089
31125,Nebraska,Nance,1950,2137
31127,Nebraska,Nemaha,1950,3420
31129,Nebraska,Nuckolls,1950,3085
31131,Nebraska,Otoe,1950,5232
31133,Nebraska,Pawnee,1950,1983
31135,Nebraska,Perkins,1950,1780
31137,Nebraska,Phelps,1950,2773
31139,Nebraska,Pierce,1950,3150
31141,Nebraska,Platte,1950,6649
31143,Nebraska,Polk,1950,2382
31145,Nebraska,Red Willow,1950,4125
31147,Nebraska,Richardson,1950,5355
31149,Nebraska,Rock,1950,1032
31151,Nebraska,Saline,1950,3753
31153,Nebraska,Sarpy,1950,4967
31155,Nebraska,Saunders,1950,4991
31157,Nebraska,Scotts Bluff,1950,12355
31159,Nebraska,Seward,1950,3958
31161,Nebraska,Sheridan,1950,3299
31163,Nebraska,Sherman,1950,2179
31165,Nebraska,Sioux,1950,1088
31167,Nebraska,Stanton,1950,2154
31169,Nebraska,Thayer,1950,3245
31171,Nebraska,Thomas,1950,417
31173,Nebraska,Thurston,1950,3246
31175,Nebraska,Valley,1950,2264
31177,Nebraska,Washington,1950,3567
31179,Nebraska,Wayne,1950,3030
31181,Nebraska,Webster,1950,2227
31183,Nebraska,Wheeler,1950,556
31185,Nebraska,York,1950,4396
32001,Nevada,Churchill,1950,2050
32003,Nevada,Clark,1950,14633
32005,Nevada,Douglas,1950,586
32007,Nevada,Elko,1950,3647
32009,Nevada,Esmeralda,1950,143
32011,Nevada,Eureka,1950,214
32013,Nevada,Humboldt,1950,1374
32015,Nevada,Lander,1950,510
32017,Nevada,Lincoln,1950,1513
32019,Nevada,Lyon,1950,1133
32021,Nevada,Mineral,1950,2002
32023,Nevada,Nye,1950,913
32025,Nevada,Ormsby,1950,1198
32027,Nevada,Pershing,1950,876
32029,Nevada,Storey,1950,170
32031,Nevada,Washoe,1950,12748
32033,Nevada,White Pine,1950,3300
33001,New Hampshire,Belknap,1950,8023
33003,New Hampshire,Carroll,1950,4753
33005,New Hampshire,Cheshire,1950,12028
33007,New Hampshire,Coos,1950,11573
33009,New Hampshire,Grafton,1950,13804
33011,New Hampshire,Hillsborough,1950,45147
33013,New Hampshire,Merrimack,1950,17564
33015,New Hampshire,Rockingham,1950,21572
33017,New Hampshire,Strafford,1950,14878
33019,New Hampshire,Sullivan,1950,8389
34001,New Jersey,Atlantic,1950,33082
34003,New Jersey,Bergen,1950,148077
34005,New Jersey,Burlington,1950,38049
34007,New Jersey,Camden,1950,86215
34009,New Jersey,Cape May,1950,9904
34011,New Jersey,Cumberland,1950,25066
34013,New Jersey,Essex,1950,229239
34015,New Jersey,Gloucester,1950,27895
34017,New Jersey,Hudson,1950,165592
34019,New Jersey,Hunterdon,1950,11608
34021,New Jersey,Mercer,1950,58198
34023,New Jersey,Middlesex,1950,73150
34025,New Jersey,Monmouth,1950,61095
34027,New Jersey,Morris,1950,45899
34029,New Jersey,Ocean,1950,15000
34031,New Jersey,Passaic,1950,85538
34033,New Jersey,Salem,1950,16045
34035,New Jersey,Somerset,1950,27642
34037,New Jersey,Sussex,1950,10623
34039,New Jersey,Union,1950,109983
34041,New Jersey,Warren,1950,15292
35001,New Mexico,Bernalillo,1950,50897
35003,New Mexico,Catron,1950,1441
35005,New Mexico,Chaves,1950,14938
35007,New Mexico,Colfax,1950,6826
35009,New Mexico,Curry,1950,8632
35011,New Mexico,De Baca,1950,1318
35013,New Mexico,Dona Ana,1950,16128
35015,New Mexico,Eddy,1950,16523
35017,New Mexico,Grant,1950,8574
35019,New Mexico,Guadalupe,1950,3055
35021,New Mexico,Harding,1950,1297
35023,New Mexico,Hidalgo,1950,2025
35025,New Mexico,Lea,1950,11338
35027,New Mexico,Lincoln,1950,2910
35028,New Mexico,Los Alamos,1950,3555
35029,New Mexico,Luna,1950,3511
35031,New Mexico,McKinley,1950,12841
35033,New Mexico,Mora,1950,4173
35035,New Mexico,Otero,1950,5644
35037,New Mexico,Quay,1950,5537
35039,New Mexico,Rio Arriba,1950,11858
35041,New Mexico,Roosevelt,1950,6120
35043,New Mexico,Sandoval,1950,5883
35045,New Mexico,San Juan,1950,8382
35047,New Mexico,San Miguel,1950,11096
35049,New Mexico,Santa Fe,1950,15645
35051,New Mexico,Sierra,1950,2176
35053,New Mexico,Socorro,1950,3950
35055,New Mexico,Taos,1950,8223
35057,New Mexico,Torrance,1950,3647
35059,New Mexico,Union,1950,2906
35061,New Mexico,Valencia,1950,10274
36001,New York,Albany,1950,62378
36003,New York,Allegany,1950,14355
36005,New York,Bronx,1950,368957
36007,New York,Broome,1950,53412
36009,New York,Cattaraugus,1950,24505
36011,New York,Cayuga,1950,20436
36013,New York,Chautauqua,1950,38587
36015,New York,Chemung,1950,25472
36017,New York,Chenango,1950,12543
36019,New York,Clinton,1950,17726
36021,New York,Columbia,1950,12138
36023,New York,Cortland,1950,11514
36025,New York,Delaware,1950,14255
36027,New York,Dutchess,1950,33376
36029,New York,Erie,1950,251872
36031,New York,Essex,1950,11586
36033,New York,Franklin,1950,15002
36035,New York,Fulton,1950,14038
36037,New York,Genesee,1950,14800
36039,New York,Greene,1950,7877
36041,New York,Hamilton,1950,1207
36043,New York,Herkimer,1950,17644
36045,New York,Jefferson,1950,26902
36047,New York,Kings,1950,714731
36049,New York,Lewis,1950,7760
36051,New York,Livingston,1950,12230
36053,New York,Madison,1950,14410
36055,New York,Monroe,1950,127968
36057,New York,Montgomery,1950,15333
36059,New York,Nassau,1950,204314
36061,New York,New York,1950,381822
36063,New York,Niagara,1950,57219
36065,New York,Oneida,1950,62998
36067,New York,Onondaga,1950,92628
36069,New York,Ontario,1950,17314
36071,New York,Orange,1950,40257
36073,New York,Orleans,1950,8888
36075,New York,Oswego,1950,24563
36077,New York,Otsego,1950,14817
36079,New York,Putnam,1950,5379
36081,New York,Queens,1950,393824
36083,New York,Rensselaer,1950,36095
36085,New York,Richmond,1950,53311
36087,New York,Rockland,1950,24934
36089,New York,St Lawrence,1950,32763
36091,New York,Saratoga,1950,21827
36093,New York,Schenectady,1950,36012
36095,New York,Schoharie,1950,7035
36097,New York,Schuyler,1950,4711
36099,New York,Seneca,1950,7977
36101,New York,Steuben,1950,29015
36103,New York,Suffolk,1950,71999
36105,New York,Sullivan,1950,11022
36107,New York,Tioga,1950,9872
36109,New York,Tompkins,1950,15540
36111,New York,Ulster,1950,24345
36113,New York,Warren,1950,11557
36115,New York,Washington,1950,14510
36117,New York,Wayne,1950,17190
36119,New York,Westchester,1950,167356
36121,New York,Wyoming,1950,9732
36123,New York,Yates,1950,5207
37001,North Carolina,Alamance,1950,24960
37003,North Carolina,Alexander,1950,5886
37005,North Carolina,Alleghany,1950,3023
37007,North Carolina,Anson,1950,11307
37009,North Carolina,Ashe,1950,8985
37011,North Carolina,Avery,1950,5731
37013,North Carolina,Beaufort,1950,14606
37015,North Carolina,Bertie,1950,11572
37017,North Carolina,Bladen,1950,13639
37019,North Carolina,Brunswick,1950,8183
37021,North Carolina,Buncombe,1950,40482
37023,North Carolina,Burke,1950,17202
37025,North Carolina,Cabarrus,1950,22554
37027,North Carolina,Caldwell,1950,17909
37029,North Carolina,Camden,1950,2049
37031,North Carolina,Carteret,1950,8222
37033,North Carolina,Caswell,1950,9343
37035,North Carolina,Catawba,1950,23034
37037,North Carolina,Chatham,1950,9742
37039,North Carolina,Cherokee,1950,7768
37041,North Carolina,Chowan,1950,4960
37043,North Carolina,Clay,1950,2517
37045,North Carolina,Cleveland,1950,25464
37047,North Carolina,Columbus,1950,22554
37049,North Carolina,Craven,1950,16936
37051,North Carolina,Cumberland,1950,31956
37053,North Carolina,Currituck,1950,2127
37055,North Carolina,Dare,1950,1806
37057,North Carolina,Davidson,1950,22894
37059,North Carolina,Davie,1950,5660
37061,North Carolina,Duplin,1950,17644
37063,North Carolina,Durham,1950,30900
37065,North Carolina,Edgecombe,1950,21343
37067,North Carolina,Forsyth,1950,47334
37069,North Carolina,Franklin,1950,12845
37071,North Carolina,Gaston,1950,41720
37073,North Carolina,Gates,1950,3822
37075,North Carolina,Graham,1950,2998
37077,North Carolina,Granville,1950,12272
37079,North Carolina,Greene,1950,8248
37081,North Carolina,Guilford,1950,60434
37083,North Carolina,Halifax,1950,25330
37085,North Carolina,Harnett,1950,19671
37087,North Carolina,Haywood,1950,14675
37089,North Carolina,Henderson,1950,10674
37091,North Carolina,Hertford,1950,8759
37093,North Carolina,Hoke,1950,7004
37095,North Carolina,Hyde,1950,2509
37097,North Carolina,Iredell,1950,20468
37099,North Carolina,Jackson,1950,7831
37101,North Carolina,Johnston,1950,28067
37103,North Carolina,Jones,1950,4932
37105,North Carolina,Lee,1950,9019
37107,North Carolina,Lenoir,1950,18194
37109,North Carolina,Lincoln,1950,10838
37111,North Carolina,McDowell,1950,10310
37113,North Carolina,Macon,1950,6754
37115,North Carolina,Madison,1950,8007
37117,North Carolina,Martin,1950,12711
37119,North Carolina,Mecklenburg,1950,63525
37121,North Carolina,Mitchell,1950,6219
37123,North Carolina,Montgomery,1950,6673
37125,North Carolina,Moore,1950,12735
37127,North Carolina,Nash,1950,25109
37129,North Carolina,New Hanover,1950,21410
37131,North Carolina,Northampton,1950,12296
37133,North Carolina,Onslow,1950,13786
37135,North Carolina,Orange,1950,10524
37137,North Carolina,Pamlico,1950,4138
37139,North Carolina,Pasquotank,1950,8404
37141,North Carolina,Pender,1950,8012
37143,North Carolina,Perquimans,1950,3755
37145,North Carolina,Person,1950,10066
37147,North Carolina,Pitt,1950,26302
37149,North Carolina,Polk,1950,4477
37151,North Carolina,Randolph,1950,18550
37153,North Carolina,Richmond,1950,15933
37155,North Carolina,Robeson,1950,40190
37157,North Carolina,Rockingham,1950,23729
37159,North Carolina,Rowan,1950,26076
37161,North Carolina,Rutherford,1950,17892
37163,North Carolina,Sampson,1950,21355
37165,North Carolina,Scotland,1950,11582
37167,North Carolina,Stanly,1950,13490
37169,North Carolina,Stokes,1950,8446
37171,North Carolina,Surry,1950,17623
37173,North Carolina,Swain,1950,4404
37175,North Carolina,Transylvania,1950,5998
37177,North Carolina,Tyrrell,1950,2029
37179,North Carolina,Union,1950,16796
37181,North Carolina,Vance,1950,12703
37183,North Carolina,Wake,1950,43170
37185,North Carolina,Warren,1950,10548
37187,North Carolina,Washington,1950,5447
37189,North Carolina,Watauga,1950,7208
37191,North Carolina,Wayne,1950,24641
37193,North Carolina,Wilkes,1950,18928
37195,North Carolina,Wilson,1950,21902
37197,North Carolina,Yadkin,1950,8444
37199,North Carolina,Yancey,1950,6906
38001,North Dakota,Adams,1950,1886
38003,North Dakota,Barnes,1950,5666
38005,North Dakota,Benson,1950,4136
38007,North Dakota,Billings,1950,689
38009,North Dakota,Bottineau,1950,4428
38011,North Dakota,Bowman,1950,1387
38013,North Dakota,Burke,1950,2332
38015,North Dakota,Burleigh,1950,8869
38017,North Dakota,Cass,1950,18068
38019,North Dakota,Cavalier,1950,4656
38021,North Dakota,Dickey,1950,3279
38023,North Dakota,Divide,1950,2088
38025,North Dakota,Dunn,1950,3072
38027,North Dakota,Eddy,1950,1947
38029,North Dakota,Emmons,1950,4125
38031,North Dakota,Foster,1950,1935
38033,North Dakota,Golden Valley,1950,1326
38035,North Dakota,Grand Forks,1950,12554
38037,North Dakota,Grant,1950,3138
38039,North Dakota,Griggs,1950,1881
38041,North Dakota,Hettinger,1950,3008
38043,North Dakota,Kidder,1950,2506
38045,North Dakota,LaMoure,1950,3548
38047,North Dakota,Logan,1950,2656
38049,North Dakota,McHenry,1950,4945
38051,North Dakota,McIntosh,1950,2845
38053,North Dakota,McKenzie,1950,2612
38055,North Dakota,McLean,1950,7367
38057,North Dakota,Mercer,1950,3554
38059,North Dakota,Morton,1950,7504
38061,North Dakota,Mountrail,1950,3392
38063,North Dakota,Nelson,1950,2711
38065,North Dakota,Oliver,1950,1292
38067,North Dakota,Pembina,1950,5241
38069,North Dakota,Pierce,1950,3470
38071,North Dakota,Ramsey,1950,5187
38073,North Dakota,Ransom,1950,3000
38075,North Dakota,Renville,1950,2020
38077,North Dakota,Richland,1950,6869
38079,North Dakota,Rolette,1950,4902
38081,North Dakota,Sargent,1950,2915
38083,North Dakota,Sheridan,1950,2109
38085,North Dakota,Sioux,1950,1744
38087,North Dakota,Slope,1950,919
38089,North Dakota,Stark,1950,6469
38091,North Dakota,Steele,1950,1826
38093,North Dakota,Stutsman,1950,7687
38095,North Dakota,Towner,1950,2323
38097,North Dakota,Traill,1950,3758
38099,North Dakota,Walsh,1950,6458
38101,North Dakota,Ward,1950,11814
38103,North Dakota,Wells,1950,3791
38105,North Dakota,Williams,1950,5743
39001,Ohio,Adams,1950,7302
39003,Ohio,Allen,1950,26878
39005,Ohio,Ashland,1950,10301
39007,Ohio,Ashtabula,1950,23964
39009,Ohio,Athens,1950,13316
39011,Ohio,Auglaize,1950,9707
39013,Ohio,Belmont,1950,26762
39015,Ohio,Brown,1950,7285
39017,Ohio,Butler,1950,45589
39019,Ohio,Carroll,1950,6471
39021,Ohio,Champaign,1950,8975
39023,Ohio,Clark,1950,33484
39025,Ohio,Clermont,1950,14382
39027,Ohio,Clinton,1950,7949
39029,Ohio,Columbiana,1950,30919
39031,Ohio,Coshocton,1950,9688
39033,Ohio,Crawford,1950,11924
39035,Ohio,Cuyahoga,1950,368921
39037,Ohio,Darke,1950,13721
39039,Ohio,Defiance,1950,8483
39041,Ohio,Delaware,1950,9287
39043,Ohio,Erie,1950,15490
39045,Ohio,Fairfield,1950,17067
39047,Ohio,Fayette,1950,7421
39049,Ohio,Franklin,1950,135255
39051,Ohio,Fulton,1950,8527
39053,Ohio,Gallia,1950,8479
39055,Ohio,Geauga,1950,9358
39057,Ohio,Greene,1950,18996
39059,Ohio,Guernsey,1950,10719
39061,Ohio,Hamilton,1950,198394
39063,Ohio,Hancock,1950,13507
39065,Ohio,Hardin,1950,9143
39067,Ohio,Harrison,1950,6214
39069,Ohio,Henry,1950,7373
39071,Ohio,Highland,1950,9025
39073,Ohio,Hocking,1950,6718
39075,Ohio,Holmes,1950,7312
39077,Ohio,Huron,1950,12616
39079,Ohio,Jackson,1950,9982
39081,Ohio,Jefferson,1950,30455
39083,Ohio,Knox,1950,10512
39085,Ohio,Lake,1950,24295
39087,Ohio,Lawrence,1950,17804
39089,Ohio,Licking,1950,20922
39091,Ohio,Logan,1950,9904
39093,Ohio,Lorain,1950,44715
39095,Ohio,Lucas,1950,111270
39097,Ohio,Madison,1950,7122
39099,Ohio,Mahoning,1950,72614
39101,Ohio,Marion,1950,15731
39103,Ohio,Medina,1950,12813
39105,Ohio,Meigs,1950,7946
39107,Ohio,Mercer,1950,9600
39109,Ohio,Miami,1950,19734
39111,Ohio,Monroe,1950,5063
39113,Ohio,Montgomery,1950,117364
39115,Ohio,Morgan,1950,4174
39117,Ohio,Morrow,1950,5923
39119,Ohio,Muskingum,1950,23176
39121,Ohio,Noble,1950,3840
39123,Ohio,Ottawa,1950,9163
39125,Ohio,Paulding,1950,5238
39127,Ohio,Perry,1950,9608
39129,Ohio,Pickaway,1950,9597
39131,Ohio,Pike,1950,5749
39133,Ohio,Portage,1950,19914
39135,Ohio,Preble,1950,9192
39137,Ohio,Putnam,1950,8907
39139,Ohio,Richland,1950,27823
39141,Ohio,Ross,1950,18084
39143,Ohio,Sandusky,1950,14565
39145,Ohio,Scioto,1950,29147
39147,Ohio,Seneca,1950,16726
39149,Ohio,Shelby,1950,9605
39151,Ohio,Stark,1950,84722
39153,Ohio,Summit,1950,122170
39155,Ohio,Trumbull,1950,49836
39157,Ohio,Tuscarawas,1950,22128
39159,Ohio,Union,1950,6577
39161,Ohio,Van Wert,1950,8342
39163,Ohio,Vinton,1950,4202
39165,Ohio,Warren,1950,13389
39167,Ohio,Washington,1950,13770
39169,Ohio,Wayne,1950,19133
39171,Ohio,Williams,1950,8177
39173,Ohio,Wood,1950,18019
39175,Ohio,Wyandot,1950,6366
40001,Oklahoma,Adair,1950,6010
40003,Oklahoma,Alfalfa,1950,3349
40005,Oklahoma,Atoka,1950,5983
40007,Oklahoma,Beaver,1950,2608
40009,Oklahoma,Beckham,1950,7146
40011,Oklahoma,Blaine,1950,5255
40013,Oklahoma,Bryan,1950,10268
40015,Oklahoma,Caddo,1950,13293
40017,Oklahoma,Canadian,1950,8324
40019,Oklahoma,Carter,1950,12102
40021,Oklahoma,Cherokee,1950,7390
40023,Oklahoma,Choctaw,1950,7894
40025,Oklahoma,Cimarron,1950,1689
40027,Oklahoma,Cleveland,1950,10511
40029,Oklahoma,Coal,1950,3056
40031,Oklahoma,Comanche,1950,18424
40033,Oklahoma,Cotton,1950,3672
40035,Oklahoma,Craig,1950,5157
40037,Oklahoma,Creek,1950,15260
40039,Oklahoma,Custer,1950,6800
40041,Oklahoma,Delaware,1950,5517
40043,Oklahoma,Dewey,1950,3215
40045,Oklahoma,Ellis,1950,2483
40047,Oklahoma,Garfield,1950,15798
40049,Oklahoma,Garvin,1950,10564
40051,Oklahoma,Grady,1950,12030
40053,Oklahoma,Grant,1950,3266
40055,Oklahoma,Greer,1950,3722
40057,Oklahoma,Harmon,1950,2927
40059,Oklahoma,Harper,1950,2042
40061,Oklahoma,Haskell,1950,5284
40063,Oklahoma,Hughes,1950,7719
40065,Oklahoma,Jackson,1950,6601
40067,Oklahoma,Jefferson,1950,3876
40069,Oklahoma,Johnston,1950,3823
40071,Oklahoma,Kay,1950,15789
40073,Oklahoma,Kingfisher,1950,4359
40075,Oklahoma,Kiowa,1950,6543
40077,Oklahoma,Latimer,1950,3515
40079,Oklahoma,Le Flore,1950,13878
40081,Oklahoma,Lincoln,1950,7878
40083,Oklahoma,Logan,1950,7166
40085,Oklahoma,Love,1950,2924
40087,Oklahoma,McClain,1950,5465
40089,Oklahoma,McCurtain,1950,13090
40091,Oklahoma,McIntosh,1950,7385
40093,Oklahoma,Major,1950,3619
40095,Oklahoma,Marshall,1950,2818
40097,Oklahoma,Mayes,1950,7441
40099,Oklahoma,Murray,1950,3446
40101,Oklahoma,Muskogee,1950,22305
40103,Oklahoma,Noble,1950,3891
40105,Oklahoma,Nowata,1950,4310
40107,Oklahoma,Okfuskee,1950,6775
40109,Oklahoma,Oklahoma,1950,98718
40111,Oklahoma,Okmulgee,1950,15580
40113,Oklahoma,Osage,1950,11715
40115,Oklahoma,Ottawa,1950,11122
40117,Oklahoma,Pawnee,1950,4767
40119,Oklahoma,Payne,1950,12822
40121,Oklahoma,Pittsburg,1950,14184
40123,Oklahoma,Pontotoc,1950,10201
40125,Oklahoma,Pottawatomie,1950,14184
40127,Oklahoma,Pushmataha,1950,4624
40129,Oklahoma,Roger Mills,1950,2702
40131,Oklahoma,Rogers,1950,7045
40133,Oklahoma,Seminole,1950,15004
40135,Oklahoma,Sequoyah,1950,8483
40137,Oklahoma,Stephens,1950,11680
40139,Oklahoma,Texas,1950,4830
40141,Oklahoma,Tillman,1950,6294
40143,Oklahoma,Tulsa,1950,76424
40145,Oklahoma,Wagoner,1950,6837
40147,Oklahoma,Washington,1950,10680
40149,Oklahoma,Washita,1950,6267
40151,Oklahoma,Woods,1950,4625
40153,Oklahoma,Woodward,1950,4359
41001,Oregon,Baker,1950,5155
41003,Oregon,Benton,1950,8696
41005,Oregon,Clackamas,1950,28034
41007,Oregon,Clatsop,1950,8540
41009,Oregon,Columbia,1950,7675
41011,Oregon,Coos,1950,13556
41013,Oregon,Crook,1950,3338
41015,Oregon,Curry,1950,1787
41017,Oregon,Deschutes,1950,7326
41019,Oregon,Douglas,1950,18614
41021,Oregon,Gilliam,1950,829
41023,Oregon,Grant,1950,2867
41025,Oregon,Harney,1950,2026
41027,Oregon,Hood River,1950,4258
41029,Oregon,Jackson,1950,18311
41031,Oregon,Jefferson,1950,2107
41033,Oregon,Josephine,1950,8548
41035,Oregon,Klamath,1950,14067
41037,Oregon,Lake,1950,2220
41039,Oregon,Lane,1950,40450
41041,Oregon,Lincoln,1950,6723
41043,Oregon,Linn,1950,19395
41045,Oregon,Malheur,1950,8859
41047,Oregon,Marion,1950,30783
41049,Oregon,Morrow,1950,1591
41051,Oregon,Multnomah,1950,122782
41053,Oregon,Polk,1950,9074
41055,Oregon,Sherman,1950,697
41057,Oregon,Tillamook,1950,6217
41059,Oregon,Umatilla,1950,13216
41061,Oregon,Union,1950,5627
41063,Oregon,Wallowa,1950,2358
41065,Oregon,Wasco,1950,4561
41067,Oregon,Washington,1950,19549
41069,Oregon,Wheeler,1950,1178
41071,Oregon,Yamhill,1950,10939
42001,Pennsylvania,Adams,1950,14613
42003,Pennsylvania,Allegheny,1950,422968
42005,Pennsylvania,Armstrong,1950,27359
42007,Pennsylvania,Beaver,1950,54018
42009,Pennsylvania,Bedford,1950,14687
42011,Pennsylvania,Berks,1950,67162
42013,Pennsylvania,Blair,1950,43043
42015,Pennsylvania,Bradford,1950,17504
42017,Pennsylvania,Bucks,1950,44394
42019,Pennsylvania,Butler,1950,31357
42021,Pennsylvania,Cambria,1950,70324
42023,Pennsylvania,Cameron,1950,2265
42025,Pennsylvania,Carbon,1950,16751
42027,Pennsylvania,Centre,1950,19231
42029,Pennsylvania,Chester,1950,47393
42031,Pennsylvania,Clarion,1950,13500
42033,Pennsylvania,Clearfield,1950,30129
42035,Pennsylvania,Clinton,1950,11881
42037,Pennsylvania,Columbia,1950,16140
42039,Pennsylvania,Crawford,1950,25595
42041,Pennsylvania,Cumberland,1950,28368
42043,Pennsylvania,Dauphin,1950,54408
42045,Pennsylvania,Delaware,1950,121455
42047,Pennsylvania,Elk,1950,11251
42049,Pennsylvania,Erie,1950,67117
42051,Pennsylvania,Fayette,1950,64331
42053,Pennsylvania,Forest,1950,1780
42055,Pennsylvania,Franklin,1950,24164
42057,Pennsylvania,Fulton,1950,4052
42059,Pennsylvania,Greene,1950,15749
42061,Pennsylvania,Huntingdon,1950,14092
42063,Pennsylvania,Indiana,1950,26670
42065,Pennsylvania,Jefferson,1950,16234
42067,Pennsylvania,Juniata,1950,5335
42069,Pennsylvania,Lackawanna,1950,70837
42071,Pennsylvania,Lancaster,1950,72064
42073,Pennsylvania,Lawrence,1950,31547
42075,Pennsylvania,Lebanon,1950,25567
42077,Pennsylvania,Lehigh,1950,53553
42079,Pennsylvania,Luzerne,1950,112475
42081,Pennsylvania,Lycoming,1950,29724
42083,Pennsylvania,McKean,1950,18185
42085,Pennsylvania,Mercer,1950,34318
42087,Pennsylvania,Mifflin,1950,15018
42089,Pennsylvania,Monroe,1950,9226
42091,Pennsylvania,Montgomery,1950,98116
42093,Pennsylvania,Montour,1950,4239
42095,Pennsylvania,Northampton,1950,51294
42097,Pennsylvania,Northumberland,1950,35230
42099,Pennsylvania,Perry,1950,8695
42101,Pennsylvania,Philadelphia,1950,540613
42103,Pennsylvania,Pike,1950,2210
42105,Pennsylvania,Potter,1950,5670
42107,Pennsylvania,Schuylkill,1950,58054
42109,Pennsylvania,Snyder,1950,7402
42111,Pennsylvania,Somerset,1950,27940
42113,Pennsylvania,Sullivan,1950,2307
42115,Pennsylvania,Susquehanna,1950,10805
42117,Pennsylvania,Tioga,1950,11882
42119,Pennsylvania,Union,1950,6299
42121,Pennsylvania,Venango,1950,20787
42123,Pennsylvania,Warren,1950,12297
42125,Pennsylvania,Washington,1950,64641
42127,Pennsylvania,Wayne,1950,8108
42129,Pennsylvania,Westmoreland,1950,95675
42131,Pennsylvania,Wyoming,1950,5686
42133,Pennsylvania,York,1950,60683
44001,Rhode Island,Bristol,1950,8489
44003,Rhode Island,Kent,1950,23525
44005,Rhode Island,Newport,1950,16728
44007,Rhode Island,Providence,1950,153477
44009,Rhode Island,Washington,1950,13237
45001,South Carolina,Abbeville,1950,8548
45003,South Carolina,Aiken,1950,20634
45005,South Carolina,Allendale,1950,5229
45007,South Carolina,Anderson,1950,34179
45009,South Carolina,Bamberg,1950,7674
45011,South Carolina,Barnwell,1950,7687
45013,South Carolina,Beaufort,1950,11140
45015,South Carolina,Berkeley,1950,14691
45017,South Carolina,Calhoun,1950,6903
45019,South Carolina,Charleston,1950,61175
45021,South Carolina,Cherokee,1950,14073
45023,South Carolina,Chester,1950,12926
45025,South Carolina,Chesterfield,1950,16376
45027,South Carolina,Clarendon,1950,16172
45029,South Carolina,Colleton,1950,12226
45031,South Carolina,Darlington,1950,21808
45033,South Carolina,Dillon,1950,14400
45035,South Carolina,Dorchester,1950,9793
45037,South Carolina,Edgefield,1950,7279
45039,South Carolina,Fairfield,1950,9480
45041,South Carolina,Florence,1950,34610
45043,South Carolina,Georgetown,1950,15001
45045,South Carolina,Greenville,1950,58201
45047,South Carolina,Greenwood,1950,14757
45049,South Carolina,Hampton,1950,7988
45051,South Carolina,Horry,1950,27899
45053,South Carolina,Jasper,1950,5041
45055,South Carolina,Kershaw,1950,14159
45057,South Carolina,Lancaster,1950,15534
45059,South Carolina,Laurens,1950,18236
45061,South Carolina,Lee,1950,11131
45063,South Carolina,Lexington,1950,16973
45065,South Carolina,McCormick,1950,4425
45067,South Carolina,Marion,1950,14680
45069,South Carolina,Marlboro,1950,14196
45071,South Carolina,Newberry,1950,11742
45073,South Carolina,Oconee,1950,15096
45075,South Carolina,Orangeburg,1950,30411
45077,South Carolina,Pickens,1950,15774
45079,South Carolina,Richland,1950,45664
45081,South Carolina,Saluda,1950,6622
45083,South Carolina,Spartanburg,1950,56167
45085,South Carolina,Sumter,1950,25148
45087,South Carolina,Union,1950,12403
45089,South Carolina,Williamsburg,1950,21754
45091,South Carolina,York,1950,28245
46001,South Dakota,Armstrong,1950,17
46003,South Dakota,Aurora,1950,1810
46005,South Dakota,Beadle,1950,6799
46007,South Dakota,Bennett,1950,1343
46009,South Dakota,Bon Homme,1950,2924
46011,South Dakota,Brookings,1950,5413
46013,South Dakota,Brown,1950,10562
46015,South Dakota,Brule,1950,2033
46017,South Dakota,Buffalo,1950,694
46019,South Dakota,Butte,1950,2868
46021,South Dakota,Campbell,1950,1552
46023,South Dakota,Charles Mix,1950,5682
46025,South Dakota,Clark,1950,2976
46027,South Dakota,Clay,1950,3048
46029,South Dakota,Codington,1950,6618
46031,South Dakota,Corson,1950,2665
46033,South Dakota,Custer,1950,1905
46035,South Dakota,Davison,1950,5194
46037,South Dakota,Day,1950,4304
46039,South Dakota,Deuel,1950,2744
46041,South Dakota,Dewey,1950,2098
46043,South Dakota,Douglas,1950,2122
46045,South Dakota,Edmunds,1950,2770
46047,South Dakota,Fall River,1950,3263
46049,South Dakota,Faulk,1950,1602
46051,South Dakota,Grant,1950,3543
46053,South Dakota,Gregory,1950,3095
46055,South Dakota,Haakon,1950,1110
46057,South Dakota,Hamlin,1950,2322
46059,South Dakota,Hand,1950,2560
46061,South Dakota,Hanson,1950,1835
46063,South Dakota,Harding,1950,779
46065,South Dakota,Hughes,1950,2929
46067,South Dakota,Hutchinson,1950,3825
46069,South Dakota,Hyde,1950,966
46071,South Dakota,Jackson,1950,615
46073,South Dakota,Jerauld,1950,1467
46075,South Dakota,Jones,1950,839
46077,South Dakota,Kingsbury,1950,3296
46079,South Dakota,Lake,1950,4004
46081,South Dakota,Lawrence,1950,5621
46083,South Dakota,Lincoln,1950,4181
46085,South Dakota,Lyman,1950,1705
46087,South Dakota,McCook,1950,3119
46089,South Dakota,McPherson,1950,2540
46091,South Dakota,Marshall,1950,2866
46093,South Dakota,Meade,1950,3447
46095,South Dakota,Mellette,1950,1200
46097,South Dakota,Miner,1950,2196
46099,South Dakota,Minnehaha,1950,21905
46101,South Dakota,Moody,1950,3419
46103,South Dakota,Pennington,1950,11055
46105,South Dakota,Perkins,1950,2409
46107,South Dakota,Potter,1950,1703
46109,South Dakota,Roberts,1950,5682
46111,South Dakota,Sanborn,1950,1715
46113,South Dakota,Shannon,1950,2559
46115,South Dakota,Spink,1950,4020
46117,South Dakota,Stanley,1950,746
46119,South Dakota,Sully,1950,987
46121,South Dakota,Todd,1950,2048
46123,South Dakota,Tripp,1950,3341
46125,South Dakota,Turner,1950,3832
46127,South Dakota,Union,1950,3569
46129,South Dakota,Walworth,1950,2658
46131,South Dakota,Washabaugh,1950,658
46135,South Dakota,Yankton,1950,4708
46137,South Dakota,Ziebach,1950,1101
47001,Tennessee,Anderson,1950,23327
47003,Tennessee,Bedford,1950,7882
47005,Tennessee,Benton,1950,4016
47007,Tennessee,Bledsoe,1950,3919
47009,Tennessee,Blount,1950,21530
47011,Tennessee,Bradley,1950,12474
47013,Tennessee,Campbell,1950,15268
47015,Tennessee,Cannon,1950,3396
47017,Tennessee,Carroll,1950,8847
47019,Tennessee,Carter,1950,16958
47021,Tennessee,Cheatham,1950,3469
47023,Tennessee,Chester,1950,4142
47025,Tennessee,Claiborne,1950,10623
47027,Tennessee,Clay,1950,3766
47029,Tennessee,Cocke,1950,9265
47031,Tennessee,Coffee,1950,8556
47033,Tennessee,Crockett,1950,6240
47035,Tennessee,Cumberland,1950,8423
47037,Tennessee,Davidson,1950,92873
47039,Tennessee,Decatur,1950,3445
47041,Tennessee,DeKalb,1950,4132
47043,Tennessee,Dickson,1950,6688
47045,Tennessee,Dyer,1950,12044
47047,Tennessee,Fayette,1950,12612
47049,Tennessee,Fentress,1950,7178
47051,Tennessee,Franklin,1950,9690
47053,Tennessee,Gibson,1950,16194
47055,Tennessee,Giles,1950,9726
47057,Tennessee,Grainger,1950,5278
47059,Tennessee,Greene,1950,15187
47061,Tennessee,Grundy,1950,5431
47063,Tennessee,Hamblen,1950,8641
47065,Tennessee,Hamilton,1950,66982
47067,Tennessee,Hancock,1950,3900
47069,Tennessee,Hardeman,1950,8703
47071,Tennessee,Hardin,1950,6524
47073,Tennessee,Hawkins,1950,12034
47075,Tennessee,Haywood,1950,11036
47077,Tennessee,Henderson,1950,6121
47079,Tennessee,Henry,1950,7431
47081,Tennessee,Hickman,1950,5124
47083,Tennessee,Houston,1950,2009
47085,Tennessee,Humphreys,1950,3994
47087,Tennessee,Jackson,1950,5019
47089,Tennessee,Jefferson,1950,7002
47091,Tennessee,Johnson,1950,5017
47093,Tennessee,Knox,1950,71381
47095,Tennessee,Lake,1950,4855
47097,Tennessee,Lauderdale,1950,9497
47099,Tennessee,Lawrence,1950,11611
47101,Tennessee,Lewis,1950,2375
47103,Tennessee,Lincoln,1950,9422
47105,Tennessee,Loudon,1950,8796
47107,Tennessee,McMinn,1950,12104
47109,Tennessee,McNairy,1950,7817
47111,Tennessee,Macon,1950,4982
47113,Tennessee,Madison,1950,19949
47115,Tennessee,Marion,1950,8561
47117,Tennessee,Marshall,1950,5747
47119,Tennessee,Maury,1950,13882
47121,Tennessee,Meigs,1950,2770
47123,Tennessee,Monroe,1950,10446
47125,Tennessee,Montgomery,1950,13390
47127,Tennessee,Moore,1950,1415
47129,Tennessee,Morgan,1950,6685
47131,Tennessee,Obion,1950,9456
47133,Tennessee,Overton,1950,7201
47135,Tennessee,Perry,1950,2445
47137,Tennessee,Pickett,1950,2265
47139,Tennessee,Polk,1950,6068
47141,Tennessee,Putnam,1950,10765
47143,Tennessee,Rhea,1950,6342
47145,Tennessee,Roane,1950,12506
47147,Tennessee,Robertson,1950,9350
47149,Tennessee,Rutherford,1950,13023
47151,Tennessee,Scott,1950,8102
47153,Tennessee,Sequatchie,1950,2550
47155,Tennessee,Sevier,1950,9436
47157,Tennessee,Shelby,1950,145212
47159,Tennessee,Smith,1950,4754
47161,Tennessee,Stewart,1950,3494
47163,Tennessee,Sullivan,1950,34857
47165,Tennessee,Sumner,1950,11881
47167,Tennessee,Tipton,1950,12398
47169,Tennessee,Trousdale,1950,1904
47171,Tennessee,Unicoi,1950,6313
47173,Tennessee,Union,1950,3624
47175,Tennessee,Van Buren,1950,1760
47177,Tennessee,Warren,1950,7930
47179,Tennessee,Washington,1950,19971
47181,Tennessee,Wayne,1950,6043
47183,Tennessee,Weakley,1950,8612
47185,Tennessee,White,1950,6225
47187,Tennessee,Williamson,1950,9081
47189,Tennessee,Wilson,1950,8728
48001,Texas,Anderson,1950,11007
48003,Texas,Andrews,1950,1956
48005,Texas,Angelina,1950,12723
48007,Texas,Aransas,1950,1482
48009,Texas,Archer,1950,2407
48011,Texas,Armstrong,1950,701
48013,Texas,Atascosa,1950,8545
48015,Texas,Austin,1950,4378
48017,Texas,Bailey,1950,3098
48019,Texas,Bandera,1950,1344
48021,Texas,Bastrop,1950,6929
48023,Texas,Baylor,1950,2347
48025,Texas,Bee,1950,7159
48027,Texas,Bell,1950,21272
48029,Texas,Bexar,1950,164995
48031,Texas,Blanco,1950,1161
48033,Texas,Borden,1950,452
48035,Texas,Bosque,1950,3508
48037,Texas,Bowie,1950,21482
48039,Texas,Brazoria,1950,16527
48041,Texas,Brazos,1950,12045
48043,Texas,Brewster,1950,2555
48045,Texas,Briscoe,1950,1295
48047,Texas,Brooks,1950,3863
48049,Texas,Brown,1950,8790
48051,Texas,Burleson,1950,4657
48053,Texas,Burnet,1950,3371
48055,Texas,Caldwell,1950,7129
48057,Texas,Calhoun,1950,3423
48059,Texas,Callahan,1950,2874
48061,Texas,Cameron,1950,52913
48063,Texas,Camp,1950,2993
48065,Texas,Carson,1950,2466
48067,Texas,Cass,1950,10343
48069,Texas,Castro,1950,2205
48071,Texas,Chambers,1950,2855
48073,Texas,Cherokee,1950,12322
48075,Texas,Childress,1950,4079
48077,Texas,Clay,1950,3306
48079,Texas,Cochran,1950,2458
48081,Texas,Coke,1950,1394
48083,Texas,Coleman,1950,4936
48085,Texas,Collin,1950,13660
48087,Texas,Collingsworth,1950,3387
48089,Texas,Colorado,1950,5735
48091,Texas,Comal,1950,5716
48093,Texas,Comanche,1950,4702
48095,Texas,Concho,1950,1804
48097,Texas,Cooke,1950,7512
48099,Texas,Coryell,1950,5542
48101,Texas,Cottle,1950,2235
48103,Texas,Crane,1950,1519
48105,Texas,Crockett,1950,1524
48107,Texas,Crosby,1950,3601
48109,Texas,Culberson,1950,717
48111,Texas,Dallam,1950,2642
48113,Texas,Dallas,1950,177944
48115,Texas,Dawson,1950,7689
48117,Texas,Deaf Smith,1950,3383
48119,Texas,Delta,1950,3115
48121,Texas,Denton,1950,11642
48123,Texas,DeWitt,1950,7787
48125,Texas,Dickens,1950,2730
48127,Texas,Dimmit,1950,4543
48129,Texas,Donley,1950,2127
48131,Texas,Duval,1950,6621
48133,Texas,Eastland,1950,7086
48135,Texas,Ector,1950,14953
48137,Texas,Edwards,1950,1060
48139,Texas,Ellis,1950,15334
48141,Texas,El Paso,1950,69907
48143,Texas,Erath,1950,5193
48145,Texas,Falls,1950,9536
48147,Texas,Fannin,1950,10131
48149,Texas,Fayette,1950,7493
48151,Texas,Fisher,1950,4188
48153,Texas,Floyd,1950,3728
48155,Texas,Foard,1950,1522
48157,Texas,Fort Bend,1950,11203
48159,Texas,Franklin,1950,2071
48161,Texas,Freestone,1950,5724
48163,Texas,Frio,1950,4469
48165,Texas,Gaines,1950,3522
48167,Texas,Galveston,1950,35870
48169,Texas,Garza,1950,2322
48171,Texas,Gillespie,1950,3294
48173,Texas,Glasscock,1950,406
48175,Texas,Goliad,1950,2277
48177,Texas,Gonzales,1950,7702
48179,Texas,Gray,1950,8462
48181,Texas,Grayson,1950,21331
48183,Texas,Gregg,1950,20402
48185,Texas,Grimes,1950,5290
48187,Texas,Guadalupe,1950,9172
48189,Texas,Hale,1950,10194
48191,Texas,Hall,1950,4156
48193,Texas,Hamilton,1950,3158
48195,Texas,Hansford,1950,1508
48197,Texas,Hardeman,1950,3431
48199,Texas,Hardin,1950,7260
48201,Texas,Harris,1950,249750
48203,Texas,Harrison,1950,17733
48205,Texas,Hartley,1950,663
48207,Texas,Haskell,1950,5012
48209,Texas,Hays,1950,6240
48211,Texas,Hemphill,1950,1508
48213,Texas,Henderson,1950,8314
48215,Texas,Hidalgo,1950,68657
48217,Texas,Hill,1950,10197
48219,Texas,Hockley,1950,8268
48221,Texas,Hood,1950,1594
48223,Texas,Hopkins,1950,7760
48225,Texas,Houston,1950,8357
48227,Texas,Howard,1950,9394
48229,Texas,Hudspeth,1950,1790
48231,Texas,Hunt,1950,13434
48233,Texas,Hutchinson,1950,11791
48235,Texas,Irion,1950,563
48237,Texas,Jack,1950,2445
48239,Texas,Jackson,1950,4916
48241,Texas,Jasper,1950,7726
48243,Texas,Jeff Davis,1950,791
48245,Texas,Jefferson,1950,63914
48247,Texas,Jim Hogg,1950,2172
48249,Texas,Jim Wells,1950,11898
48251,Texas,Johnson,1950,9831
48253,Texas,Jones,1950,7723
48255,Texas,Karnes,1950,6923
48257,Texas,Kaufman,1950,10250
48259,Texas,Kendall,1950,1712
48261,Texas,Kenedy,1950,278
48263,Texas,Kent,1950,797
48265,Texas,Kerr,1950,4237
48267,Texas,Kimble,1950,1589
48269,Texas,King,1950,348
48271,Texas,Kinney,1950,944
48273,Texas,Kleberg,1950,8362
48275,Texas,Knox,1950,3892
48277,Texas,Lamar,1950,14533
48279,Texas,Lamb,1950,7796
48281,Texas,Lampasas,1950,3229
48283,Texas,La Salle,1950,3284
48285,Texas,Lavaca,1950,7229
48287,Texas,Lee,1950,3543
48289,Texas,Leon,1950,4244
48291,Texas,Liberty,1950,9849
48293,Texas,Limestone,1950,8368
48295,Texas,Lipscomb,1950,1256
48297,Texas,Live Oak,1950,3835
48299,Texas,Llano,1950,1623
48301,Texas,Loving,1950,82
48303,Texas,Lubbock,1950,33790
48305,Texas,Lynn,1950,4303
48307,Texas,McCulloch,1950,3872
48309,Texas,McLennan,1950,38829
48311,Texas,McMullen,1950,394
48313,Texas,Madison,1950,2845
48315,Texas,Marion,1950,3910
48317,Texas,Martin,1950,2294
48319,Texas,Mason,1950,1610
48321,Texas,Matagorda,1950,7824
48323,Texas,Maverick,1950,4887
48325,Texas,Medina,1950,6693
48327,Texas,Menard,1950,1373
48329,Texas,Midland,1950,9138
48331,Texas,Milam,1950,8078
48333,Texas,Mills,1950,1836
48335,Texas,Mitchell,1950,5270
48337,Texas,Montague,1950,5358
48339,Texas,Montgomery,1950,9023
48341,Texas,Moore,1950,5289
48343,Texas,Morris,1950,3498
48345,Texas,Motley,1950,1436
48347,Texas,Nacogdoches,1950,10831
48349,Texas,Navarro,1950,13280
48351,Texas,Newton,1950,4530
48353,Texas,Nolan,1950,6798
48355,Texas,Nueces,1950,63262
48357,Texas,Ochiltree,1950,2140
48359,Texas,Oldham,1950,687
48361,Texas,Orange,1950,15274
48363,Texas,Palo Pinto,1950,5104
48365,Texas,Panola,1950,7565
48367,Texas,Parker,1950,6959
48369,Texas,Parmer,1950,2163
48371,Texas,Pecos,1950,3910
48373,Texas,Polk,1950,6026
48375,Texas,Potter,1950,22782
48377,Texas,Presidio,1950,2973
48379,Texas,Rains,1950,1528
48381,Texas,Randall,1950,4438
48383,Texas,Reagan,1950,1107
48385,Texas,Real,1950,938
48387,Texas,Red River,1950,7939
48389,Texas,Reeves,1950,4474
48391,Texas,Refugio,1950,4006
48393,Texas,Roberts,1950,326
48395,Texas,Robertson,1950,7462
48397,Texas,Rockwall,1950,2203
48399,Texas,Runnels,1950,5749
48401,Texas,Rusk,1950,15080
48403,Texas,Sabine,1950,3227
48405,Texas,San Augustine,1950,3532
48407,Texas,San Jacinto,1950,2899
48409,Texas,San Patricio,1950,15592
48411,Texas,San Saba,1950,2944
48413,Texas,Schleicher,1950,1101
48415,Texas,Scurry,1950,7703
48417,Texas,Shackelford,1950,1586
48419,Texas,Shelby,1950,8694
48421,Texas,Sherman,1950,869
48423,Texas,Smith,1950,24949
48425,Texas,Somervell,1950,746
48427,Texas,Starr,1950,6026
48429,Texas,Stephens,1950,3159
48431,Texas,Sterling,1950,451
48433,Texas,Stonewall,1950,1352
48435,Texas,Sutton,1950,1503
48437,Texas,Swisher,1950,3019
48439,Texas,Tarrant,1950,106123
48441,Texas,Taylor,1950,19354
48443,Texas,Terrell,1950,1209
48445,Texas,Terry,1950,5199
48447,Texas,Throckmorton,1950,1178
48449,Texas,Titus,1950,6071
48451,Texas,Tom Green,1950,18971
48453,Texas,Travis,1950,46797
48455,Texas,Trinity,1950,3555
48457,Texas,Tyler,1950,4226
48459,Texas,Upshur,1950,7649
48461,Texas,Upton,1950,1966
48463,Texas,Uvalde,1950,6173
48465,Texas,Val Verde,1950,6543
48467,Texas,Van Zandt,1950,7652
48469,Texas,Victoria,1950,11015
48471,Texas,Walker,1950,5957
48473,Texas,Waller,1950,3878
48475,Texas,Ward,1950,5186
48477,Texas,Washington,1950,6525
48479,Texas,Webb,1950,22957
48481,Texas,Wharton,1950,13794
48483,Texas,Wheeler,1950,3790
48485,Texas,Wichita,1950,27424
48487,Texas,Wilbarger,1950,7074
48489,Texas,Willacy,1950,9093
48491,Texas,Williamson,1950,12960
48493,Texas,Wilson,1950,5854
48495,Texas,Winkler,1950,3773
48497,Texas,Wise,1950,5155
48499,Texas,Wood,1950,7325
48501,Texas,Yoakum,1950,1720
48503,Texas,Young,1950,5348
48505,Texas,Zapata,1950,1714
48507,Texas,Zavala,1950,4864
49001,Utah,Beaver,1950,2014
49003,Utah,Box Elder,1950,8355
49005,Utah,Cache,1950,12193
49007,Utah,Carbon,1950,10497
49009,Utah,Daggett,1950,146
49011,Utah,Davis,1950,12994
49013,Utah,Duchesne,1950,3821
49015,Utah,Emery,1950,2778
49017,Utah,Garfield,1950,1905
49019,Utah,Grand,1950,782
49021,Utah,Iron,1950,3879
49023,Utah,Juab,1950,2416
49025,Utah,Kane,1950,1014
49027,Utah,Millard,1950,4076
49029,Utah,Morgan,1950,1043
49031,Utah,Piute,1950,877
49033,Utah,Rich,1950,704
49035,Utah,Salt Lake,1950,97113
49037,Utah,San Juan,1950,2545
49039,Utah,Sanpete,1950,5565
49041,Utah,Sevier,1950,5120
49043,Utah,Summit,1950,2723
49045,Utah,Tooele,1950,5861
49047,Utah,Uintah,1950,4635
49049,Utah,Utah,1950,32936
49051,Utah,Wasatch,1950,2376
49053,Utah,Washington,1950,4344
49055,Utah,Wayne,1950,1079
49057,Utah,Weber,1950,31381
50001,Vermont,Addison,1950,6488
50003,Vermont,Bennington,1950,7387
50005,Vermont,Caledonia,1950,7760
50007,Vermont,Chittenden,1950,20246
50009,Vermont,Essex,1950,2174
50011,Vermont,Franklin,1950,10333
50013,Vermont,Grand Isle,1950,1172
50015,Vermont,Lamoille,1950,4075
50017,Vermont,Orange,1950,6118
50019,Vermont,Orleans,1950,7613
50021,Vermont,Rutland,1950,14207
50023,Vermont,Washington,1950,13294
50025,Vermont,Windham,1950,8521
50027,Vermont,Windsor,1950,13249
51001,Virginia,Accomack,1950,10062
51003,Virginia,Albemarle,1950,8852
51005,Virginia,Alleghany,1950,8374
51007,Virginia,Amelia,1950,3141
51009,Virginia,Amherst,1950,7150
51011,Virginia,Appomattox,1950,3298
51013,Virginia,Arlington,1950,38589
51015,Virginia,Augusta,1950,12701
51017,Virginia,Bath,1950,2220
51019,Virginia,Bedford,1950,10923
51021,Virginia,Bland,1950,2476
51023,Virginia,Botetourt,1950,5848
51025,Virginia,Brunswick,1950,8319
51027,Virginia,Buchanan,1950,18093
51029,Virginia,Buckingham,1950,5113
51031,Virginia,Campbell,1950,10849
51033,Virginia,Caroline,1950,4976
51035,Virginia,Carroll,1950,10615
51036,Virginia,Charles City,1950,1909
51037,Virginia,Charlotte,1950,5619
51041,Virginia,Chesterfield,1950,13807
51043,Virginia,Clarke,1950,2420
51045,Virginia,Craig,1950,1241
51047,Virginia,Culpeper,1950,4622
51049,Virginia,Cumberland,1950,2979
51051,Virginia,Dickenson,1950,11550
51053,Virginia,Dinwiddie,1950,6022
51055,Virginia,Elizabeth City,1950,17534
51057,Virginia,Essex,1950,2426
51059,Virginia,Fairfax,1950,34059
51061,Virginia,Fauquier,1950,7492
51063,Virginia,Floyd,1950,4369
51065,Virginia,Fluvanna,1950,2526
51067,Virginia,Franklin,1950,9820
51069,Virginia,Frederick,1950,6494
51071,Virginia,Giles,1950,7480
51073,Virginia,Gloucester,1950,3384
51075,Virginia,Goochland,1950,2980
51077,Virginia,Grayson,1950,7905
51079,Virginia,Greene,1950,2000
51081,Virginia,Greensville,1950,6938
51083,Virginia,Halifax,1950,16762
51085,Virginia,Hanover,1950,7742
51087,Virginia,Henrico,1950,18816
51089,Virginia,Henry,1950,12785
51091,Virginia,Highland,1950,1396
51093,Virginia,Isle Of Wight,1950,5745
51095,Virginia,James City,1950,2218
51097,Virginia,King And Queen,1950,2420
51099,Virginia,King George,1950,2348
51101,Virginia,King William,1950,2790
51103,Virginia,Lancaster,1950,2905
51105,Virginia,Lee,1950,16037
51107,Virginia,Loudoun,1950,7727
51109,Virginia,Louisa,1950,4826
51111,Virginia,Lunenburg,1950,5501
51113,Virginia,Madison,1950,3061
51115,Virginia,Mathews,1950,1837
51117,Virginia,Mecklenburg,1950,13736
51119,Virginia,Middlesex,1950,2198
51121,Virginia,Montgomery,1950,9774
51123,Virginia,Nansemond,1950,9767
51125,Virginia,Nelson,1950,5408
51127,Virginia,New Kent,1950,1530
51129,Virginia,Norfolk,1950,38804
51131,Virginia,Northampton,1950,5672
51133,Virginia,Northumberland,1950,3457
51135,Virginia,Nottoway,1950,5456
51137,Virginia,Orange,1950,4487
51139,Virginia,Page,1950,5465
51141,Virginia,Patrick,1950,6534
51143,Virginia,Pittsylvania,1950,27129
51145,Virginia,Powhatan,1950,2181
51147,Virginia,Prince Edward,1950,5435
51149,Virginia,Prince George,1950,5541
51151,Virginia,Princess Anne,1950,12771
51153,Virginia,Prince William,1950,7418
51155,Virginia,Pulaski,1950,10760
51157,Virginia,Rappahannock,1950,2348
51159,Virginia,Richmond,1950,2187
51161,Virginia,Roanoke,1950,13340
51163,Virginia,Rockbridge,1950,7723
51165,Virginia,Rockingham,1950,12484
51167,Virginia,Russell,1950,11725
51169,Virginia,Scott,1950,11273
51171,Virginia,Shenandoah,1950,7155
51173,Virginia,Smyth,1950,11758
51175,Virginia,Southampton,1950,10597
51177,Virginia,Spotsylvania,1950,4500
51179,Virginia,Stafford,1950,4369
51181,Virginia,Surry,1950,2382
51183,Virginia,Sussex,1950,5282
51185,Virginia,Tazewell,1950,20196
51187,Virginia,Warren,1950,5376
51189,Virginia,Warwick,1950,13073
51191,Virginia,Washington,1950,14829
51193,Virginia,Westmoreland,1950,3771
51195,Virginia,Wise,1950,23996
51197,Virginia,Wythe,1950,9045
51199,Virginia,York,1950,4014
51510,Virginia,Alexandria City,1950,17409
51520,Virginia,Bristol City,1950,5276
51530,Virginia,Buena Vista City,1950,1843
51540,Virginia,Charlottesville City,1950,6440
51560,Virginia,Clifton Forge City,1950,1596
51570,Virginia,Colonial Heights City,1950,1675
51590,Virginia,Danville City,1950,9778
51610,Virginia,Falls Church City,1950,2721
51630,Virginia,Fredericksburg City,1950,3084
51650,Virginia,Hampton City,1950,1324
51660,Virginia,Harrisonburg City,1950,2753
51670,Virginia,Hopewell City,1950,3285
51680,Virginia,Lynchburg City,1950,13472
51690,Virginia,Martinsville City,1950,5837
51700,Virginia,Newport News City,1950,12448
51710,Virginia,Norfolk City,1950,51702
51730,Virginia,Petersburg City,1950,10149
51740,Virginia,Portsmouth City,1950,21890
51750,Virginia,Radford City,1950,2753
51760,Virginia,Richmond City,1950,56434
51770,Virginia,Roanoke City,1950,25470
51780,Virginia,South Norfolk City,1950,3228
51790,Virginia,Staunton City,1950,4947
51800,Virginia,Suffolk City,1950,3404
51820,Virginia,Waynesboro City,1950,4131
51830,Virginia,Williamsburg City,1950,1067
51840,Virginia,Winchester City,1950,3726
53001,Washington,Adams,1950,2003
53003,Washington,Asotin,1950,3407
53005,Washington,Benton,1950,18994
53007,Washington,Chelan,1950,12829
53009,Washington,Clallam,1950,8931
53011,Washington,Clark,1950,29029
53013,Washington,Columbia,1950,1517
53015,Washington,Cowlitz,1950,18435
53017,Washington,Douglas,1950,3720
53019,Washington,Ferry,1950,1558
53021,Washington,Franklin,1950,4418
53023,Washington,Garfield,1950,1022
53025,Washington,Grant,1950,7837
53027,Washington,Grays Harbor,1950,16344
53029,Washington,Island,1950,3289
53031,Washington,Jefferson,1950,3589
53033,Washington,King,1950,199706
53035,Washington,Kitsap,1950,23821
53037,Washington,Kittitas,1950,6885
53039,Washington,Klickitat,1950,4043
53041,Washington,Lewis,1950,14389
53043,Washington,Lincoln,1950,3499
53045,Washington,Mason,1950,5039
53047,Washington,Okanogan,1950,10647
53049,Washington,Pacific,1950,5141
53051,Washington,Pend Oreille,1950,2568
53053,Washington,Pierce,1950,76096
53055,Washington,San Juan,1950,937
53057,Washington,Skagit,1950,12963
53059,Washington,Skamania,1950,1615
53061,Washington,Snohomish,1950,35390
53063,Washington,Spokane,1950,63348
53065,Washington,Stevens,1950,6797
53067,Washington,Thurston,1950,14239
53069,Washington,Wahkiakum,1950,1252
53071,Washington,Walla Walla,1950,11104
53073,Washington,Whatcom,1950,20999
53075,Washington,Whitman,1950,8904
53077,Washington,Yakima,1950,49033
54001,West Virginia,Barbour,1950,7570
54003,West Virginia,Berkeley,1950,9338
54005,West Virginia,Boone,1950,14635
54007,West Virginia,Braxton,1950,7243
54009,West Virginia,Brooke,1950,8743
54011,West Virginia,Cabell,1950,32853
54013,West Virginia,Calhoun,1950,4365
54015,West Virginia,Clay,1950,6935
54017,West Virginia,Doddridge,1950,3332
54019,West Virginia,Fayette,1950,33825
54021,West Virginia,Gilmer,1950,3617
54023,West Virginia,Grant,1950,3484
54025,West Virginia,Greenbrier,1950,15019
54027,West Virginia,Hampshire,1950,4807
54029,West Virginia,Hancock,1950,11418
54031,West Virginia,Hardy,1950,3795
54033,West Virginia,Harrison,1950,28121
54035,West Virginia,Jackson,1950,5738
54037,West Virginia,Jefferson,1950,5992
54039,West Virginia,Kanawha,1950,84543
54041,West Virginia,Lewis,1950,6282
54043,West Virginia,Lincoln,1950,10178
54045,West Virginia,Logan,1950,33375
54047,West Virginia,McDowell,1950,42570
54049,West Virginia,Marion,1950,23318
54051,West Virginia,Marshall,1950,11457
54053,West Virginia,Mason,1950,8954
54055,West Virginia,Mercer,1950,27082
54057,West Virginia,Mineral,1950,7866
54059,West Virginia,Mingo,1950,21114
54061,West Virginia,Monongalia,1950,19207
54063,West Virginia,Monroe,1950,4824
54065,West Virginia,Morgan,1950,3017
54067,West Virginia,Nicholas,1950,11805
54069,West Virginia,Ohio,1950,19768
54071,West Virginia,Pendleton,1950,3585
54073,West Virginia,Pleasants,1950,2296
54075,West Virginia,Pocahontas,1950,4697
54077,West Virginia,Preston,1950,12212
54079,West Virginia,Putnam,1950,8556
54081,West Virginia,Raleigh,1950,39773
54083,West Virginia,Randolph,1950,11724
54085,West Virginia,Ritchie,1950,4285
54087,West Virginia,Roane,1950,6647
54089,West Virginia,Summers,1950,7044
54091,West Virginia,Taylor,1950,6522
54093,West Virginia,Tucker,1950,4188
54095,West Virginia,Tyler,1950,3514
54097,West Virginia,Upshur,1950,6814
54099,West Virginia,Wayne,1950,16171
54101,West Virginia,Webster,1950,8022
54103,West Virginia,Wetzel,1950,7373
54105,West Virginia,Wirt,1950,1923
54107,West Virginia,Wood,1950,21417
54109,West Virginia,Wyoming,1950,16902
55001,Wisconsin,Adams,1950,2638
55003,Wisconsin,Ashland,1950,6696
55005,Wisconsin,Barron,1950,12077
55007,Wisconsin,Bayfield,1950,4739
55009,Wisconsin,Brown,1950,33307
55011,Wisconsin,Buffalo,1950,5216
55013,Wisconsin,Burnett,1950,3504
55015,Wisconsin,Calumet,1950,6625
55017,Wisconsin,Chippewa,1950,15683
55019,Wisconsin,Clark,1950,11618
55021,Wisconsin,Columbia,1950,10668
55023,Wisconsin,Crawford,1950,6521
55025,Wisconsin,Dane,1950,47019
55027,Wisconsin,Dodge,1950,17868
55029,Wisconsin,Door,1950,7141
55031,Wisconsin,Douglas,1950,14595
55033,Wisconsin,Dunn,1950,9217
55035,Wisconsin,Eau Claire,1950,17585
55037,Wisconsin,Florence,1950,1344
55039,Wisconsin,Fond du Lac,1950,20703
55041,Wisconsin,Forest,1950,3753
55043,Wisconsin,Grant,1950,14037
55045,Wisconsin,Green,1950,7539
55047,Wisconsin,Green Lake,1950,4378
55049,Wisconsin,Iowa,1950,6603
55051,Wisconsin,Iron,1950,2923
55053,Wisconsin,Jackson,1950,5662
55055,Wisconsin,Jefferson,1950,12720
55057,Wisconsin,Juneau,1950,6744
55059,Wisconsin,Kenosha,1950,22255
55061,Wisconsin,Kewaunee,1950,5955
55063,Wisconsin,La Crosse,1950,21363
55065,Wisconsin,Lafayette,1950,6229
55067,Wisconsin,Langlade,1950,8220
55069,Wisconsin,Lincoln,1950,7443
55071,Wisconsin,Manitowoc,1950,21656
55073,Wisconsin,Marathon,1950,28189
55075,Wisconsin,Marinette,1950,12286
55077,Wisconsin,Marquette,1950,2639
55079,Wisconsin,Milwaukee,1950,236383
55081,Wisconsin,Monroe,1950,10982
55083,Wisconsin,Oconto,1950,9640
55085,Wisconsin,Oneida,1950,7031
55087,Wisconsin,Outagamie,1950,28544
55089,Wisconsin,Ozaukee,1950,7558
55091,Wisconsin,Pepin,1950,2750
55093,Wisconsin,Pierce,1950,7075
55095,Wisconsin,Polk,1950,8635
55097,Wisconsin,Portage,1950,12038
55099,Wisconsin,Price,1950,5612
55101,Wisconsin,Racine,1950,32553
55103,Wisconsin,Richland,1950,6779
55105,Wisconsin,Rock,1950,28397
55107,Wisconsin,Rusk,1950,6273
55109,Wisconsin,St Croix,1950,8745
55111,Wisconsin,Sauk,1950,12907
55113,Wisconsin,Sawyer,1950,3590
55115,Wisconsin,Shawano,1950,12757
55117,Wisconsin,Sheboygan,1950,24198
55119,Wisconsin,Taylor,1950,7156
55121,Wisconsin,Trempealeau,1950,7746
55123,Wisconsin,Vernon,1950,9447
55125,Wisconsin,Vilas,1950,3056
55127,Wisconsin,Walworth,1950,12375
55129,Wisconsin,Washburn,1950,4097
55131,Wisconsin,Washington,1950,11056
55133,Wisconsin,Waukesha,1950,27989
55135,Wisconsin,Waupaca,1950,11067
55137,Wisconsin,Waushara,1950,4402
55139,Wisconsin,Winnebago,1950,27314
55141,Wisconsin,Wood,1950,17904
56001,Wyoming,Albany,1950,5360
56003,Wyoming,Big Horn,1950,5251
56005,Wyoming,Campbell,1950,1631
56007,Wyoming,Carbon,1950,5142
56009,Wyoming,Converse,1950,2019
56011,Wyoming,Crook,1950,1679
56013,Wyoming,Fremont,1950,7058
56015,Wyoming,Goshen,1950,4750
56017,Wyoming,Hot Springs,1950,1911
56019,Wyoming,Johnson,1950,1560
56021,Wyoming,Laramie,1950,14240
56023,Wyoming,Lincoln,1950,3660
56025,Wyoming,Natrona,1950,9703
56027,Wyoming,Niobrara,1950,1611
56029,Wyoming,Park,1950,5553
56031,Wyoming,Platte,1950,2766
56033,Wyoming,Sheridan,1950,6192
56035,Wyoming,Sublette,1950,824
56037,Wyoming,Sweetwater,1950,7700
56039,Wyoming,Teton,1950,910
56041,Wyoming,Uinta,1950,2429
56043,Wyoming,Washakie,1950,2771
56045,Wyoming,Weston,1950,2341
56047,Wyoming,Yellowstone National Park,1950,98
01001,Alabama,Autauga,1960,8029
01003,Alabama,Baldwin,1960,20408
01005,Alabama,Barbour,1960,10637
01007,Alabama,Bibb,1960,5939
01009,Alabama,Blount,1960,9592
01011,Alabama,Bullock,1960,6092
01013,Alabama,Butler,1960,10383
01015,Alabama,Calhoun,1960,36824
01017,Alabama,Chambers,1960,14495
01019,Alabama,Cherokee,1960,6295
01021,Alabama,Chilton,1960,9833
01023,Alabama,Choctaw,1960,7894
01025,Alabama,Clarke,1960,10950
01027,Alabama,Clay,1960,4491
01029,Alabama,Cleburne,1960,4149
01031,Alabama,Coffee,1960,12131
01033,Alabama,Colbert,1960,18446
01035,Alabama,Conecuh,1960,7515
01037,Alabama,Coosa,1960,4276
01039,Alabama,Covington,1960,12994
01041,Alabama,Crenshaw,1960,5792
01043,Alabama,Cullman,1960,17327
01045,Alabama,Dale,1960,11906
01047,Alabama,Dallas,1960,24821
01049,Alabama,DeKalb,1960,15448
01051,Alabama,Elmore,1960,11842
01053,Alabama,Escambia,1960,13731
01055,Alabama,Etowah,1960,37158
01057,Alabama,Fayette,1960,5935
01059,Alabama,Franklin,1960,8085
01061,Alabama,Geneva,1960,8454
01063,Alabama,Greene,1960,6366
01065,Alabama,Hale,1960,9087
01067,Alabama,Henry,1960,6335
01069,Alabama,Houston,1960,19919
01071,Alabama,Jackson,1960,14712
01073,Alabama,Jefferson,1960,238585
01075,Alabama,Lamar,1960,5186
01077,Alabama,Lauderdale,1960,23771
01079,Alabama,Lawrence,1960,10416
01081,Alabama,Lee,1960,18269
01083,Alabama,Limestone,1960,15068
01085,Alabama,Lowndes,1960,7670
01087,Alabama,Macon,1960,10187
01089,Alabama,Madison,1960,46698
01091,Alabama,Marengo,1960,12105
01093,Alabama,Marion,1960,7930
01095,Alabama,Marshall,1960,18363
01097,Alabama,Mobile,1960,129866
01099,Alabama,Monroe,1960,9863
01101,Alabama,Montgomery,1960,65632
01103,Alabama,Morgan,1960,23104
01105,Alabama,Perry,1960,7622
01107,Alabama,Pickens,1960,9208
01109,Alabama,Pike,1960,10085
01111,Alabama,Randolph,1960,7102
01113,Alabama,Russell,1960,20019
01115,Alabama,St Clair,1960,10000
01117,Alabama,Shelby,1960,12588
01119,Alabama,Sumter,1960,9112
01121,Alabama,Talladega,1960,27530
01123,Alabama,Tallapoosa,1960,13329
01125,Alabama,Tuscaloosa,1960,39493
01127,Alabama,Walker,1960,20986
01129,Alabama,Washington,1960,7130
01131,Alabama,Wilcox,1960,9176
01133,Alabama,Winston,1960,5633
02010,Alaska,Aleutian Islands - Elec District 14,1960,1735
02020,Alaska,Anchorage - Elec District 10,1960,31695
02040,Alaska,Barrow - Elec District 21,1960,939
02050,Alaska,Bethel - Elec District 16,1960,2886
02060,Alaska,Bristol Bay - Elec District 15,1960,1783
02080,Alaska,Cordova-McCarthy - Elec District 07,1960,642
02090,Alaska,Fairbanks Northstar - Elec District 19,1960,15823
02110,Alaska,Juneau - Elec District 05,1960,3804
02120,Alaska,Kenai-Cook Inlet - Elec District 12,1960,2561
02130,Alaska,Ketchikan - Elec District 02,1960,4051
02140,Alaska,Kobuk - Elec District 22,1960,1836
02150,Alaska,Kodiak - Elec District 13,1960,2598
02160,Alaska,Kuskokwim - Elec District 17,1960,1102
02164,Alaska,Lynn Canal-Icy Straits - Elec District 06,1960,1258
02180,Alaska,Nome - Elec District 23,1960,2904
02190,Alaska,Palmer-Wasilla-Talkeetna - Elec District 09,1960,2287
02200,Alaska,Prince Of Wales - Elec District 01,1960,620
02201,Alaska,Seward - Elec District 11,1960,1133
02220,Alaska,Sitka - Elec District 04,1960,2621
02250,Alaska,Upper Yukon - Elec District 20,1960,732
02260,Alaska,Valdez-Chitina-Whittier - Elec District 08,1960,1021
02270,Alaska,Wade Hapton - Elec District 24,1960,1686
02280,Alaska,Wrangell-Petersburg - Elec District 03,1960,1783
02290,Alaska,Yukon-Koyukuk - Elec District 18,1960,1396
04001,Arizona,Apache,1960,15847
04003,Arizona,Cochise,1960,21713
04005,Arizona,Coconino,1960,18550
04007,Arizona,Gila,1960,10721
04009,Arizona,Graham,1960,6211
04011,Arizona,Greenlee,1960,5212
04013,Arizona,Maricopa,1960,257454
04015,Arizona,Mohave,1960,2905
04017,Arizona,Navajo,1960,18723
04019,Arizona,Pima,1960,99667
04021,Arizona,Pinal,1960,27965
04023,Arizona,Santa Cruz,1960,4445
04025,Arizona,Yavapai,1960,9881
04027,Arizona,Yuma,1960,18135
05001,Arkansas,Arkansas,1960,9190
05003,Arkansas,Ashley,1960,10081
05005,Arkansas,Baxter,1960,3078
05007,Arkansas,Benton,1960,11601
05009,Arkansas,Boone,1960,5185
05011,Arkansas,Bradley,1960,5306
05013,Arkansas,Calhoun,1960,2227
05015,Arkansas,Carroll,1960,3373
05017,Arkansas,Chicot,1960,7937
05019,Arkansas,Clark,1960,7170
05021,Arkansas,Clay,1960,7816
05023,Arkansas,Cleburne,1960,3059
05025,Arkansas,Cleveland,1960,2595
05027,Arkansas,Columbia,1960,9599
05029,Arkansas,Conway,1960,5872
05031,Arkansas,Craighead,1960,17574
05033,Arkansas,Crawford,1960,7650
05035,Arkansas,Crittenden,1960,22285
05037,Arkansas,Cross,1960,8474
05039,Arkansas,Dallas,1960,4002
05041,Arkansas,Desha,1960,9109
05043,Arkansas,Drew,1960,5774
05045,Arkansas,Faulkner,1960,8250
05047,Arkansas,Franklin,1960,3459
05049,Arkansas,Fulton,1960,2190
05051,Arkansas,Garland,1960,14535
05053,Arkansas,Grant,1960,2967
05055,Arkansas,Greene,1960,9308
05057,Arkansas,Hempstead,1960,6934
05059,Arkansas,Hot Spring,1960,8278
05061,Arkansas,Howard,1960,3652
05063,Arkansas,Independence,1960,6604
05065,Arkansas,Izard,1960,2147
05067,Arkansas,Jackson,1960,9132
05069,Arkansas,Jefferson,1960,33017
05071,Arkansas,Johnson,1960,4031
05073,Arkansas,Lafayette,1960,4353
05075,Arkansas,Lawrence,1960,6395
05077,Arkansas,Lee,1960,9711
05079,Arkansas,Lincoln,1960,5614
05081,Arkansas,Little River,1960,3545
05083,Arkansas,Logan,1960,4959
05085,Arkansas,Lonoke,1960,9981
05087,Arkansas,Madison,1960,3164
05089,Arkansas,Marion,1960,1920
05091,Arkansas,Miller,1960,11908
05093,Arkansas,Mississippi,1960,30601
05095,Arkansas,Monroe,1960,7667
05097,Arkansas,Montgomery,1960,1793
05099,Arkansas,Nevada,1960,3725
05101,Arkansas,Newton,1960,2316
05103,Arkansas,Ouachita,1960,12440
05105,Arkansas,Perry,1960,1787
05107,Arkansas,Phillips,1960,19634
05109,Arkansas,Pike,1960,2627
05111,Arkansas,Poinsett,1960,13372
05113,Arkansas,Polk,1960,3900
05115,Arkansas,Pope,1960,6949
05117,Arkansas,Prairie,1960,4020
05119,Arkansas,Pulaski,1960,86625
05121,Arkansas,Randolph,1960,4582
05123,Arkansas,St Francis,1960,15591
05125,Arkansas,Saline,1960,9701
05127,Arkansas,Scott,1960,2404
05129,Arkansas,Searcy,1960,2929
05131,Arkansas,Sebastian,1960,23466
05133,Arkansas,Sevier,1960,3406
05135,Arkansas,Sharp,1960,2034
05137,Arkansas,Stone,1960,2325
05139,Arkansas,Union,1960,18562
05141,Arkansas,Van Buren,1960,2397
05143,Arkansas,Washington,1960,17928
05145,Arkansas,White,1960,11157
05147,Arkansas,Woodruff,1960,5950
05149,Arkansas,Yell,1960,3924
06001,California,Alameda,1960,300904
06003,California,Alpine,1960,159
06005,California,Amador,1960,3575
06007,California,Butte,1960,27430
06009,California,Calaveras,1960,3298
06011,California,Colusa,1960,4403
06013,California,Contra Costa,1960,163948
06015,California,Del Norte,1960,7153
06017,California,El Dorado,1960,10285
06019,California,Fresno,1960,142597
06021,California,Glenn,1960,6296
06023,California,Humboldt,1960,40593
06025,California,Imperial,1960,28075
06027,California,Inyo,1960,4022
06029,California,Kern,1960,116597
06031,California,Kings,1960,20415
06033,California,Lake,1960,3863
06035,California,Lassen,1960,4986
06037,California,Los Angeles,1960,2000709
06039,California,Madera,1960,16221
06041,California,Marin,1960,50874
06043,California,Mariposa,1960,1381
06045,California,Mendocino,1960,18592
06047,California,Merced,1960,36564
06049,California,Modoc,1960,3102
06051,California,Mono,1960,661
06053,California,Monterey,1960,68042
06055,California,Napa,1960,20365
06057,California,Nevada,1960,6581
06059,California,Orange,1960,280492
06061,California,Placer,1960,19017
06063,California,Plumas,1960,4145
06065,California,Riverside,1960,108903
06067,California,Sacramento,1960,188234
06069,California,San Benito,1960,5786
06071,California,San Bernardino,1960,186879
06073,California,San Diego,1960,359660
06075,California,San Francisco,1960,181147
06077,California,San Joaquin,1960,88161
06079,California,San Luis Obispo,1960,26575
06081,California,San Mateo,1960,161426
06083,California,Santa Barbara,1960,57823
06085,California,Santa Clara,1960,244769
06087,California,Santa Cruz,1960,25244
06089,California,Shasta,1960,22437
06091,California,Sierra,1960,751
06093,California,Siskiyou,1960,11563
06095,California,Solano,1960,49298
06097,California,Sonoma,1960,51206
06099,California,Stanislaus,1960,57345
06101,California,Sutter,1960,12781
06103,California,Tehama,1960,9319
06105,California,Trinity,1960,3590
06107,California,Tulare,1960,65902
06109,California,Tuolumne,1960,4538
06111,California,Ventura,1960,73791
06113,California,Yolo,1960,24140
06115,California,Yuba,1960,12874
08001,Colorado,Adams,1960,55051
08003,Colorado,Alamosa,1960,3885
08005,Colorado,Arapahoe,1960,46952
08007,Colorado,Archuleta,1960,1108
08009,Colorado,Baca,1960,2429
08011,Colorado,Bent,1960,2709
08013,Colorado,Boulder,1960,24441
08015,Colorado,Chaffee,1960,2932
08017,Colorado,Cheyenne,1960,1150
08019,Colorado,Clear Creek,1960,877
08021,Colorado,Conejos,1960,4002
08023,Colorado,Costilla,1960,1982
08025,Colorado,Crowley,1960,1533
08027,Colorado,Custer,1960,432
08029,Colorado,Delta,1960,5364
08031,Colorado,Denver,1960,161654
08033,Colorado,Dolores,1960,938
08035,Colorado,Douglas,1960,1799
08037,Colorado,Eagle,1960,1943
08039,Colorado,Elbert,1960,1290
08041,Colorado,El Paso,1960,52591
08043,Colorado,Fremont,1960,6260
08045,Colorado,Garfield,1960,4272
08047,Colorado,Gilpin,1960,189
08049,Colorado,Grand,1960,1336
08051,Colorado,Gunnison,1960,1798
08053,Colorado,Hinsdale,1960,60
08055,Colorado,Huerfano,1960,2998
08057,Colorado,Jackson,1960,641
08059,Colorado,Jefferson,1960,50178
08061,Colorado,Kiowa,1960,940
08063,Colorado,Kit Carson,1960,2660
08065,Colorado,Lake,1960,2968
08067,Colorado,La Plata,1960,7783
08069,Colorado,Larimer,1960,17217
08071,Colorado,Las Animas,1960,7714
08073,Colorado,Lincoln,1960,1939
08075,Colorado,Logan,1960,8163
08077,Colorado,Mesa,1960,19161
08079,Colorado,Mineral,1960,143
08081,Colorado,Moffat,1960,2767
08083,Colorado,Montezuma,1960,5957
08085,Colorado,Montrose,1960,7353
08087,Colorado,Morgan,1960,8600
08089,Colorado,Otero,1960,9646
08091,Colorado,Ouray,1960,574
08093,Colorado,Park,1960,586
08095,Colorado,Phillips,1960,1567
08097,Colorado,Pitkin,1960,798
08099,Colorado,Prowers,1960,5269
08101,Colorado,Pueblo,1960,45834
08103,Colorado,Rio Blanco,1960,2079
08105,Colorado,Rio Grande,1960,4832
08107,Colorado,Routt,1960,2155
08109,Colorado,Saguache,1960,1951
08111,Colorado,San Juan,1960,347
08113,Colorado,San Miguel,1960,1167
08115,Colorado,Sedgwick,1960,1636
08117,Colorado,Summit,1960,804
08119,Colorado,Teller,1960,814
08121,Colorado,Washington,1960,2577
08123,Colorado,Weld,1960,27218
08125,Colorado,Yuma,1960,3126
09001,Connecticut,Fairfield,1960,220552
09003,Connecticut,Hartford,1960,235767
09005,Connecticut,Litchfield,1960,41529
09007,Connecticut,Middlesex,1960,29640
09009,Connecticut,New Haven,1960,221197
09011,Connecticut,New London,1960,64356
09013,Connecticut,Tolland,1960,24072
09015,Connecticut,Windham,1960,23402
10001,Delaware,Kent,1960,24069
10003,Delaware,New Castle,1960,112076
10005,Delaware,Sussex,1960,26894
11001,District Of Columbia,District Of Columbia,1960,219635
12001,Florida,Alachua,1960,26089
12003,Florida,Baker,1960,3064
12005,Florida,Bay,1960,26916
12007,Florida,Bradford,1960,5034
12009,Florida,Brevard,1960,42971
12011,Florida,Broward,1960,108373
12013,Florida,Calhoun,1960,3100
12015,Florida,Charlotte,1960,3207
12017,Florida,Citrus,1960,3006
12019,Florida,Clay,1960,7713
12021,Florida,Collier,1960,5681
12023,Florida,Columbia,1960,8106
12025,Florida,Dade,1960,292449
12027,Florida,DeSoto,1960,3614
12029,Florida,Dixie,1960,1792
12031,Florida,Duval,1960,173109
12033,Florida,Escambia,1960,70649
12035,Florida,Flagler,1960,1785
12037,Florida,Franklin,1960,2391
12039,Florida,Gadsden,1960,16392
12041,Florida,Gilchrist,1960,1105
12043,Florida,Glades,1960,1052
12045,Florida,Gulf,1960,4197
12047,Florida,Hamilton,1960,3280
12049,Florida,Hardee,1960,4587
12051,Florida,Hendry,1960,3207
12053,Florida,Hernando,1960,4016
12055,Florida,Highlands,1960,7378
12057,Florida,Hillsborough,1960,138923
12059,Florida,Holmes,1960,4038
12061,Florida,Indian River,1960,8772
12063,Florida,Jackson,1960,14895
12065,Florida,Jefferson,1960,4206
12067,Florida,Lafayette,1960,1097
12069,Florida,Lake,1960,18641
12071,Florida,Lee,1960,17856
12073,Florida,Leon,1960,26627
12075,Florida,Levy,1960,3970
12077,Florida,Liberty,1960,1270
12079,Florida,Madison,1960,6122
12081,Florida,Manatee,1960,19739
12083,Florida,Marion,1960,19515
12085,Florida,Martin,1960,5365
12087,Florida,Monroe,1960,15370
12089,Florida,Nassau,1960,7413
12091,Florida,Okaloosa,1960,25631
12093,Florida,Okeechobee,1960,2788
12095,Florida,Orange,1960,94515
12097,Florida,Osceola,1960,5684
12099,Florida,Palm Beach,1960,72344
12101,Florida,Pasco,1960,10922
12103,Florida,Pinellas,1960,92440
12105,Florida,Polk,1960,70819
12107,Florida,Putnam,1960,12885
12109,Florida,St Johns,1960,10866
12111,Florida,St Lucie,1960,14268
12113,Florida,Santa Rosa,1960,11600
12115,Florida,Sarasota,1960,21276
12117,Florida,Seminole,1960,21346
12119,Florida,Sumter,1960,4506
12121,Florida,Suwannee,1960,5885
12123,Florida,Taylor,1960,5544
12125,Florida,Union,1960,1826
12127,Florida,Volusia,1960,35422
12129,Florida,Wakulla,1960,2168
12131,Florida,Walton,1960,5999
12133,Florida,Washington,1960,4458
13001,Georgia,Appling,1960,5983
13003,Georgia,Atkinson,1960,2890
13005,Georgia,Bacon,1960,3620
13007,Georgia,Baker,1960,2119
13009,Georgia,Baldwin,1960,8720
13011,Georgia,Banks,1960,2434
13013,Georgia,Barrow,1960,5288
13015,Georgia,Bartow,1960,10932
13017,Georgia,Ben Hill,1960,5266
13019,Georgia,Berrien,1960,4895
13021,Georgia,Bibb,1960,54008
13023,Georgia,Bleckley,1960,3734
13025,Georgia,Brantley,1960,2653
13027,Georgia,Brooks,1960,6522
13029,Georgia,Bryan,1960,2826
13031,Georgia,Bulloch,1960,9825
13033,Georgia,Burke,1960,9638
13035,Georgia,Butts,1960,3682
13037,Georgia,Calhoun,1960,3294
13039,Georgia,Camden,1960,4469
13043,Georgia,Candler,1960,2758
13045,Georgia,Carroll,1960,13622
13047,Georgia,Catoosa,1960,8559
13049,Georgia,Charlton,1960,2426
13051,Georgia,Chatham,1960,72618
13053,Georgia,Chattahoochee,1960,3120
13055,Georgia,Chattooga,1960,7469
13057,Georgia,Cherokee,1960,8520
13059,Georgia,Clarke,1960,14728
13061,Georgia,Clay,1960,1980
13063,Georgia,Clayton,1960,19913
13065,Georgia,Clinch,1960,2916
13067,Georgia,Cobb,1960,46315
13069,Georgia,Coffee,1960,9294
13071,Georgia,Colquitt,1960,13985
13073,Georgia,Columbia,1960,5963
13075,Georgia,Cook,1960,4854
13077,Georgia,Coweta,1960,11423
13079,Georgia,Crawford,1960,2609
13081,Georgia,Crisp,1960,7459
13083,Georgia,Dade,1960,3793
13085,Georgia,Dawson,1960,1441
13087,Georgia,Decatur,1960,10619
13089,Georgia,DeKalb,1960,96208
13091,Georgia,Dodge,1960,6763
13093,Georgia,Dooly,1960,5027
13095,Georgia,Dougherty,1960,31620
13097,Georgia,Douglas,1960,6878
13099,Georgia,Early,1960,5861
13101,Georgia,Echols,1960,798
13103,Georgia,Effingham,1960,4380
13105,Georgia,Elbert,1960,6956
13107,Georgia,Emanuel,1960,7183
13109,Georgia,Evans,1960,2906
13111,Georgia,Fannin,1960,5478
13113,Georgia,Fayette,1960,3424
13115,Georgia,Floyd,1960,24951
13117,Georgia,Forsyth,1960,4838
13119,Georgia,Franklin,1960,4887
13121,Georgia,Fulton,1960,191385
13123,Georgia,Gilmer,1960,3484
13125,Georgia,Glascock,1960,1040
13127,Georgia,Glynn,1960,16442
13129,Georgia,Gordon,1960,7118
13131,Georgia,Grady,1960,7446
13133,Georgia,Greene,1960,4630
13135,Georgia,Gwinnett,1960,17401
13137,Georgia,Habersham,1960,6922
13139,Georgia,Hall,1960,19224
13141,Georgia,Hancock,1960,4676
13143,Georgia,Haralson,1960,5330
13145,Georgia,Harris,1960,4755
13147,Georgia,Hart,1960,6015
13149,Georgia,Heard,1960,2082
13151,Georgia,Henry,1960,7651
13153,Georgia,Houston,1960,17184
13155,Georgia,Irwin,1960,3850
13157,Georgia,Jackson,1960,6962
13159,Georgia,Jasper,1960,2505
13161,Georgia,Jeff Davis,1960,3889
13163,Georgia,Jefferson,1960,7751
13165,Georgia,Jenkins,1960,3953
13167,Georgia,Johnson,1960,3332
13169,Georgia,Jones,1960,3628
13171,Georgia,Lamar,1960,4044
13173,Georgia,Lanier,1960,2183
13175,Georgia,Laurens,1960,12851
13177,Georgia,Lee,1960,2982
13179,Georgia,Liberty,1960,6001
13181,Georgia,Lincoln,1960,2596
13183,Georgia,Long,1960,1712
13185,Georgia,Lowndes,1960,20065
13187,Georgia,Lumpkin,1960,2662
13189,Georgia,McDuffie,1960,5262
13191,Georgia,McIntosh,1960,2898
13193,Georgia,Macon,1960,5922
13195,Georgia,Madison,1960,4295
13197,Georgia,Marion,1960,2515
13199,Georgia,Meriwether,1960,8219
13201,Georgia,Miller,1960,2867
13205,Georgia,Mitchell,1960,8626
13207,Georgia,Monroe,1960,4236
13209,Georgia,Montgomery,1960,2476
13211,Georgia,Morgan,1960,4396
13213,Georgia,Murray,1960,4187
13215,Georgia,Muscogee,1960,61412
13217,Georgia,Newton,1960,8187
13219,Georgia,Oconee,1960,2395
13221,Georgia,Oglethorpe,1960,3253
13223,Georgia,Paulding,1960,5145
13225,Georgia,Peach,1960,5634
13227,Georgia,Pickens,1960,3388
13229,Georgia,Pierce,1960,4111
13231,Georgia,Pike,1960,2911
13233,Georgia,Polk,1960,10508
13235,Georgia,Pulaski,1960,3343
13237,Georgia,Putnam,1960,3297
13239,Georgia,Quitman,1960,1144
13241,Georgia,Rabun,1960,3021
13243,Georgia,Randolph,1960,4537
13245,Georgia,Richmond,1960,49501
13247,Georgia,Rockdale,1960,4352
13249,Georgia,Schley,1960,1392
13251,Georgia,Screven,1960,6633
13253,Georgia,Seminole,1960,2899
13255,Georgia,Spalding,1960,13495
13257,Georgia,Stephens,1960,7061
13259,Georgia,Stewart,1960,3225
13261,Georgia,Sumter,1960,10212
13263,Georgia,Talbot,1960,3183
13265,Georgia,Taliaferro,1960,1380
13267,Georgia,Tattnall,1960,5325
13269,Georgia,Taylor,1960,3540
13271,Georgia,Telfair,1960,4690
13273,Georgia,Terrell,1960,5647
13275,Georgia,Thomas,1960,13496
13277,Georgia,Tift,1960,9763
13279,Georgia,Toombs,1960,6880
13281,Georgia,Towns,1960,1595
13283,Georgia,Treutlen,1960,2433
13285,Georgia,Troup,1960,18033
13287,Georgia,Turner,1960,3482
13289,Georgia,Twiggs,1960,3711
13291,Georgia,Union,1960,2552
13293,Georgia,Upson,1960,9026
13295,Georgia,Walker,1960,17365
13297,Georgia,Walton,1960,8013
13299,Georgia,Ware,1960,13785
13301,Georgia,Warren,1960,3225
13303,Georgia,Washington,1960,8079
13305,Georgia,Wayne,1960,7839
13307,Georgia,Webster,1960,1497
13309,Georgia,Wheeler,1960,2282
13311,Georgia,White,1960,2719
13313,Georgia,Whitfield,1960,16587
13315,Georgia,Wilcox,1960,3314
13317,Georgia,Wilkes,1960,4239
13319,Georgia,Wilkinson,1960,3836
13321,Georgia,Worth,1960,7582
15001,Hawaii,Hawaii,1960,25274
15003,Hawaii,Honolulu,1960,196844
15005,Hawaii,Kalawao,1960,0
15007,Hawaii,Kauai,1960,11252
15009,Hawaii,Maui,1960,17543
16001,Idaho,Ada,1960,35747
16003,Idaho,Adams,1960,1103
16005,Idaho,Bannock,1960,20600
16007,Idaho,Bear Lake,1960,3104
16009,Idaho,Benewah,1960,2166
16011,Idaho,Bingham,1960,12937
16013,Idaho,Blaine,1960,1644
16015,Idaho,Boise,1960,630
16017,Idaho,Bonner,1960,5929
16019,Idaho,Bonneville,1960,21149
16021,Idaho,Boundary,1960,2296
16023,Idaho,Butte,1960,1554
16025,Idaho,Camas,1960,358
16027,Idaho,Canyon,1960,21681
16029,Idaho,Caribou,1960,2728
16031,Idaho,Cassia,1960,7144
16033,Idaho,Clark,1960,385
16035,Idaho,Clearwater,1960,3157
16037,Idaho,Custer,1960,1215
16039,Idaho,Elmore,1960,6665
16041,Idaho,Franklin,1960,3827
16043,Idaho,Fremont,1960,3879
16045,Idaho,Gem,1960,3476
16047,Idaho,Gooding,1960,3734
16049,Idaho,Idaho,1960,5486
16051,Idaho,Jefferson,1960,5516
16053,Idaho,Jerome,1960,4999
16055,Idaho,Kootenai,1960,10901
16057,Idaho,Latah,1960,6617
16059,Idaho,Lemhi,1960,2271
16061,Idaho,Lewis,1960,1688
16063,Idaho,Lincoln,1960,1508
16065,Idaho,Madison,1960,4036
16067,Idaho,Minidoka,1960,6586
16069,Idaho,Nez Perce,1960,10261
16071,Idaho,Oneida,1960,1508
16073,Idaho,Owyhee,1960,2537
16075,Idaho,Payette,1960,4659
16077,Idaho,Power,1960,1783
16079,Idaho,Shoshone,1960,8251
16081,Idaho,Teton,1960,1281
16083,Idaho,Twin Falls,1960,16396
16085,Idaho,Valley,1960,1430
16087,Idaho,Washington,1960,3062
17001,Illinois,Adams,1960,22502
17003,Illinois,Alexander,1960,5535
17005,Illinois,Bond,1960,4575
17007,Illinois,Boone,1960,7534
17009,Illinois,Brown,1960,2010
17011,Illinois,Bureau,1960,12809
17013,Illinois,Calhoun,1960,1935
17015,Illinois,Carroll,1960,6733
17017,Illinois,Cass,1960,4821
17019,Illinois,Champaign,1960,42690
17021,Illinois,Christian,1960,12912
17023,Illinois,Clark,1960,5369
17025,Illinois,Clay,1960,5332
17027,Illinois,Clinton,1960,9078
17029,Illinois,Coles,1960,14011
17031,Illinois,Cook,1960,1691859
17033,Illinois,Crawford,1960,6663
17035,Illinois,Cumberland,1960,3466
17037,Illinois,DeKalb,1960,17507
17039,Illinois,De Witt,1960,5832
17041,Illinois,Douglas,1960,7138
17043,Illinois,Dupage,1960,125889
17045,Illinois,Edgar,1960,7456
17047,Illinois,Edwards,1960,2539
17049,Illinois,Effingham,1960,8715
17051,Illinois,Fayette,1960,7026
17053,Illinois,Ford,1960,5984
17055,Illinois,Franklin,1960,11575
17057,Illinois,Fulton,1960,13637
17059,Illinois,Gallatin,1960,2683
17061,Illinois,Greene,1960,5849
17063,Illinois,Grundy,1960,8145
17065,Illinois,Hamilton,1960,3082
17067,Illinois,Hancock,1960,8117
17069,Illinois,Hardin,1960,2079
17071,Illinois,Henderson,1960,3020
17073,Illinois,Henry,1960,17278
17075,Illinois,Iroquois,1960,11996
17077,Illinois,Jackson,1960,12609
17079,Illinois,Jasper,1960,4012
17081,Illinois,Jefferson,1960,10760
17083,Illinois,Jersey,1960,6188
17085,Illinois,Jo Daviess,1960,8147
17087,Illinois,Johnson,1960,2221
17089,Illinois,Kane,1960,74789
17091,Illinois,Kankakee,1960,30219
17093,Illinois,Kendall,1960,6744
17095,Illinois,Knox,1960,20053
17097,Illinois,Lake,1960,110142
17099,Illinois,La Salle,1960,38793
17101,Illinois,Lawrence,1960,6142
17103,Illinois,Lee,1960,13596
17105,Illinois,Livingston,1960,13972
17107,Illinois,Logan,1960,10607
17109,Illinois,McDonough,1960,9042
17111,Illinois,McHenry,1960,32555
17113,Illinois,McLean,1960,28032
17115,Illinois,Macon,1960,42285
17117,Illinois,Macoupin,1960,13960
17119,Illinois,Madison,1960,81797
17121,Illinois,Marion,1960,13148
17123,Illinois,Marshall,1960,4738
17125,Illinois,Mason,1960,4995
17127,Illinois,Massac,1960,4844
17129,Illinois,Menard,1960,3080
17131,Illinois,Mercer,1960,6015
17133,Illinois,Monroe,1960,5332
17135,Illinois,Montgomery,1960,10313
17137,Illinois,Morgan,1960,10751
17139,Illinois,Moultrie,1960,4659
17141,Illinois,Ogle,1960,13935
17143,Illinois,Peoria,1960,64072
17145,Illinois,Perry,1960,6173
17147,Illinois,Piatt,1960,5472
17149,Illinois,Pike,1960,6712
17151,Illinois,Pope,1960,1248
17153,Illinois,Pulaski,1960,3821
17155,Illinois,Putnam,1960,1528
17157,Illinois,Randolph,1960,9159
17159,Illinois,Richland,1960,5646
17161,Illinois,Rock Island,1960,52296
17163,Illinois,St Clair,1960,99059
17165,Illinois,Saline,1960,7680
17167,Illinois,Sangamon,1960,49130
17169,Illinois,Schuyler,1960,2885
17171,Illinois,Scott,1960,2131
17173,Illinois,Shelby,1960,8090
17175,Illinois,Stark,1960,2884
17177,Illinois,Stephenson,1960,15926
17179,Illinois,Tazewell,1960,38143
17181,Illinois,Union,1960,4853
17183,Illinois,Vermilion,1960,33492
17185,Illinois,Wabash,1960,4837
17187,Illinois,Warren,1960,7240
17189,Illinois,Washington,1960,4097
17191,Illinois,Wayne,1960,6421
17193,Illinois,White,1960,6348
17195,Illinois,Whiteside,1960,23399
17197,Illinois,Will,1960,70254
17199,Illinois,Williamson,1960,14212
17201,Illinois,Winnebago,1960,78740
17203,Illinois,Woodford,1960,9169
18001,Indiana,Adams,1960,9768
18003,Indiana,Allen,1960,87041
18005,Indiana,Bartholomew,1960,18600
18007,Indiana,Benton,1960,4732
18009,Indiana,Blackford,1960,5300
18011,Indiana,Boone,1960,9945
18013,Indiana,Brown,1960,2683
18015,Indiana,Carroll,1960,6097
18017,Indiana,Cass,1960,13572
18019,Indiana,Clark,1960,25012
18021,Indiana,Clay,1960,7697
18023,Indiana,Clinton,1960,10809
18025,Indiana,Crawford,1960,2861
18027,Indiana,Daviess,1960,9839
18029,Indiana,Dearborn,1960,10728
18031,Indiana,Decatur,1960,7395
18033,Indiana,DeKalb,1960,10531
18035,Indiana,Delaware,1960,40019
18037,Indiana,Dubois,1960,11010
18039,Indiana,Elkhart,1960,40090
18041,Indiana,Fayette,1960,9133
18043,Indiana,Floyd,1960,19084
18045,Indiana,Fountain,1960,6472
18047,Indiana,Franklin,1960,6968
18049,Indiana,Fulton,1960,5885
18051,Indiana,Gibson,1960,10175
18053,Indiana,Grant,1960,27732
18055,Indiana,Greene,1960,8343
18057,Indiana,Hamilton,1960,15284
18059,Indiana,Hancock,1960,10162
18061,Indiana,Harrison,1960,7245
18063,Indiana,Hendricks,1960,16321
18065,Indiana,Henry,1960,17645
18067,Indiana,Howard,1960,26541
18069,Indiana,Huntington,1960,11933
18071,Indiana,Jackson,1960,11189
18073,Indiana,Jasper,1960,7149
18075,Indiana,Jay,1960,7835
18077,Indiana,Jefferson,1960,7998
18079,Indiana,Jennings,1960,6595
18081,Indiana,Johnson,1960,17100
18083,Indiana,Knox,1960,14211
18085,Indiana,Kosciusko,1960,14630
18087,Indiana,Lagrange,1960,7244
18089,Indiana,Lake,1960,202100
18091,Indiana,LaPorte,1960,33714
18093,Indiana,Lawrence,1960,13047
18095,Indiana,Madison,1960,44909
18097,Indiana,Marion,1960,249008
18099,Indiana,Marshall,1960,12277
18101,Indiana,Martin,1960,4335
18103,Indiana,Miami,1960,13764
18105,Indiana,Monroe,1960,18457
18107,Indiana,Montgomery,1960,10930
18109,Indiana,Morgan,1960,13587
18111,Indiana,Newton,1960,4330
18113,Indiana,Noble,1960,10502
18115,Indiana,Ohio,1960,1462
18117,Indiana,Orange,1960,5780
18119,Indiana,Owen,1960,3771
18121,Indiana,Parke,1960,4899
18123,Indiana,Perry,1960,6777
18125,Indiana,Pike,1960,3999
18127,Indiana,Porter,1960,23099
18129,Indiana,Posey,1960,6953
18131,Indiana,Pulaski,1960,4990
18133,Indiana,Putnam,1960,7820
18135,Indiana,Randolph,1960,9957
18137,Indiana,Ripley,1960,7684
18139,Indiana,Rush,1960,7648
18141,Indiana,St Joseph,1960,85603
18143,Indiana,Scott,1960,5845
18145,Indiana,Shelby,1960,12540
18147,Indiana,Spencer,1960,5760
18149,Indiana,Starke,1960,7060
18151,Indiana,Steuben,1960,5628
18153,Indiana,Sullivan,1960,6977
18155,Indiana,Switzerland,1960,2419
18157,Indiana,Tippecanoe,1960,29073
18159,Indiana,Tipton,1960,5810
18161,Indiana,Union,1960,2420
18163,Indiana,Vanderburgh,1960,58330
18165,Indiana,Vermillion,1960,5619
18167,Indiana,Vigo,1960,35132
18169,Indiana,Wabash,1960,11590
18171,Indiana,Warren,1960,3190
18173,Indiana,Warrick,1960,8924
18175,Indiana,Washington,1960,6560
18177,Indiana,Wayne,1960,25500
18179,Indiana,Wells,1960,7798
18181,Indiana,White,1960,7234
18183,Indiana,Whitley,1960,7950
19001,Iowa,Adair,1960,3644
19003,Iowa,Adams,1960,2582
19005,Iowa,Allamakee,1960,6179
19007,Iowa,Appanoose,1960,4821
19009,Iowa,Audubon,1960,4040
19011,Iowa,Benton,1960,8660
19013,Iowa,Black Hawk,1960,46812
19015,Iowa,Boone,1960,9339
19017,Iowa,Bremer,1960,7357
19019,Iowa,Buchanan,1960,8712
19021,Iowa,Buena Vista,1960,7556
19023,Iowa,Butler,1960,6249
19025,Iowa,Calhoun,1960,5730
19027,Iowa,Carroll,1960,9404
19029,Iowa,Cass,1960,5973
19031,Iowa,Cedar,1960,6465
19033,Iowa,Cerro Gordo,1960,18012
19035,Iowa,Cherokee,1960,6584
19037,Iowa,Chickasaw,1960,5731
19039,Iowa,Clarke,1960,2639
19041,Iowa,Clay,1960,6966
19043,Iowa,Clayton,1960,7946
19045,Iowa,Clinton,1960,19920
19047,Iowa,Crawford,1960,6860
19049,Iowa,Dallas,1960,8404
19051,Iowa,Davis,1960,3168
19053,Iowa,Decatur,1960,3201
19055,Iowa,Delaware,1960,7478
19057,Iowa,Des Moines,1960,15391
19059,Iowa,Dickinson,1960,4435
19061,Iowa,Dubuque,1960,30574
19063,Iowa,Emmet,1960,5790
19065,Iowa,Fayette,1960,10397
19067,Iowa,Floyd,1960,7598
19069,Iowa,Franklin,1960,5402
19071,Iowa,Fremont,1960,3416
19073,Iowa,Greene,1960,5059
19075,Iowa,Grundy,1960,4969
19077,Iowa,Guthrie,1960,4658
19079,Iowa,Hamilton,1960,7236
19081,Iowa,Hancock,1960,5530
19083,Iowa,Hardin,1960,7739
19085,Iowa,Harrison,1960,6439
19087,Iowa,Henry,1960,5622
19089,Iowa,Howard,1960,4677
19091,Iowa,Humboldt,1960,4951
19093,Iowa,Ida,1960,3625
19095,Iowa,Iowa,1960,5920
19097,Iowa,Jackson,1960,7875
19099,Iowa,Jasper,1960,12676
19101,Iowa,Jefferson,1960,5116
19103,Iowa,Johnson,1960,16765
19105,Iowa,Jones,1960,7609
19107,Iowa,Keokuk,1960,5365
19109,Iowa,Kossuth,1960,10154
19111,Iowa,Lee,1960,15386
19113,Iowa,Linn,1960,48539
19115,Iowa,Louisa,1960,3669
19117,Iowa,Lucas,1960,3394
19119,Iowa,Lyon,1960,5743
19121,Iowa,Madison,1960,4180
19123,Iowa,Mahaska,1960,7889
19125,Iowa,Marion,1960,8428
19127,Iowa,Marshall,1960,13088
19129,Iowa,Mills,1960,4572
19131,Iowa,Mitchell,1960,5416
19133,Iowa,Monona,1960,4934
19135,Iowa,Monroe,1960,3580
19137,Iowa,Montgomery,1960,4759
19139,Iowa,Muscatine,1960,11879
19141,Iowa,O Brien,1960,6953
19143,Iowa,Osceola,1960,3902
19145,Iowa,Page,1960,6333
19147,Iowa,Palo Alto,1960,5854
19149,Iowa,Plymouth,1960,9255
19151,Iowa,Pocahontas,1960,5423
19153,Iowa,Polk,1960,93419
19155,Iowa,Pottawattamie,1960,31781
19157,Iowa,Poweshiek,1960,6644
19159,Iowa,Ringgold,1960,2662
19161,Iowa,Sac,1960,6278
19163,Iowa,Scott,1960,43369
19165,Iowa,Shelby,1960,6278
19167,Iowa,Sioux,1960,10582
19169,Iowa,Story,1960,15448
19171,Iowa,Tama,1960,7648
19173,Iowa,Taylor,1960,3257
19175,Iowa,Union,1960,4451
19177,Iowa,Van Buren,1960,3178
19179,Iowa,Wapello,1960,16075
19181,Iowa,Warren,1960,7798
19183,Iowa,Washington,1960,7013
19185,Iowa,Wayne,1960,2920
19187,Iowa,Webster,1960,17758
19189,Iowa,Winnebago,1960,4576
19191,Iowa,Winneshiek,1960,7728
19193,Iowa,Woodbury,1960,38895
19195,Iowa,Worth,1960,3711
19197,Iowa,Wright,1960,7203
20001,Kansas,Allen,1960,5323
20003,Kansas,Anderson,1960,3041
20005,Kansas,Atchison,1960,6982
20007,Kansas,Barber,1960,3115
20009,Kansas,Barton,1960,12531
20011,Kansas,Bourbon,1960,4777
20013,Kansas,Brown,1960,4179
20015,Kansas,Butler,1960,14231
20017,Kansas,Chase,1960,1258
20019,Kansas,Chautauqua,1960,1728
20021,Kansas,Cherokee,1960,7357
20023,Kansas,Cheyenne,1960,1582
20025,Kansas,Clark,1960,1166
20027,Kansas,Clay,1960,3327
20029,Kansas,Cloud,1960,4764
20031,Kansas,Coffey,1960,2649
20033,Kansas,Comanche,1960,1104
20035,Kansas,Cowley,1960,12040
20037,Kansas,Crawford,1960,10458
20039,Kansas,Decatur,1960,1995
20041,Kansas,Dickinson,1960,7108
20043,Kansas,Doniphan,1960,3320
20045,Kansas,Douglas,1960,13026
20047,Kansas,Edwards,1960,1836
20049,Kansas,Elk,1960,1454
20051,Kansas,Ellis,1960,8011
20053,Kansas,Ellsworth,1960,2443
20055,Kansas,Finney,1960,6680
20057,Kansas,Ford,1960,7736
20059,Kansas,Franklin,1960,6241
20061,Kansas,Geary,1960,9757
20063,Kansas,Gove,1960,1679
20065,Kansas,Graham,1960,2238
20067,Kansas,Grant,1960,2283
20069,Kansas,Gray,1960,1647
20071,Kansas,Greeley,1960,845
20073,Kansas,Greenwood,1960,3539
20075,Kansas,Hamilton,1960,1239
20077,Kansas,Harper,1960,3139
20079,Kansas,Harvey,1960,9031
20081,Kansas,Haskell,1960,1260
20083,Kansas,Hodgeman,1960,1230
20085,Kansas,Jackson,1960,3338
20087,Kansas,Jefferson,1960,3921
20089,Kansas,Jewell,1960,2239
20091,Kansas,Johnson,1960,58239
20093,Kansas,Kearny,1960,1309
20095,Kansas,Kingman,1960,3666
20097,Kansas,Kiowa,1960,1588
20099,Kansas,Labette,1960,8844
20101,Kansas,Lane,1960,1196
20103,Kansas,Leavenworth,1960,15833
20105,Kansas,Lincoln,1960,1743
20107,Kansas,Linn,1960,2545
20109,Kansas,Logan,1960,1623
20111,Kansas,Lyon,1960,8071
20113,Kansas,McPherson,1960,8185
20115,Kansas,Marion,1960,5108
20117,Kansas,Marshall,1960,5063
20119,Kansas,Meade,1960,2095
20121,Kansas,Miami,1960,6437
20123,Kansas,Mitchell,1960,2984
20125,Kansas,Montgomery,1960,14811
20127,Kansas,Morris,1960,2400
20129,Kansas,Morton,1960,1415
20131,Kansas,Nemaha,1960,4765
20133,Kansas,Neosho,1960,6506
20135,Kansas,Ness,1960,1971
20137,Kansas,Norton,1960,2650
20139,Kansas,Osage,1960,4340
20141,Kansas,Osborne,1960,2450
20143,Kansas,Ottawa,1960,2091
20145,Kansas,Pawnee,1960,3069
20147,Kansas,Phillips,1960,2941
20149,Kansas,Pottawatomie,1960,4051
20151,Kansas,Pratt,1960,4204
20153,Kansas,Rawlins,1960,2053
20155,Kansas,Reno,1960,21056
20157,Kansas,Republic,1960,2974
20159,Kansas,Rice,1960,4779
20161,Kansas,Riley,1960,12565
20163,Kansas,Rooks,1960,3840
20165,Kansas,Rush,1960,2143
20167,Kansas,Russell,1960,4032
20169,Kansas,Saline,1960,19834
20171,Kansas,Scott,1960,2101
20173,Kansas,Sedgwick,1960,132316
20175,Kansas,Seward,1960,6514
20177,Kansas,Shawnee,1960,48732
20179,Kansas,Sheridan,1960,1761
20181,Kansas,Sherman,1960,2399
20183,Kansas,Smith,1960,2416
20185,Kansas,Stafford,1960,2434
20187,Kansas,Stanton,1960,897
20189,Kansas,Stevens,1960,1770
20191,Kansas,Sumner,1960,8932
20193,Kansas,Thomas,1960,2811
20195,Kansas,Trego,1960,2161
20197,Kansas,Wabaunsee,1960,2188
20199,Kansas,Wallace,1960,805
20201,Kansas,Washington,1960,3473
20203,Kansas,Wichita,1960,1156
20205,Kansas,Wilson,1960,4283
20207,Kansas,Woodson,1960,1631
20209,Kansas,Wyandotte,1960,68449
21001,Kentucky,Adair,1960,5379
21003,Kentucky,Allen,1960,3895
21005,Kentucky,Anderson,1960,2956
21007,Kentucky,Ballard,1960,2629
21009,Kentucky,Barren,1960,9777
21011,Kentucky,Bath,1960,3300
21013,Kentucky,Bell,1960,15159
21015,Kentucky,Boone,1960,8870
21017,Kentucky,Bourbon,1960,6416
21019,Kentucky,Boyd,1960,19049
21021,Kentucky,Boyle,1960,6902
21023,Kentucky,Bracken,1960,2459
21025,Kentucky,Breathitt,1960,6991
21027,Kentucky,Breckinridge,1960,5562
21029,Kentucky,Bullitt,1960,6705
21031,Kentucky,Butler,1960,3582
21033,Kentucky,Caldwell,1960,4304
21035,Kentucky,Calloway,1960,5907
21037,Kentucky,Campbell,1960,31545
21039,Kentucky,Carlisle,1960,1738
21041,Kentucky,Carroll,1960,2792
21043,Kentucky,Carter,1960,8575
21045,Kentucky,Casey,1960,5906
21047,Kentucky,Christian,1960,18745
21049,Kentucky,Clark,1960,7599
21051,Kentucky,Clay,1960,9975
21053,Kentucky,Clinton,1960,3494
21055,Kentucky,Crittenden,1960,2884
21057,Kentucky,Cumberland,1960,2815
21059,Kentucky,Daviess,1960,27992
21061,Kentucky,Edmonson,1960,3177
21063,Kentucky,Elliott,1960,2746
21065,Kentucky,Estill,1960,4775
21067,Kentucky,Fayette,1960,43689
21069,Kentucky,Fleming,1960,3813
21071,Kentucky,Floyd,1960,19182
21073,Kentucky,Franklin,1960,9716
21075,Kentucky,Fulton,1960,3985
21077,Kentucky,Gallatin,1960,1338
21079,Kentucky,Garrard,1960,3340
21081,Kentucky,Grant,1960,3326
21083,Kentucky,Graves,1960,9476
21085,Kentucky,Grayson,1960,6112
21087,Kentucky,Green,1960,3905
21089,Kentucky,Greenup,1960,12118
21091,Kentucky,Hancock,1960,1942
21093,Kentucky,Hardin,1960,21671
21095,Kentucky,Harlan,1960,22618
21097,Kentucky,Harrison,1960,4506
21099,Kentucky,Hart,1960,5201
21101,Kentucky,Henderson,1960,12435
21103,Kentucky,Henry,1960,3719
21105,Kentucky,Hickman,1960,2240
21107,Kentucky,Hopkins,1960,13554
21109,Kentucky,Jackson,1960,4627
21111,Kentucky,Jefferson,1960,225453
21113,Kentucky,Jessamine,1960,4674
21115,Kentucky,Johnson,1960,7901
21117,Kentucky,Kenton,1960,43605
21119,Kentucky,Knott,1960,8375
21121,Kentucky,Knox,1960,10690
21123,Kentucky,Larue,1960,3822
21125,Kentucky,Laurel,1960,10208
21127,Kentucky,Lawrence,1960,4798
21129,Kentucky,Lee,1960,3198
21131,Kentucky,Leslie,1960,5536
21133,Kentucky,Letcher,1960,13776
21135,Kentucky,Lewis,1960,5592
21137,Kentucky,Lincoln,1960,6371
21139,Kentucky,Livingston,1960,2349
21141,Kentucky,Logan,1960,7188
21143,Kentucky,Lyon,1960,1567
21145,Kentucky,McCracken,1960,19781
21147,Kentucky,McCreary,1960,5830
21149,Kentucky,McLean,1960,3290
21151,Kentucky,Madison,1960,11226
21153,Kentucky,Magoffin,1960,5131
21155,Kentucky,Marion,1960,7517
21157,Kentucky,Marshall,1960,5894
21159,Kentucky,Martin,1960,5097
21161,Kentucky,Mason,1960,6623
21163,Kentucky,Meade,1960,8748
21165,Kentucky,Menifee,1960,1722
21167,Kentucky,Mercer,1960,4888
21169,Kentucky,Metcalfe,1960,2912
21171,Kentucky,Monroe,1960,4346
21173,Kentucky,Montgomery,1960,5095
21175,Kentucky,Morgan,1960,4552
21177,Kentucky,Muhlenberg,1960,10213
21179,Kentucky,Nelson,1960,9812
21181,Kentucky,Nicholas,1960,2204
21183,Kentucky,Ohio,1960,6174
21185,Kentucky,Oldham,1960,4410
21187,Kentucky,Owen,1960,2751
21189,Kentucky,Owsley,1960,2165
21191,Kentucky,Pendleton,1960,3664
21193,Kentucky,Perry,1960,16373
21195,Kentucky,Pike,1960,30947
21197,Kentucky,Powell,1960,2861
21199,Kentucky,Pulaski,1960,13166
21201,Kentucky,Robertson,1960,765
21203,Kentucky,Rockcastle,1960,5071
21205,Kentucky,Rowan,1960,4653
21207,Kentucky,Russell,1960,4229
21209,Kentucky,Scott,1960,4979
21211,Kentucky,Shelby,1960,6578
21213,Kentucky,Simpson,1960,3945
21215,Kentucky,Spencer,1960,2204
21217,Kentucky,Taylor,1960,5851
21219,Kentucky,Todd,1960,4076
21221,Kentucky,Trigg,1960,3127
21223,Kentucky,Trimble,1960,1905
21225,Kentucky,Union,1960,5556
21227,Kentucky,Warren,1960,15348
21229,Kentucky,Washington,1960,4420
21231,Kentucky,Wayne,1960,6080
21233,Kentucky,Webster,1960,4575
21235,Kentucky,Whitley,1960,9949
21237,Kentucky,Wolfe,1960,2922
21239,Kentucky,Woodford,1960,4328
22001,Louisiana,Acadia,1960,20897
22003,Louisiana,Allen,1960,8440
22005,Louisiana,Ascension,1960,12502
22007,Louisiana,Assumption,1960,8059
22009,Louisiana,Avoyelles,1960,15696
22011,Louisiana,Beauregard,1960,7579
22013,Louisiana,Bienville,1960,6406
22015,Louisiana,Bossier,1960,24193
22017,Louisiana,Caddo,1960,86414
22019,Louisiana,Calcasieu,1960,61035
22021,Louisiana,Caldwell,1960,3684
22023,Louisiana,Cameron,1960,2772
22025,Louisiana,Catahoula,1960,4966
22027,Louisiana,Claiborne,1960,7239
22029,Louisiana,Concordia,1960,9219
22031,Louisiana,De Soto,1960,10018
22033,Louisiana,East Baton Rouge,1960,92531
22035,Louisiana,East Carroll,1960,6744
22037,Louisiana,East Feliciana,1960,6362
22039,Louisiana,Evangeline,1960,13389
22041,Louisiana,Franklin,1960,11668
22043,Louisiana,Grant,1960,5242
22045,Louisiana,Iberia,1960,22221
22047,Louisiana,Iberville,1960,12919
22049,Louisiana,Jackson,1960,6022
22051,Louisiana,Jefferson,1960,89149
22053,Louisiana,Jefferson Davis,1960,12923
22055,Louisiana,Lafayette,1960,34881
22057,Louisiana,Lafourche,1960,24144
22059,Louisiana,La Salle,1960,4907
22061,Louisiana,Lincoln,1960,9429
22063,Louisiana,Livingston,1960,11764
22065,Louisiana,Madison,1960,7352
22067,Louisiana,Morehouse,1960,15004
22069,Louisiana,Natchitoches,1960,14230
22071,Louisiana,Orleans,1960,218868
22073,Louisiana,Ouachita,1960,40725
22075,Louisiana,Plaquemines,1960,10103
22077,Louisiana,Pointe Coupee,1960,10220
22079,Louisiana,Rapides,1960,43807
22081,Louisiana,Red River,1960,4110
22083,Louisiana,Richland,1960,10706
22085,Louisiana,Sabine,1960,7444
22087,Louisiana,St Bernard,1960,14334
22089,Louisiana,St Charles,1960,9750
22091,Louisiana,St Helena,1960,4315
22093,Louisiana,St James,1960,8701
22095,Louisiana,St John The Baptist,1960,8369
22097,Louisiana,St Landry,1960,37318
22099,Louisiana,St Martin,1960,13264
22101,Louisiana,St Mary,1960,21601
22103,Louisiana,St Tammany,1960,16145
22105,Louisiana,Tangipahoa,1960,24765
22107,Louisiana,Tensas,1960,5594
22109,Louisiana,Terrebonne,1960,28269
22111,Louisiana,Union,1960,6956
22113,Louisiana,Vermilion,1960,15233
22115,Louisiana,Vernon,1960,7163
22117,Louisiana,Washington,1960,18788
22119,Louisiana,Webster,1960,15472
22121,Louisiana,West Baton Rouge,1960,6729
22123,Louisiana,West Carroll,1960,6139
22125,Louisiana,West Feliciana,1960,4379
22127,Louisiana,Winn,1960,6089
23001,Maine,Androscoggin,1960,30099
23003,Maine,Aroostook,1960,45350
23005,Maine,Cumberland,1960,62998
23007,Maine,Franklin,1960,7379
23009,Maine,Hancock,1960,10884
23011,Maine,Kennebec,1960,31299
23013,Maine,Knox,1960,9392
23015,Maine,Lincoln,1960,6216
23017,Maine,Oxford,1960,16468
23019,Maine,Penobscot,1960,45774
23021,Maine,Piscataquis,1960,6198
23023,Maine,Sagadahoc,1960,8033
23025,Maine,Somerset,1960,14534
23027,Maine,Waldo,1960,8612
23029,Maine,Washington,1960,11267
23031,Maine,York,1960,34590
24001,Maryland,Allegany,1960,28043
24003,Maryland,Anne Arundel,1960,78121
24005,Maryland,Baltimore,1960,186523
24009,Maryland,Calvert,1960,7132
24011,Maryland,Caroline,1960,6837
24013,Maryland,Carroll,1960,17129
24015,Maryland,Cecil,1960,17749
24017,Maryland,Charles,1960,14624
24019,Maryland,Dorchester,1960,9578
24021,Maryland,Frederick,1960,25312
24023,Maryland,Garrett,1960,7965
24025,Maryland,Harford,1960,29313
24027,Maryland,Howard,1960,13959
24029,Maryland,Kent,1960,5300
24031,Maryland,Montgomery,1960,137859
24033,Maryland,Prince Georges,1960,141555
24035,Maryland,Queen Anne's,1960,5961
24037,Maryland,St Mary's,1960,16655
24039,Maryland,Somerset,1960,6665
24041,Maryland,Talbot,1960,7231
24043,Maryland,Washington,1960,31366
24045,Maryland,Wicomico,1960,17177
24047,Maryland,Worcester,1960,8431
24510,Maryland,Baltimore City,1960,315584
25001,Massachusetts,Barnstable,1960,23447
25003,Massachusetts,Berkshire,1960,48657
25005,Massachusetts,Bristol,1960,130580
25007,Massachusetts,Dukes,1960,1804
25009,Massachusetts,Essex,1960,189955
25011,Massachusetts,Franklin,1960,19259
25013,Massachusetts,Hampden,1960,147151
25015,Massachusetts,Hampshire,1960,32009
25017,Massachusetts,Middlesex,1960,419426
25019,Massachusetts,Nantucket,1960,1022
25021,Massachusetts,Norfolk,1960,180000
25023,Massachusetts,Plymouth,1960,89937
25025,Massachusetts,Suffolk,1960,230090
25027,Massachusetts,Worcester,1960,195488
26001,Michigan,Alcona,1960,2326
26003,Michigan,Alger,1960,3751
26005,Michigan,Allegan,1960,23218
26007,Michigan,Alpena,1960,11845
26009,Michigan,Antrim,1960,3863
26011,Michigan,Arenac,1960,3753
26013,Michigan,Baraga,1960,2701
26015,Michigan,Barry,1960,11994
26017,Michigan,Bay,1960,42839
26019,Michigan,Benzie,1960,2942
26021,Michigan,Berrien,1960,56606
26023,Michigan,Branch,1960,13048
26025,Michigan,Calhoun,1960,50826
26027,Michigan,Cass,1960,14428
26029,Michigan,Charlevoix,1960,5130
26031,Michigan,Cheboygan,1960,5740
26033,Michigan,Chippewa,1960,12770
26035,Michigan,Clare,1960,4507
26037,Michigan,Clinton,1960,15908
26039,Michigan,Crawford,1960,1760
26041,Michigan,Delta,1960,13600
26043,Michigan,Dickinson,1960,8182
26045,Michigan,Eaton,1960,19765
26047,Michigan,Emmet,1960,6094
26049,Michigan,Genesee,1960,149559
26051,Michigan,Gladwin,1960,4312
26053,Michigan,Gogebic,1960,8419
26055,Michigan,Grand Traverse,1960,11764
26057,Michigan,Gratiot,1960,14316
26059,Michigan,Hillsdale,1960,12975
26061,Michigan,Houghton,1960,10938
26063,Michigan,Huron,1960,13763
26065,Michigan,Ingham,1960,76645
26067,Michigan,Ionia,1960,16246
26069,Michigan,Iosco,1960,6150
26071,Michigan,Iron,1960,6057
26073,Michigan,Isabella,1960,13508
26075,Michigan,Jackson,1960,48128
26077,Michigan,Kalamazoo,1960,62175
26079,Michigan,Kalkaska,1960,1625
26081,Michigan,Kent,1960,139097
26083,Michigan,Keweenaw,1960,679
26085,Michigan,Lake,1960,1798
26087,Michigan,Lapeer,1960,16369
26089,Michigan,Leelanau,1960,3573
26091,Michigan,Lenawee,1960,30852
26093,Michigan,Livingston,1960,15300
26095,Michigan,Luce,1960,2633
26097,Michigan,Mackinac,1960,4325
26099,Michigan,Macomb,1960,173425
26101,Michigan,Manistee,1960,6896
26103,Michigan,Marquette,1960,20237
26105,Michigan,Mason,1960,8070
26107,Michigan,Mecosta,1960,7048
26109,Michigan,Menominee,1960,9477
26111,Michigan,Midland,1960,23030
26113,Michigan,Missaukee,1960,2810
26115,Michigan,Monroe,1960,41564
26117,Michigan,Montcalm,1960,13623
26119,Michigan,Montmorency,1960,1642
26121,Michigan,Muskegon,1960,61439
26123,Michigan,Newaygo,1960,9719
26125,Michigan,Oakland,1960,281650
26127,Michigan,Oceana,1960,6470
26129,Michigan,Ogemaw,1960,3625
26131,Michigan,Ontonagon,1960,3991
26133,Michigan,Osceola,1960,5182
26135,Michigan,Oscoda,1960,1243
26137,Michigan,Otsego,1960,2955
26139,Michigan,Ottawa,1960,40537
26141,Michigan,Presque Isle,1960,5389
26143,Michigan,Roscommon,1960,2395
26145,Michigan,Saginaw,1960,76931
26147,Michigan,St Clair,1960,41707
26149,Michigan,St Joseph,1960,15429
26151,Michigan,Sanilac,1960,12438
26153,Michigan,Schoolcraft,1960,3525
26155,Michigan,Shiawassee,1960,21141
26157,Michigan,Tuscola,1960,16987
26159,Michigan,Van Buren,1960,18220
26161,Michigan,Washtenaw,1960,56716
26163,Michigan,Wayne,1960,947342
26165,Michigan,Wexford,1960,7068
27001,Minnesota,Aitkin,1960,4424
27003,Minnesota,Anoka,1960,39740
27005,Minnesota,Becker,1960,9614
27007,Minnesota,Beltrami,1960,9229
27009,Minnesota,Benton,1960,7442
27011,Minnesota,Big Stone,1960,3499
27013,Minnesota,Blue Earth,1960,15530
27015,Minnesota,Brown,1960,10415
27017,Minnesota,Carlton,1960,10681
27019,Minnesota,Carver,1960,8418
27021,Minnesota,Cass,1960,6210
27023,Minnesota,Chippewa,1960,6220
27025,Minnesota,Chisago,1960,4777
27027,Minnesota,Clay,1960,14989
27029,Minnesota,Clearwater,1960,3372
27031,Minnesota,Cook,1960,1317
27033,Minnesota,Cottonwood,1960,6121
27035,Minnesota,Crow Wing,1960,12143
27037,Minnesota,Dakota,1960,33225
27039,Minnesota,Dodge,1960,5241
27041,Minnesota,Douglas,1960,7964
27043,Minnesota,Faribault,1960,9133
27045,Minnesota,Fillmore,1960,8819
27047,Minnesota,Freeborn,1960,14594
27049,Minnesota,Goodhue,1960,12130
27051,Minnesota,Grant,1960,3255
27053,Minnesota,Hennepin,1960,294861
27055,Minnesota,Houston,1960,6647
27057,Minnesota,Hubbard,1960,3713
27059,Minnesota,Isanti,1960,4820
27061,Minnesota,Itasca,1960,15714
27063,Minnesota,Jackson,1960,5924
27065,Minnesota,Kanabec,1960,3430
27067,Minnesota,Kandiyohi,1960,10884
27069,Minnesota,Kittson,1960,3175
27071,Minnesota,Koochiching,1960,7725
27073,Minnesota,Lac Qui Parle,1960,4941
27075,Minnesota,Lake,1960,5696
27077,Minnesota,Lake Of The Woods,1960,1667
27079,Minnesota,Le Sueur,1960,7433
27081,Minnesota,Lincoln,1960,3647
27083,Minnesota,Lyon,1960,9038
27085,Minnesota,McLeod,1960,8924
27087,Minnesota,Mahnomen,1960,2746
27089,Minnesota,Marshall,1960,5491
27091,Minnesota,Martin,1960,10299
27093,Minnesota,Meeker,1960,7307
27095,Minnesota,Mille Lacs,1960,5507
27097,Minnesota,Morrison,1960,11389
27099,Minnesota,Mower,1960,19726
27101,Minnesota,Murray,1960,6357
27103,Minnesota,Nicollet,1960,7884
27105,Minnesota,Nobles,1960,9454
27107,Minnesota,Norman,1960,4003
27109,Minnesota,Olmsted,1960,24481
27111,Minnesota,Otter Tail,1960,17388
27113,Minnesota,Pennington,1960,4629
27115,Minnesota,Pine,1960,6266
27117,Minnesota,Pipestone,1960,5395
27119,Minnesota,Polk,1960,13890
27121,Minnesota,Pope,1960,4487
27123,Minnesota,Ramsey,1960,154571
27125,Minnesota,Red Lake,1960,2474
27127,Minnesota,Redwood,1960,8565
27129,Minnesota,Renville,1960,9093
27131,Minnesota,Rice,1960,13519
27133,Minnesota,Rock,1960,4869
27135,Minnesota,Roseau,1960,4851
27137,Minnesota,St Louis,1960,84952
27139,Minnesota,Scott,1960,9259
27141,Minnesota,Sherburne,1960,4898
27143,Minnesota,Sibley,1960,6007
27145,Minnesota,Stearns,1960,33291
27147,Minnesota,Steele,1960,9459
27149,Minnesota,Stevens,1960,4723
27151,Minnesota,Swift,1960,5915
27153,Minnesota,Todd,1960,9108
27155,Minnesota,Traverse,1960,2943
27157,Minnesota,Wabasha,1960,6583
27159,Minnesota,Wadena,1960,4887
27161,Minnesota,Waseca,1960,6033
27163,Minnesota,Washington,1960,21975
27165,Minnesota,Watonwan,1960,5493
27167,Minnesota,Wilkin,1960,4339
27169,Minnesota,Winona,1960,14299
27171,Minnesota,Wright,1960,11979
27173,Minnesota,Yellow Medicine,1960,5853
28001,Mississippi,Adams,1960,16125
28003,Mississippi,Alcorn,1960,9149
28005,Mississippi,Amite,1960,6972
28007,Mississippi,Attala,1960,8727
28009,Mississippi,Benton,1960,3457
28011,Mississippi,Bolivar,1960,25990
28013,Mississippi,Calhoun,1960,6365
28015,Mississippi,Carroll,1960,4988
28017,Mississippi,Chickasaw,1960,6690
28019,Mississippi,Choctaw,1960,3254
28021,Mississippi,Claiborne,1960,4470
28023,Mississippi,Clarke,1960,6775
28025,Mississippi,Clay,1960,8123
28027,Mississippi,Coahoma,1960,21020
28029,Mississippi,Copiah,1960,11193
28031,Mississippi,Covington,1960,5674
28033,Mississippi,DeSoto,1960,11256
28035,Mississippi,Forrest,1960,19442
28037,Mississippi,Franklin,1960,3677
28039,Mississippi,George,1960,4755
28041,Mississippi,Greene,1960,3655
28043,Mississippi,Grenada,1960,7564
28045,Mississippi,Hancock,1960,5614
28047,Mississippi,Harrison,1960,44985
28049,Mississippi,Hinds,1960,73824
28051,Mississippi,Holmes,1960,12204
28053,Mississippi,Humphreys,1960,9365
28055,Mississippi,Issaquena,1960,1674
28057,Mississippi,Itawamba,1960,5346
28059,Mississippi,Jackson,1960,23745
28061,Mississippi,Jasper,1960,7170
28063,Mississippi,Jefferson,1960,4516
28065,Mississippi,Jefferson Davis,1960,6102
28067,Mississippi,Jones,1960,23588
28069,Mississippi,Kemper,1960,5304
28071,Mississippi,Lafayette,1960,7556
28073,Mississippi,Lamar,1960,5566
28075,Mississippi,Lauderdale,1960,25067
28077,Mississippi,Lawrence,1960,4190
28079,Mississippi,Leake,1960,7789
28081,Mississippi,Lee,1960,15116
28083,Mississippi,Leflore,1960,21319
28085,Mississippi,Lincoln,1960,10802
28087,Mississippi,Lowndes,1960,18792
28089,Mississippi,Madison,1960,15430
28091,Mississippi,Marion,1960,9781
28093,Mississippi,Marshall,1960,11682
28095,Mississippi,Monroe,1960,13570
28097,Mississippi,Montgomery,1960,5470
28099,Mississippi,Neshoba,1960,8443
28101,Mississippi,Newton,1960,7419
28103,Mississippi,Noxubee,1960,7921
28105,Mississippi,Oktibbeha,1960,10070
28107,Mississippi,Panola,1960,12760
28109,Mississippi,Pearl River,1960,9105
28111,Mississippi,Perry,1960,3731
28113,Mississippi,Pike,1960,14526
28115,Mississippi,Pontotoc,1960,6322
28117,Mississippi,Prentiss,1960,6590
28119,Mississippi,Quitman,1960,10308
28121,Mississippi,Rankin,1960,12729
28123,Mississippi,Scott,1960,8851
28125,Mississippi,Sharkey,1960,5285
28127,Mississippi,Simpson,1960,8402
28129,Mississippi,Smith,1960,5827
28131,Mississippi,Stone,1960,2657
28133,Mississippi,Sunflower,1960,21388
28135,Mississippi,Tallahatchie,1960,11530
28137,Mississippi,Tate,1960,8301
28139,Mississippi,Tippah,1960,5539
28141,Mississippi,Tishomingo,1960,4896
28143,Mississippi,Tunica,1960,8291
28145,Mississippi,Union,1960,7032
28147,Mississippi,Walthall,1960,5910
28149,Mississippi,Warren,1960,16467
28151,Mississippi,Washington,1960,35104
28153,Mississippi,Wayne,1960,7094
28155,Mississippi,Webster,1960,3914
28157,Mississippi,Wilkinson,1960,6231
28159,Mississippi,Winston,1960,8083
28161,Mississippi,Yalobusha,1960,4999
28163,Mississippi,Yazoo,1960,14063
29001,Missouri,Adair,1960,5729
29003,Missouri,Andrew,1960,3590
29005,Missouri,Atchison,1960,2902
29007,Missouri,Audrain,1960,9330
29009,Missouri,Barry,1960,6083
29011,Missouri,Barton,1960,3436
29013,Missouri,Bates,1960,4850
29015,Missouri,Benton,1960,2498
29017,Missouri,Bollinger,1960,3294
29019,Missouri,Boone,1960,15798
29021,Missouri,Buchanan,1960,28167
29023,Missouri,Butler,1960,12600
29025,Missouri,Caldwell,1960,2564
29027,Missouri,Callaway,1960,7309
29029,Missouri,Camden,1960,2863
29031,Missouri,Cape Girardeau,1960,14136
29033,Missouri,Carroll,1960,4336
29035,Missouri,Carter,1960,1403
29037,Missouri,Cass,1960,10598
29039,Missouri,Cedar,1960,2644
29041,Missouri,Chariton,1960,3940
29043,Missouri,Christian,1960,4199
29045,Missouri,Clark,1960,2949
29047,Missouri,Clay,1960,33721
29049,Missouri,Clinton,1960,3672
29051,Missouri,Cole,1960,12734
29053,Missouri,Cooper,1960,5228
29055,Missouri,Crawford,1960,4449
29057,Missouri,Dade,1960,2321
29059,Missouri,Dallas,1960,2891
29061,Missouri,Daviess,1960,2726
29063,Missouri,DeKalb,1960,2221
29065,Missouri,Dent,1960,3405
29067,Missouri,Douglas,1960,3396
29069,Missouri,Dunklin,1960,15425
29071,Missouri,Franklin,1960,16094
29073,Missouri,Gasconade,1960,3781
29075,Missouri,Gentry,1960,2478
29077,Missouri,Greene,1960,40859
29079,Missouri,Grundy,1960,3372
29081,Missouri,Harrison,1960,3423
29083,Missouri,Henry,1960,5886
29085,Missouri,Hickory,1960,1378
29087,Missouri,Holt,1960,2385
29089,Missouri,Howard,1960,3237
29091,Missouri,Howell,1960,7821
29093,Missouri,Iron,1960,2841
29095,Missouri,Jackson,1960,203586
29097,Missouri,Jasper,1960,25830
29099,Missouri,Jefferson,1960,26857
29101,Missouri,Johnson,1960,9045
29103,Missouri,Knox,1960,2038
29105,Missouri,Laclede,1960,6669
29107,Missouri,Lafayette,1960,8110
29109,Missouri,Lawrence,1960,7237
29111,Missouri,Lewis,1960,3506
29113,Missouri,Lincoln,1960,4981
29115,Missouri,Linn,1960,4879
29117,Missouri,Livingston,1960,5178
29119,Missouri,McDonald,1960,3798
29121,Missouri,Macon,1960,4696
29123,Missouri,Madison,1960,3305
29125,Missouri,Maries,1960,2656
29127,Missouri,Marion,1960,9598
29129,Missouri,Mercer,1960,1651
29131,Missouri,Miller,1960,4811
29133,Missouri,Mississippi,1960,8978
29135,Missouri,Moniteau,1960,3310
29137,Missouri,Monroe,1960,3373
29139,Missouri,Montgomery,1960,3447
29141,Missouri,Morgan,1960,2855
29143,Missouri,New Madrid,1960,14107
29145,Missouri,Newton,1960,10684
29147,Missouri,Nodaway,1960,6862
29149,Missouri,Oregon,1960,3354
29151,Missouri,Osage,1960,4026
29153,Missouri,Ozark,1960,2329
29155,Missouri,Pemiscot,1960,16843
29157,Missouri,Perry,1960,5566
29159,Missouri,Pettis,1960,11627
29161,Missouri,Phelps,1960,8310
29163,Missouri,Pike,1960,5524
29165,Missouri,Platte,1960,8605
29167,Missouri,Polk,1960,3927
29169,Missouri,Pulaski,1960,12699
29171,Missouri,Putnam,1960,2032
29173,Missouri,Ralls,1960,2660
29175,Missouri,Randolph,1960,6565
29177,Missouri,Ray,1960,5235
29179,Missouri,Reynolds,1960,1959
29181,Missouri,Ripley,1960,3124
29183,Missouri,St Charles,1960,21280
29185,Missouri,St Clair,1960,2454
29186,Missouri,Ste Genevieve,1960,4950
29187,Missouri,St Francois,1960,12318
29189,Missouri,St Louis,1960,265618
29195,Missouri,Saline,1960,7338
29197,Missouri,Schuyler,1960,1474
29199,Missouri,Scotland,1960,1959
29201,Missouri,Scott,1960,12825
29203,Missouri,Shannon,1960,2662
29205,Missouri,Shelby,1960,2702
29207,Missouri,Stoddard,1960,11356
29209,Missouri,Stone,1960,2722
29211,Missouri,Sullivan,1960,2506
29213,Missouri,Taney,1960,3187
29215,Missouri,Texas,1960,6350
29217,Missouri,Vernon,1960,5529
29219,Missouri,Warren,1960,2872
29221,Missouri,Washington,1960,6111
29223,Missouri,Wayne,1960,2989
29225,Missouri,Webster,1960,4666
29227,Missouri,Worth,1960,1200
29229,Missouri,Wright,1960,4856
29510,Missouri,St Louis City,1960,231803
30001,Montana,Beaverhead,1960,2278
30003,Montana,Big Horn,1960,4397
30005,Montana,Blaine,1960,3477
30007,Montana,Broadwater,1960,1101
30009,Montana,Carbon,1960,2948
30011,Montana,Carter,1960,955
30013,Montana,Cascade,1960,28328
30015,Montana,Chouteau,1960,3002
30017,Montana,Custer,1960,4998
30019,Montana,Daniels,1960,1460
30021,Montana,Dawson,1960,5340
30023,Montana,Deer Lodge,1960,6774
30025,Montana,Fallon,1960,1670
30027,Montana,Fergus,1960,5367
30029,Montana,Flathead,1960,12697
30031,Montana,Gallatin,1960,9045
30033,Montana,Garfield,1960,784
30035,Montana,Glacier,1960,5081
30037,Montana,Golden Valley,1960,456
30039,Montana,Granite,1960,1114
30041,Montana,Hill,1960,7672
30043,Montana,Jefferson,1960,1586
30045,Montana,Judith Basin,1960,1196
30047,Montana,Lake,1960,5091
30049,Montana,Lewis And Clark,1960,10192
30051,Montana,Liberty,1960,1117
30053,Montana,Lincoln,1960,5238
30055,Montana,McCone,1960,1398
30057,Montana,Madison,1960,1888
30059,Montana,Meagher,1960,928
30061,Montana,Mineral,1960,1259
30063,Montana,Missoula,1960,16139
30065,Montana,Musselshell,1960,1801
30067,Montana,Park,1960,4672
30069,Montana,Petroleum,1960,314
30071,Montana,Phillips,1960,2329
30073,Montana,Pondera,1960,3270
30075,Montana,Powder River,1960,983
30077,Montana,Powell,1960,2356
30079,Montana,Prairie,1960,935
30081,Montana,Ravalli,1960,4489
30083,Montana,Richland,1960,4369
30085,Montana,Roosevelt,1960,5253
30087,Montana,Rosebud,1960,2569
30089,Montana,Sanders,1960,2485
30091,Montana,Sheridan,1960,2551
30093,Montana,Silver Bow,1960,16832
30095,Montana,Stillwater,1960,2080
30097,Montana,Sweet Grass,1960,1131
30099,Montana,Teton,1960,2929
30101,Montana,Toole,1960,3296
30103,Montana,Treasure,1960,571
30105,Montana,Valley,1960,7044
30107,Montana,Wheatland,1960,1093
30109,Montana,Wibaux,1960,702
30111,Montana,Yellowstone,1960,31364
30113,Montana,Yellowstone National Park,1960,14
31001,Nebraska,Adams,1960,9268
31003,Nebraska,Antelope,1960,3672
31005,Nebraska,Arthur,1960,271
31007,Nebraska,Banner,1960,525
31009,Nebraska,Blaine,1960,376
31011,Nebraska,Boone,1960,3509
31013,Nebraska,Box Butte,1960,4487
31015,Nebraska,Boyd,1960,1740
31017,Nebraska,Brown,1960,1502
31019,Nebraska,Buffalo,1960,8936
31021,Nebraska,Burt,1960,3516
31023,Nebraska,Butler,1960,3594
31025,Nebraska,Cass,1960,6422
31027,Nebraska,Cedar,1960,5722
31029,Nebraska,Chase,1960,1518
31031,Nebraska,Cherry,1960,3081
31033,Nebraska,Cheyenne,1960,6153
31035,Nebraska,Clay,1960,2988
31037,Nebraska,Colfax,1960,3082
31039,Nebraska,Cuming,1960,4609
31041,Nebraska,Custer,1960,5718
31043,Nebraska,Dakota,1960,4965
31045,Nebraska,Dawes,1960,3238
31047,Nebraska,Dawson,1960,7174
31049,Nebraska,Deuel,1960,1100
31051,Nebraska,Dixon,1960,2931
31053,Nebraska,Dodge,1960,11561
31055,Nebraska,Douglas,1960,122976
31057,Nebraska,Dundy,1960,1238
31059,Nebraska,Fillmore,1960,3197
31061,Nebraska,Franklin,1960,1726
31063,Nebraska,Frontier,1960,1513
31065,Nebraska,Furnas,1960,2574
31067,Nebraska,Gage,1960,8684
31069,Nebraska,Garden,1960,1209
31071,Nebraska,Garfield,1960,942
31073,Nebraska,Gosper,1960,894
31075,Nebraska,Grant,1960,358
31077,Nebraska,Greeley,1960,1800
31079,Nebraska,Hall,1960,12895
31081,Nebraska,Hamilton,1960,3231
31083,Nebraska,Harlan,1960,1724
31085,Nebraska,Hayes,1960,742
31087,Nebraska,Hitchcock,1960,1703
31089,Nebraska,Holt,1960,5230
31091,Nebraska,Hooker,1960,450
31093,Nebraska,Howard,1960,2248
31095,Nebraska,Jefferson,1960,3731
31097,Nebraska,Johnson,1960,2092
31099,Nebraska,Kearney,1960,2184
31101,Nebraska,Keith,1960,2995
31103,Nebraska,Keya Paha,1960,591
31105,Nebraska,Kimball,1960,3434
31107,Nebraska,Knox,1960,4889
31109,Nebraska,Lancaster,1960,50299
31111,Nebraska,Lincoln,1960,10773
31113,Nebraska,Logan,1960,416
31115,Nebraska,Loup,1960,412
31117,Nebraska,McPherson,1960,270
31119,Nebraska,Madison,1960,8274
31121,Nebraska,Merrick,1960,2985
31123,Nebraska,Morrill,1960,2627
31125,Nebraska,Nance,1960,1917
31127,Nebraska,Nemaha,1960,2881
31129,Nebraska,Nuckolls,1960,2849
31131,Nebraska,Otoe,1960,5743
31133,Nebraska,Pawnee,1960,1730
31135,Nebraska,Perkins,1960,1610
31137,Nebraska,Phelps,1960,3366
31139,Nebraska,Pierce,1960,3252
31141,Nebraska,Platte,1960,9513
31143,Nebraska,Polk,1960,2466
31145,Nebraska,Red Willow,1960,4601
31147,Nebraska,Richardson,1960,4543
31149,Nebraska,Rock,1960,910
31151,Nebraska,Saline,1960,3687
31153,Nebraska,Sarpy,1960,12579
31155,Nebraska,Saunders,1960,5888
31157,Nebraska,Scotts Bluff,1960,13064
31159,Nebraska,Seward,1960,4519
31161,Nebraska,Sheridan,1960,3483
31163,Nebraska,Sherman,1960,1972
31165,Nebraska,Sioux,1960,967
31167,Nebraska,Stanton,1960,2136
31169,Nebraska,Thayer,1960,2979
31171,Nebraska,Thomas,1960,397
31173,Nebraska,Thurston,1960,2861
31175,Nebraska,Valley,1960,2293
31177,Nebraska,Washington,1960,4148
31179,Nebraska,Wayne,1960,3295
31181,Nebraska,Webster,1960,2055
31183,Nebraska,Wheeler,1960,511
31185,Nebraska,York,1960,4728
32001,Nevada,Churchill,1960,3045
32003,Nevada,Clark,1960,45125
32005,Nevada,Douglas,1960,1185
32007,Nevada,Elko,1960,4350
32009,Nevada,Esmeralda,1960,184
32011,Nevada,Eureka,1960,198
32013,Nevada,Humboldt,1960,1949
32015,Nevada,Lander,1960,535
32017,Nevada,Lincoln,1960,977
32019,Nevada,Lyon,1960,2368
32021,Nevada,Mineral,1960,2565
32023,Nevada,Nye,1960,1284
32025,Nevada,Ormsby,1960,2955
32027,Nevada,Pershing,1960,1088
32029,Nevada,Storey,1960,163
32031,Nevada,Washoe,1960,27716
32033,Nevada,White Pine,1960,3848
33001,New Hampshire,Belknap,1960,10112
33003,New Hampshire,Carroll,1960,5213
33005,New Hampshire,Cheshire,1960,14986
33007,New Hampshire,Coos,1960,13616
33009,New Hampshire,Grafton,1960,15952
33011,New Hampshire,Hillsborough,1960,61957
33013,New Hampshire,Merrimack,1960,22009
33015,New Hampshire,Rockingham,1960,35941
33017,New Hampshire,Strafford,1960,20536
33019,New Hampshire,Sullivan,1960,10093
34001,New Jersey,Atlantic,1960,49407
34003,New Jersey,Bergen,1960,265361
34005,New Jersey,Burlington,1960,77262
34007,New Jersey,Camden,1960,136799
34009,New Jersey,Cape May,1960,14252
34011,New Jersey,Cumberland,1960,36515
34013,New Jersey,Essex,1960,280548
34015,New Jersey,Gloucester,1960,50307
34017,New Jersey,Hudson,1960,181600
34019,New Jersey,Hunterdon,1960,18482
34021,New Jersey,Mercer,1960,83110
34023,New Jersey,Middlesex,1960,160926
34025,New Jersey,Monmouth,1960,117339
34027,New Jersey,Morris,1960,93470
34029,New Jersey,Ocean,1960,36478
34031,New Jersey,Passaic,1960,130113
34033,New Jersey,Salem,1960,21247
34035,New Jersey,Somerset,1960,50774
34037,New Jersey,Sussex,1960,17555
34039,New Jersey,Union,1960,167637
34041,New Jersey,Warren,1960,20968
35001,New Mexico,Bernalillo,1960,108709
35003,New Mexico,Catron,1960,1072
35005,New Mexico,Chaves,1960,24107
35007,New Mexico,Colfax,1960,5726
35009,New Mexico,Curry,1960,13004
35011,New Mexico,De Baca,1960,1152
35013,New Mexico,Dona Ana,1960,25383
35015,New Mexico,Eddy,1960,21950
35017,New Mexico,Grant,1960,7634
35019,New Mexico,Guadalupe,1960,2617
35021,New Mexico,Harding,1960,777
35023,New Mexico,Hidalgo,1960,2093
35025,New Mexico,Lea,1960,22818
35027,New Mexico,Lincoln,1960,2905
35028,New Mexico,Los Alamos,1960,6006
35029,New Mexico,Luna,1960,4227
35031,New Mexico,McKinley,1960,18742
35033,New Mexico,Mora,1960,2960
35035,New Mexico,Otero,1960,16242
35037,New Mexico,Quay,1960,5018
35039,New Mexico,Rio Arriba,1960,11818
35041,New Mexico,Roosevelt,1960,5872
35043,New Mexico,Sandoval,1960,7003
35045,New Mexico,San Juan,1960,25317
35047,New Mexico,San Miguel,1960,10069
35049,New Mexico,Santa Fe,1960,18648
35051,New Mexico,Sierra,1960,1774
35053,New Mexico,Socorro,1960,4468
35055,New Mexico,Taos,1960,7615
35057,New Mexico,Torrance,1960,2849
35059,New Mexico,Union,1960,2393
35061,New Mexico,Valencia,1960,18243
36001,New York,Albany,1960,88730
36003,New York,Allegany,1960,15715
36005,New York,Bronx,1960,405249
36007,New York,Broome,1960,73497
36009,New York,Cattaraugus,1960,28959
36011,New York,Cayuga,1960,26229
36013,New York,Chautauqua,1960,49768
36015,New York,Chemung,1960,35367
36017,New York,Chenango,1960,16253
36019,New York,Clinton,1960,27329
36021,New York,Columbia,1960,15578
36023,New York,Cortland,1960,14416
36025,New York,Delaware,1960,15510
36027,New York,Dutchess,1960,53880
36029,New York,Erie,1960,368817
36031,New York,Essex,1960,13181
36033,New York,Franklin,1960,17144
36035,New York,Fulton,1960,16948
36037,New York,Genesee,1960,20141
36039,New York,Greene,1960,9977
36041,New York,Hamilton,1960,1448
36043,New York,Herkimer,1960,22970
36045,New York,Jefferson,1960,32049
36047,New York,Kings,1960,784571
36049,New York,Lewis,1960,9449
36051,New York,Livingston,1960,15435
36053,New York,Madison,1960,20293
36055,New York,Monroe,1960,198384
36057,New York,Montgomery,1960,17831
36059,New York,Nassau,1960,502891
36061,New York,New York,1960,385711
36063,New York,Niagara,1960,89003
36065,New York,Oneida,1960,91350
36067,New York,Onondaga,1960,148330
36069,New York,Ontario,1960,24016
36071,New York,Orange,1960,60378
36073,New York,Orleans,1960,12199
36075,New York,Oswego,1960,32326
36077,New York,Otsego,1960,17380
36079,New York,Putnam,1960,11212
36081,New York,Queens,1960,512091
36083,New York,Rensselaer,1960,47840
36085,New York,Richmond,1960,76905
36087,New York,Rockland,1960,49782
36089,New York,St Lawrence,1960,42461
36091,New York,Saratoga,1960,32086
36093,New York,Schenectady,1960,49548
36095,New York,Schoharie,1960,7863
36097,New York,Schuyler,1960,5644
36099,New York,Seneca,1960,10833
36101,New York,Steuben,1960,35941
36103,New York,Suffolk,1960,251111
36105,New York,Sullivan,1960,14566
36107,New York,Tioga,1960,15019
36109,New York,Tompkins,1960,20616
36111,New York,Ulster,1960,39020
36113,New York,Warren,1960,15645
36115,New York,Washington,1960,17409
36117,New York,Wayne,1960,23994
36119,New York,Westchester,1960,259057
36121,New York,Wyoming,1960,12359
36123,New York,Yates,1960,6543
37001,North Carolina,Alamance,1960,31958
37003,North Carolina,Alexander,1960,5986
37005,North Carolina,Alleghany,1960,2687
37007,North Carolina,Anson,1960,10926
37009,North Carolina,Ashe,1960,7522
37011,North Carolina,Avery,1960,4591
37013,North Carolina,Beaufort,1960,14832
37015,North Carolina,Bertie,1960,10948
37017,North Carolina,Bladen,1960,13350
37019,North Carolina,Brunswick,1960,8652
37021,North Carolina,Buncombe,1960,44531
37023,North Carolina,Burke,1960,19092
37025,North Carolina,Cabarrus,1960,24811
37027,North Carolina,Caldwell,1960,19904
37029,North Carolina,Camden,1960,2355
37031,North Carolina,Carteret,1960,10793
37033,North Carolina,Caswell,1960,8784
37035,North Carolina,Catawba,1960,27951
37037,North Carolina,Chatham,1960,10455
37039,North Carolina,Cherokee,1960,6356
37041,North Carolina,Chowan,1960,4980
37043,North Carolina,Clay,1960,2167
37045,North Carolina,Cleveland,1960,26206
37047,North Carolina,Columbus,1960,21740
37049,North Carolina,Craven,1960,24012
37051,North Carolina,Cumberland,1960,58356
37053,North Carolina,Currituck,1960,2459
37055,North Carolina,Dare,1960,1986
37057,North Carolina,Davidson,1960,30241
37059,North Carolina,Davie,1960,6080
37061,North Carolina,Duplin,1960,17225
37063,North Carolina,Durham,1960,38388
37065,North Carolina,Edgecombe,1960,24268
37067,North Carolina,Forsyth,1960,68741
37069,North Carolina,Franklin,1960,11853
37071,North Carolina,Gaston,1960,49293
37073,North Carolina,Gates,1960,3801
37075,North Carolina,Graham,1960,2716
37077,North Carolina,Granville,1960,13128
37079,North Carolina,Greene,1960,7930
37081,North Carolina,Guilford,1960,89886
37083,North Carolina,Halifax,1960,26343
37085,North Carolina,Harnett,1960,19390
37087,North Carolina,Haywood,1960,14517
37089,North Carolina,Henderson,1960,12559
37091,North Carolina,Hertford,1960,9826
37093,North Carolina,Hoke,1960,7882
37095,North Carolina,Hyde,1960,2249
37097,North Carolina,Iredell,1960,23388
37099,North Carolina,Jackson,1960,6364
37101,North Carolina,Johnston,1960,25553
37103,North Carolina,Jones,1960,5025
37105,North Carolina,Lee,1960,10639
37107,North Carolina,Lenoir,1960,23461
37109,North Carolina,Lincoln,1960,11083
37111,North Carolina,McDowell,1960,10167
37113,North Carolina,Macon,1960,5568
37115,North Carolina,Madison,1960,6041
37117,North Carolina,Martin,1960,12394
37119,North Carolina,Mecklenburg,1960,103337
37121,North Carolina,Mitchell,1960,5324
37123,North Carolina,Montgomery,1960,7448
37125,North Carolina,Moore,1960,14718
37127,North Carolina,Nash,1960,26130
37129,North Carolina,New Hanover,1960,26694
37131,North Carolina,Northampton,1960,12205
37133,North Carolina,Onslow,1960,30690
37135,North Carolina,Orange,1960,14278
37137,North Carolina,Pamlico,1960,4176
37139,North Carolina,Pasquotank,1960,10016
37141,North Carolina,Pender,1960,8069
37143,North Carolina,Perquimans,1960,3744
37145,North Carolina,Person,1960,11042
37147,North Carolina,Pitt,1960,29269
37149,North Carolina,Polk,1960,4107
37151,North Carolina,Randolph,1960,22924
37153,North Carolina,Richmond,1960,16145
37155,North Carolina,Robeson,1960,42619
37157,North Carolina,Rockingham,1960,26050
37159,North Carolina,Rowan,1960,29238
37161,North Carolina,Rutherford,1960,16664
37163,North Carolina,Sampson,1960,20421
37165,North Carolina,Scotland,1960,11659
37167,North Carolina,Stanly,1960,14840
37169,North Carolina,Stokes,1960,8486
37171,North Carolina,Surry,1960,17989
37173,North Carolina,Swain,1960,3409
37175,North Carolina,Transylvania,1960,6335
37177,North Carolina,Tyrrell,1960,1917
37179,North Carolina,Union,1960,17789
37181,North Carolina,Vance,1960,13164
37183,North Carolina,Wake,1960,59783
37185,North Carolina,Warren,1960,8986
37187,North Carolina,Washington,1960,6029
37189,North Carolina,Watauga,1960,6023
37191,North Carolina,Wayne,1960,33221
37193,North Carolina,Wilkes,1960,18040
37195,North Carolina,Wilson,1960,23633
37197,North Carolina,Yadkin,1960,8143
37199,North Carolina,Yancey,1960,5433
38001,North Dakota,Adams,1960,1822
38003,North Dakota,Barnes,1960,6349
38005,North Dakota,Benson,1960,3945
38007,North Dakota,Billings,1960,675
38009,North Dakota,Bottineau,1960,4521
38011,North Dakota,Bowman,1960,1690
38013,North Dakota,Burke,1960,2298
38015,North Dakota,Burleigh,1960,13494
38017,North Dakota,Cass,1960,24826
38019,North Dakota,Cavalier,1960,4176
38021,North Dakota,Dickey,1960,3112
38023,North Dakota,Divide,1960,2153
38025,North Dakota,Dunn,1960,2958
38027,North Dakota,Eddy,1960,2011
38029,North Dakota,Emmons,1960,3811
38031,North Dakota,Foster,1960,2250
38033,North Dakota,Golden Valley,1960,1312
38035,North Dakota,Grand Forks,1960,17675
38037,North Dakota,Grant,1960,2748
38039,North Dakota,Griggs,1960,1969
38041,North Dakota,Hettinger,1960,2847
38043,North Dakota,Kidder,1960,2324
38045,North Dakota,LaMoure,1960,3514
38047,North Dakota,Logan,1960,2353
38049,North Dakota,McHenry,1960,4642
38051,North Dakota,McIntosh,1960,2585
38053,North Dakota,McKenzie,1960,3081
38055,North Dakota,McLean,1960,5884
38057,North Dakota,Mercer,1960,2739
38059,North Dakota,Morton,1960,8993
38061,North Dakota,Mountrail,1960,4279
38063,North Dakota,Nelson,1960,2458
38065,North Dakota,Oliver,1960,1163
38067,North Dakota,Pembina,1960,5335
38069,North Dakota,Pierce,1960,3183
38071,North Dakota,Ramsey,1960,5348
38073,North Dakota,Ransom,1960,2987
38075,North Dakota,Renville,1960,1905
38077,North Dakota,Richland,1960,7009
38079,North Dakota,Rolette,1960,5143
38081,North Dakota,Sargent,1960,2771
38083,North Dakota,Sheridan,1960,1766
38085,North Dakota,Sioux,1960,1869
38087,North Dakota,Slope,1960,861
38089,North Dakota,Stark,1960,8035
38091,North Dakota,Steele,1960,1715
38093,North Dakota,Stutsman,1960,9215
38095,North Dakota,Towner,1960,2254
38097,North Dakota,Traill,1960,3616
38099,North Dakota,Walsh,1960,6713
38101,North Dakota,Ward,1960,18282
38103,North Dakota,Wells,1960,3613
38105,North Dakota,Williams,1960,9356
39001,Ohio,Adams,1960,7256
39003,Ohio,Allen,1960,38796
39005,Ohio,Ashland,1960,13933
39007,Ohio,Ashtabula,1960,34711
39009,Ohio,Athens,1960,13634
39011,Ohio,Auglaize,1960,14037
39013,Ohio,Belmont,1960,28001
39015,Ohio,Brown,1960,9211
39017,Ohio,Butler,1960,74398
39019,Ohio,Carroll,1960,8191
39021,Ohio,Champaign,1960,11141
39023,Ohio,Clark,1960,47432
39025,Ohio,Clermont,1960,34366
39027,Ohio,Clinton,1960,10776
39029,Ohio,Columbiana,1960,38637
39031,Ohio,Coshocton,1960,11295
39033,Ohio,Crawford,1960,17030
39035,Ohio,Cuyahoga,1960,556782
39037,Ohio,Darke,1960,16799
39039,Ohio,Defiance,1960,12411
39041,Ohio,Delaware,1960,12940
39043,Ohio,Erie,1960,25210
39045,Ohio,Fairfield,1960,23733
39047,Ohio,Fayette,1960,8938
39049,Ohio,Franklin,1960,239163
39051,Ohio,Fulton,1960,11502
39053,Ohio,Gallia,1960,9282
39055,Ohio,Geauga,1960,20017
39057,Ohio,Greene,1960,38141
39059,Ohio,Guernsey,1960,12291
39061,Ohio,Hamilton,1960,299801
39063,Ohio,Hancock,1960,19727
39065,Ohio,Hardin,1960,10500
39067,Ohio,Harrison,1960,6412
39069,Ohio,Henry,1960,9661
39071,Ohio,Highland,1960,10368
39073,Ohio,Hocking,1960,7427
39075,Ohio,Holmes,1960,8943
39077,Ohio,Huron,1960,18655
39079,Ohio,Jackson,1960,11315
39081,Ohio,Jefferson,1960,35011
39083,Ohio,Knox,1960,13513
39085,Ohio,Lake,1960,60158
39087,Ohio,Lawrence,1960,21173
39089,Ohio,Licking,1960,32341
39091,Ohio,Logan,1960,12748
39093,Ohio,Lorain,1960,85776
39095,Ohio,Lucas,1960,161792
39097,Ohio,Madison,1960,9696
39099,Ohio,Mahoning,1960,105615
39101,Ohio,Marion,1960,21837
39103,Ohio,Medina,1960,26394
39105,Ohio,Meigs,1960,8034
39107,Ohio,Mercer,1960,13291
39109,Ohio,Miami,1960,26813
39111,Ohio,Monroe,1960,5402
39113,Ohio,Montgomery,1960,193864
39115,Ohio,Morgan,1960,4593
39117,Ohio,Morrow,1960,7535
39119,Ohio,Muskingum,1960,27945
39121,Ohio,Noble,1960,3930
39123,Ohio,Ottawa,1960,13474
39125,Ohio,Paulding,1960,6681
39127,Ohio,Perry,1960,10244
39129,Ohio,Pickaway,1960,13104
39131,Ohio,Pike,1960,8197
39133,Ohio,Portage,1960,35710
39135,Ohio,Preble,1960,12701
39137,Ohio,Putnam,1960,11997
39139,Ohio,Richland,1960,43346
39141,Ohio,Ross,1960,22168
39143,Ohio,Sandusky,1960,22132
39145,Ohio,Scioto,1960,31053
39147,Ohio,Seneca,1960,22916
39149,Ohio,Shelby,1960,13197
39151,Ohio,Stark,1960,122879
39153,Ohio,Summit,1960,188320
39155,Ohio,Trumbull,1960,78473
39157,Ohio,Tuscarawas,1960,27488
39159,Ohio,Union,1960,8330
39161,Ohio,Van Wert,1960,10601
39163,Ohio,Vinton,1960,4128
39165,Ohio,Warren,1960,27913
39167,Ohio,Washington,1960,18386
39169,Ohio,Wayne,1960,28683
39171,Ohio,Williams,1960,11086
39173,Ohio,Wood,1960,26284
39175,Ohio,Wyandot,1960,8261
40001,Oklahoma,Adair,1960,5130
40003,Oklahoma,Alfalfa,1960,2529
40005,Oklahoma,Atoka,1960,3822
40007,Oklahoma,Beaver,1960,2552
40009,Oklahoma,Beckham,1960,5722
40011,Oklahoma,Blaine,1960,4143
40013,Oklahoma,Bryan,1960,7770
40015,Oklahoma,Caddo,1960,10521
40017,Oklahoma,Canadian,1960,8310
40019,Oklahoma,Carter,1960,13736
40021,Oklahoma,Cherokee,1960,6375
40023,Oklahoma,Choctaw,1960,5491
40025,Oklahoma,Cimarron,1960,1782
40027,Oklahoma,Cleveland,1960,14318
40029,Oklahoma,Coal,1960,1850
40031,Oklahoma,Comanche,1960,32374
40033,Oklahoma,Cotton,1960,2747
40035,Oklahoma,Craig,1960,4619
40037,Oklahoma,Creek,1960,14432
40039,Oklahoma,Custer,1960,6674
40041,Oklahoma,Delaware,1960,4589
40043,Oklahoma,Dewey,1960,1926
40045,Oklahoma,Ellis,1960,1736
40047,Oklahoma,Garfield,1960,17638
40049,Oklahoma,Garvin,1960,10250
40051,Oklahoma,Grady,1960,10026
40053,Oklahoma,Grant,1960,2523
40055,Oklahoma,Greer,1960,2488
40057,Oklahoma,Harmon,1960,2076
40059,Oklahoma,Harper,1960,2114
40061,Oklahoma,Haskell,1960,3318
40063,Oklahoma,Hughes,1960,4951
40065,Oklahoma,Jackson,1960,11140
40067,Oklahoma,Jefferson,1960,2489
40069,Oklahoma,Johnston,1960,2852
40071,Oklahoma,Kay,1960,17897
40073,Oklahoma,Kingfisher,1960,3644
40075,Oklahoma,Kiowa,1960,4872
40077,Oklahoma,Latimer,1960,2527
40079,Oklahoma,Le Flore,1960,10458
40081,Oklahoma,Lincoln,1960,6336
40083,Oklahoma,Logan,1960,5980
40085,Oklahoma,Love,1960,2039
40087,Oklahoma,McClain,1960,4605
40089,Oklahoma,McCurtain,1960,10035
40091,Oklahoma,McIntosh,1960,4590
40093,Oklahoma,Major,1960,2600
40095,Oklahoma,Marshall,1960,2258
40097,Oklahoma,Mayes,1960,7366
40099,Oklahoma,Murray,1960,3484
40101,Oklahoma,Muskogee,1960,21820
40103,Oklahoma,Noble,1960,3377
40105,Oklahoma,Nowata,1960,3644
40107,Oklahoma,Okfuskee,1960,4307
40109,Oklahoma,Oklahoma,1960,158802
40111,Oklahoma,Okmulgee,1960,12744
40113,Oklahoma,Osage,1960,11652
40115,Oklahoma,Ottawa,1960,9636
40117,Oklahoma,Pawnee,1960,3554
40119,Oklahoma,Payne,1960,12750
40121,Oklahoma,Pittsburg,1960,11080
40123,Oklahoma,Pontotoc,1960,9062
40125,Oklahoma,Pottawatomie,1960,13738
40127,Oklahoma,Pushmataha,1960,3185
40129,Oklahoma,Roger Mills,1960,1697
40131,Oklahoma,Rogers,1960,7354
40133,Oklahoma,Seminole,1960,9869
40135,Oklahoma,Sequoyah,1960,7149
40137,Oklahoma,Stephens,1960,13662
40139,Oklahoma,Texas,1960,5226
40141,Oklahoma,Tillman,1960,5278
40143,Oklahoma,Tulsa,1960,125750
40145,Oklahoma,Wagoner,1960,6003
40147,Oklahoma,Washington,1960,15876
40149,Oklahoma,Washita,1960,6287
40151,Oklahoma,Woods,1960,3545
40153,Oklahoma,Woodward,1960,4387
41001,Oregon,Baker,1960,6294
41003,Oregon,Benton,1960,12829
41005,Oregon,Clackamas,1960,42329
41007,Oregon,Clatsop,1960,8883
41009,Oregon,Columbia,1960,8399
41011,Oregon,Coos,1960,21196
41013,Oregon,Crook,1960,3689
41015,Oregon,Curry,1960,5339
41017,Oregon,Deschutes,1960,8417
41019,Oregon,Douglas,1960,27335
41021,Oregon,Gilliam,1960,1135
41023,Oregon,Grant,1960,2940
41025,Oregon,Harney,1960,2505
41027,Oregon,Hood River,1960,4879
41029,Oregon,Jackson,1960,25995
41031,Oregon,Jefferson,1960,3045
41033,Oregon,Josephine,1960,10570
41035,Oregon,Klamath,1960,17442
41037,Oregon,Lake,1960,2664
41039,Oregon,Lane,1960,60707
41041,Oregon,Lincoln,1960,8717
41043,Oregon,Linn,1960,23155
41045,Oregon,Malheur,1960,9140
41047,Oregon,Marion,1960,42402
41049,Oregon,Morrow,1960,1852
41051,Oregon,Multnomah,1960,170205
41053,Oregon,Polk,1960,9602
41055,Oregon,Sherman,1960,901
41057,Oregon,Tillamook,1960,7398
41059,Oregon,Umatilla,1960,16310
41061,Oregon,Union,1960,6327
41063,Oregon,Wallowa,1960,2621
41065,Oregon,Wasco,1960,7404
41067,Oregon,Washington,1960,35602
41069,Oregon,Wheeler,1960,1046
41071,Oregon,Yamhill,1960,11353
42001,Pennsylvania,Adams,1960,19016
42003,Pennsylvania,Allegheny,1960,544451
42005,Pennsylvania,Armstrong,1960,28747
42007,Pennsylvania,Beaver,1960,74587
42009,Pennsylvania,Bedford,1960,15683
42011,Pennsylvania,Berks,1960,83838
42013,Pennsylvania,Blair,1960,46285
42015,Pennsylvania,Bradford,1960,21188
42017,Pennsylvania,Bucks,1960,125381
42019,Pennsylvania,Butler,1960,42882
42021,Pennsylvania,Cambria,1960,74375
42023,Pennsylvania,Cameron,1960,2962
42025,Pennsylvania,Carbon,1960,16609
42027,Pennsylvania,Centre,1960,24438
42029,Pennsylvania,Chester,1960,75710
42031,Pennsylvania,Clarion,1960,13560
42033,Pennsylvania,Clearfield,1960,29440
42035,Pennsylvania,Clinton,1960,13233
42037,Pennsylvania,Columbia,1960,17607
42039,Pennsylvania,Crawford,1960,27701
42041,Pennsylvania,Cumberland,1960,44655
42043,Pennsylvania,Dauphin,1960,72600
42045,Pennsylvania,Delaware,1960,197182
42047,Pennsylvania,Elk,1960,13795
42049,Pennsylvania,Erie,1960,92675
42051,Pennsylvania,Fayette,1960,60477
42053,Pennsylvania,Forest,1960,1569
42055,Pennsylvania,Franklin,1960,30881
42057,Pennsylvania,Fulton,1960,4104
42059,Pennsylvania,Greene,1960,13718
42061,Pennsylvania,Huntingdon,1960,13965
42063,Pennsylvania,Indiana,1960,26808
42065,Pennsylvania,Jefferson,1960,16234
42067,Pennsylvania,Juniata,1960,5826
42069,Pennsylvania,Lackawanna,1960,71545
42071,Pennsylvania,Lancaster,1960,97802
42073,Pennsylvania,Lawrence,1960,39970
42075,Pennsylvania,Lebanon,1960,31532
42077,Pennsylvania,Lehigh,1960,72103
42079,Pennsylvania,Luzerne,1960,104520
42081,Pennsylvania,Lycoming,1960,37299
42083,Pennsylvania,McKean,1960,19163
42085,Pennsylvania,Mercer,1960,45898
42087,Pennsylvania,Mifflin,1960,15929
42089,Pennsylvania,Monroe,1960,12539
42091,Pennsylvania,Montgomery,1960,177034
42093,Pennsylvania,Montour,1960,4994
42095,Pennsylvania,Northampton,1960,64863
42097,Pennsylvania,Northumberland,1960,33643
42099,Pennsylvania,Perry,1960,9814
42101,Pennsylvania,Philadelphia,1960,616036
42103,Pennsylvania,Pike,1960,2735
42105,Pennsylvania,Potter,1960,6210
42107,Pennsylvania,Schuylkill,1960,52774
42109,Pennsylvania,Snyder,1960,9316
42111,Pennsylvania,Somerset,1960,27416
42113,Pennsylvania,Sullivan,1960,2193
42115,Pennsylvania,Susquehanna,1960,12385
42117,Pennsylvania,Tioga,1960,13597
42119,Pennsylvania,Union,1960,7647
42121,Pennsylvania,Venango,1960,23270
42123,Pennsylvania,Warren,1960,15293
42125,Pennsylvania,Washington,1960,74477
42127,Pennsylvania,Wayne,1960,9010
42129,Pennsylvania,Westmoreland,1960,122647
42131,Pennsylvania,Wyoming,1960,6193
42133,Pennsylvania,York,1960,83007
44001,Rhode Island,Bristol,1960,13383
44003,Rhode Island,Kent,1960,41867
44005,Rhode Island,Newport,1960,26514
44007,Rhode Island,Providence,1960,179307
44009,Rhode Island,Washington,1960,20273
45001,South Carolina,Abbeville,1960,8359
45003,South Carolina,Aiken,1960,34525
45005,South Carolina,Allendale,1960,5119
45007,South Carolina,Anderson,1960,36869
45009,South Carolina,Bamberg,1960,7167
45011,South Carolina,Barnwell,1960,7981
45013,South Carolina,Beaufort,1960,19233
45015,South Carolina,Berkeley,1960,18890
45017,South Carolina,Calhoun,1960,5789
45019,South Carolina,Charleston,1960,90845
45021,South Carolina,Cherokee,1960,14097
45023,South Carolina,Chester,1960,12727
45025,South Carolina,Chesterfield,1960,14893
45027,South Carolina,Clarendon,1960,15172
45029,South Carolina,Colleton,1960,12329
45031,South Carolina,Darlington,1960,23860
45033,South Carolina,Dillon,1960,14955
45035,South Carolina,Dorchester,1960,10836
45037,South Carolina,Edgefield,1960,7177
45039,South Carolina,Fairfield,1960,9321
45041,South Carolina,Florence,1960,37803
45043,South Carolina,Georgetown,1960,17238
45045,South Carolina,Greenville,1960,78784
45047,South Carolina,Greenwood,1960,16468
45049,South Carolina,Hampton,1960,8009
45051,South Carolina,Horry,1960,30149
45053,South Carolina,Jasper,1960,5672
45055,South Carolina,Kershaw,1960,15024
45057,South Carolina,Lancaster,1960,16646
45059,South Carolina,Laurens,1960,18708
45061,South Carolina,Lee,1960,10925
45063,South Carolina,Lexington,1960,24588
45065,South Carolina,McCormick,1960,4077
45067,South Carolina,Marion,1960,14897
45069,South Carolina,Marlboro,1960,13113
45071,South Carolina,Newberry,1960,10704
45073,South Carolina,Oconee,1960,14649
45075,South Carolina,Orangeburg,1960,31151
45077,South Carolina,Pickens,1960,17477
45079,South Carolina,Richland,1960,71958
45081,South Carolina,Saluda,1960,6026
45083,South Carolina,Spartanburg,1960,59221
45085,South Carolina,Sumter,1960,33773
45087,South Carolina,Union,1960,11765
45089,South Carolina,Williamsburg,1960,20969
45091,South Carolina,York,1960,32538
46003,South Dakota,Aurora,1960,1882
46005,South Dakota,Beadle,1960,8229
46007,South Dakota,Bennett,1960,1268
46009,South Dakota,Bon Homme,1960,3115
46011,South Dakota,Brookings,1960,6727
46013,South Dakota,Brown,1960,12805
46015,South Dakota,Brule,1960,2499
46017,South Dakota,Buffalo,1960,714
46019,South Dakota,Butte,1960,3371
46021,South Dakota,Campbell,1960,1467
46023,South Dakota,Charles Mix,1960,4959
46025,South Dakota,Clark,1960,2633
46027,South Dakota,Clay,1960,3373
46029,South Dakota,Codington,1960,8155
46031,South Dakota,Corson,1960,2677
46033,South Dakota,Custer,1960,1796
46035,South Dakota,Davison,1960,6155
46037,South Dakota,Day,1960,3927
46039,South Dakota,Deuel,1960,2593
46041,South Dakota,Dewey,1960,2361
46043,South Dakota,Douglas,1960,2059
46045,South Dakota,Edmunds,1960,2378
46047,South Dakota,Fall River,1960,3762
46049,South Dakota,Faulk,1960,1749
46051,South Dakota,Grant,1960,3888
46053,South Dakota,Gregory,1960,2802
46055,South Dakota,Haakon,1960,1379
46057,South Dakota,Hamlin,1960,2244
46059,South Dakota,Hand,1960,2775
46061,South Dakota,Hanson,1960,1893
46063,South Dakota,Harding,1960,962
46065,South Dakota,Hughes,1960,5249
46067,South Dakota,Hutchinson,1960,3962
46069,South Dakota,Hyde,1960,983
46071,South Dakota,Jackson,1960,795
46073,South Dakota,Jerauld,1960,1516
46075,South Dakota,Jones,1960,849
46077,South Dakota,Kingsbury,1960,3532
46079,South Dakota,Lake,1960,4369
46081,South Dakota,Lawrence,1960,6587
46083,South Dakota,Lincoln,1960,4590
46085,South Dakota,Lyman,1960,1857
46087,South Dakota,McCook,1960,3292
46089,South Dakota,McPherson,1960,2214
46091,South Dakota,Marshall,1960,2560
46093,South Dakota,Meade,1960,4378
46095,South Dakota,Mellette,1960,1170
46097,South Dakota,Miner,1960,2076
46099,South Dakota,Minnehaha,1960,33205
46101,South Dakota,Moody,1960,3611
46103,South Dakota,Pennington,1960,23290
46105,South Dakota,Perkins,1960,2359
46107,South Dakota,Potter,1960,1958
46109,South Dakota,Roberts,1960,5244
46111,South Dakota,Sanborn,1960,1784
46113,South Dakota,Shannon,1960,2823
46115,South Dakota,Spink,1960,4257
46117,South Dakota,Stanley,1960,1907
46119,South Dakota,Sully,1960,1069
46121,South Dakota,Todd,1960,2156
46123,South Dakota,Tripp,1960,3544
46125,South Dakota,Turner,1960,3943
46127,South Dakota,Union,1960,3877
46129,South Dakota,Walworth,1960,3215
46131,South Dakota,Washabaugh,1960,443
46135,South Dakota,Yankton,1960,5738
46137,South Dakota,Ziebach,1960,1164
47001,Tennessee,Anderson,1960,24521
47003,Tennessee,Bedford,1960,7998
47005,Tennessee,Benton,1960,3547
47007,Tennessee,Bledsoe,1960,3352
47009,Tennessee,Blount,1960,21872
47011,Tennessee,Bradley,1960,14637
47013,Tennessee,Campbell,1960,11274
47015,Tennessee,Cannon,1960,2895
47017,Tennessee,Carroll,1960,7692
47019,Tennessee,Carter,1960,15580
47021,Tennessee,Cheatham,1960,3459
47023,Tennessee,Chester,1960,3298
47025,Tennessee,Claiborne,1960,7285
47027,Tennessee,Clay,1960,2821
47029,Tennessee,Cocke,1960,9185
47031,Tennessee,Coffee,1960,11167
47033,Tennessee,Crockett,1960,5561
47035,Tennessee,Cumberland,1960,7969
47037,Tennessee,Davidson,1960,138138
47039,Tennessee,Decatur,1960,2818
47041,Tennessee,DeKalb,1960,3681
47043,Tennessee,Dickson,1960,6733
47045,Tennessee,Dyer,1960,10616
47047,Tennessee,Fayette,1960,11929
47049,Tennessee,Fentress,1960,5882
47051,Tennessee,Franklin,1960,9756
47053,Tennessee,Gibson,1960,15527
47055,Tennessee,Giles,1960,7671
47057,Tennessee,Grainger,1960,4729
47059,Tennessee,Greene,1960,14992
47061,Tennessee,Grundy,1960,4820
47063,Tennessee,Hamblen,1960,12003
47065,Tennessee,Hamilton,1960,85876
47067,Tennessee,Hancock,1960,3139
47069,Tennessee,Hardeman,1960,8062
47071,Tennessee,Hardin,1960,6383
47073,Tennessee,Hawkins,1960,11457
47075,Tennessee,Haywood,1960,10680
47077,Tennessee,Henderson,1960,5672
47079,Tennessee,Henry,1960,7204
47081,Tennessee,Hickman,1960,4254
47083,Tennessee,Houston,1960,1708
47085,Tennessee,Humphreys,1960,4224
47087,Tennessee,Jackson,1960,3248
47089,Tennessee,Jefferson,1960,7180
47091,Tennessee,Johnson,1960,4043
47093,Tennessee,Knox,1960,86803
47095,Tennessee,Lake,1960,4033
47097,Tennessee,Lauderdale,1960,8611
47099,Tennessee,Lawrence,1960,10703
47101,Tennessee,Lewis,1960,2400
47103,Tennessee,Lincoln,1960,8686
47105,Tennessee,Loudon,1960,8739
47107,Tennessee,McMinn,1960,12394
47109,Tennessee,McNairy,1960,6535
47111,Tennessee,Macon,1960,4209
47113,Tennessee,Madison,1960,21973
47115,Tennessee,Marion,1960,8747
47117,Tennessee,Marshall,1960,5775
47119,Tennessee,Maury,1960,15149
47121,Tennessee,Meigs,1960,2150
47123,Tennessee,Monroe,1960,9196
47125,Tennessee,Montgomery,1960,19932
47127,Tennessee,Moore,1960,1178
47129,Tennessee,Morgan,1960,5821
47131,Tennessee,Obion,1960,8864
47133,Tennessee,Overton,1960,5523
47135,Tennessee,Perry,1960,1815
47137,Tennessee,Pickett,1960,1765
47139,Tennessee,Polk,1960,4858
47141,Tennessee,Putnam,1960,9817
47143,Tennessee,Rhea,1960,6152
47145,Tennessee,Roane,1960,15566
47147,Tennessee,Robertson,1960,9938
47149,Tennessee,Rutherford,1960,19004
47151,Tennessee,Scott,1960,6873
47153,Tennessee,Sequatchie,1960,2476
47155,Tennessee,Sevier,1960,9105
47157,Tennessee,Shelby,1960,238512
47159,Tennessee,Smith,1960,3896
47161,Tennessee,Stewart,1960,2781
47163,Tennessee,Sullivan,1960,42472
47165,Tennessee,Sumner,1960,13097
47167,Tennessee,Tipton,1960,12507
47169,Tennessee,Trousdale,1960,1668
47171,Tennessee,Unicoi,1960,5708
47173,Tennessee,Union,1960,3303
47175,Tennessee,Van Buren,1960,1543
47177,Tennessee,Warren,1960,8329
47179,Tennessee,Washington,1960,22260
47181,Tennessee,Wayne,1960,4763
47183,Tennessee,Weakley,1960,7235
47185,Tennessee,White,1960,5644
47187,Tennessee,Williamson,1960,9652
47189,Tennessee,Wilson,1960,9562
48001,Texas,Anderson,1960,9714
48003,Texas,Andrews,1960,5799
48005,Texas,Angelina,1960,14589
48007,Texas,Aransas,1960,2683
48009,Texas,Archer,1960,2171
48011,Texas,Armstrong,1960,626
48013,Texas,Atascosa,1960,8131
48015,Texas,Austin,1960,4314
48017,Texas,Bailey,1960,3633
48019,Texas,Bandera,1960,1185
48021,Texas,Bastrop,1960,5938
48023,Texas,Baylor,1960,1866
48025,Texas,Bee,1960,9978
48027,Texas,Bell,1960,32705
48029,Texas,Bexar,1960,273252
48031,Texas,Blanco,1960,1160
48033,Texas,Borden,1960,435
48035,Texas,Bosque,1960,3016
48037,Texas,Bowie,1960,21764
48039,Texas,Brazoria,1960,30380
48041,Texas,Brazos,1960,15805
48043,Texas,Brewster,1960,2341
48045,Texas,Briscoe,1960,1396
48047,Texas,Brooks,1960,3799
48049,Texas,Brown,1960,7152
48051,Texas,Burleson,1960,4004
48053,Texas,Burnet,1960,3155
48055,Texas,Caldwell,1960,6389
48057,Texas,Calhoun,1960,7543
48059,Texas,Callahan,1960,2431
48061,Texas,Cameron,1960,69919
48063,Texas,Camp,1960,2824
48065,Texas,Carson,1960,3178
48067,Texas,Cass,1960,8670
48069,Texas,Castro,1960,4083
48071,Texas,Chambers,1960,4136
48073,Texas,Cherokee,1960,10573
48075,Texas,Childress,1960,2718
48077,Texas,Clay,1960,2705
48079,Texas,Cochran,1960,2738
48081,Texas,Coke,1960,1277
48083,Texas,Coleman,1960,3726
48085,Texas,Collin,1960,13974
48087,Texas,Collingsworth,1960,2181
48089,Texas,Colorado,1960,6888
48091,Texas,Comal,1960,7580
48093,Texas,Comanche,1960,3202
48095,Texas,Concho,1960,1243
48097,Texas,Cooke,1960,8216
48099,Texas,Coryell,1960,8063
48101,Texas,Cottle,1960,1485
48103,Texas,Crane,1960,1883
48105,Texas,Crockett,1960,1716
48107,Texas,Crosby,1960,4350
48109,Texas,Culberson,1960,1233
48111,Texas,Dallam,1960,2215
48113,Texas,Dallas,1960,347866
48115,Texas,Dawson,1960,7902
48117,Texas,Deaf Smith,1960,5643
48119,Texas,Delta,1960,1771
48121,Texas,Denton,1960,14178
48123,Texas,DeWitt,1960,7375
48125,Texas,Dickens,1960,1670
48127,Texas,Dimmit,1960,4848
48129,Texas,Donley,1960,1366
48131,Texas,Duval,1960,5713
48133,Texas,Eastland,1960,5476
48135,Texas,Ector,1960,38276
48137,Texas,Edwards,1960,838
48139,Texas,Ellis,1960,15495
48141,Texas,El Paso,1960,132836
48143,Texas,Erath,1960,4187
48145,Texas,Falls,1960,7521
48147,Texas,Fannin,1960,6877
48149,Texas,Fayette,1960,6208
48151,Texas,Fisher,1960,2767
48153,Texas,Floyd,1960,4988
48155,Texas,Foard,1960,1024
48157,Texas,Fort Bend,1960,16496
48159,Texas,Franklin,1960,1552
48161,Texas,Freestone,1960,4306
48163,Texas,Frio,1960,4638
48165,Texas,Gaines,1960,5186
48167,Texas,Galveston,1960,53328
48169,Texas,Garza,1960,2652
48171,Texas,Gillespie,1960,3271
48173,Texas,Glasscock,1960,412
48175,Texas,Goliad,1960,1995
48177,Texas,Gonzales,1960,6520
48179,Texas,Gray,1960,11730
48181,Texas,Grayson,1960,24032
48183,Texas,Gregg,1960,25366
48185,Texas,Grimes,1960,4575
48187,Texas,Guadalupe,1960,11101
48189,Texas,Hale,1960,15098
48191,Texas,Hall,1960,2516
48193,Texas,Hamilton,1960,2293
48195,Texas,Hansford,1960,2480
48197,Texas,Hardeman,1960,2772
48199,Texas,Hardin,1960,9643
48201,Texas,Harris,1960,476499
48203,Texas,Harrison,1960,17278
48205,Texas,Hartley,1960,806
48207,Texas,Haskell,1960,3925
48209,Texas,Hays,1960,7189
48211,Texas,Hemphill,1960,1144
48213,Texas,Henderson,1960,7475
48215,Texas,Hidalgo,1960,85885
48217,Texas,Hill,1960,7218
48219,Texas,Hockley,1960,9483
48221,Texas,Hood,1960,1665
48223,Texas,Hopkins,1960,5678
48225,Texas,Houston,1960,6316
48227,Texas,Howard,1960,15343
48229,Texas,Hudspeth,1960,1408
48231,Texas,Hunt,1960,12695
48233,Texas,Hutchinson,1960,13737
48235,Texas,Irion,1960,401
48237,Texas,Jack,1960,2303
48239,Texas,Jackson,1960,5808
48241,Texas,Jasper,1960,8656
48243,Texas,Jeff Davis,1960,639
48245,Texas,Jefferson,1960,93188
48247,Texas,Jim Hogg,1960,2165
48249,Texas,Jim Wells,1960,15614
48251,Texas,Johnson,1960,11576
48253,Texas,Jones,1960,6604
48255,Texas,Karnes,1960,6349
48257,Texas,Kaufman,1960,9771
48259,Texas,Kendall,1960,1965
48261,Texas,Kenedy,1960,402
48263,Texas,Kent,1960,593
48265,Texas,Kerr,1960,4695
48267,Texas,Kimble,1960,1320
48269,Texas,King,1960,235
48271,Texas,Kinney,1960,935
48273,Texas,Kleberg,1960,12012
48275,Texas,Knox,1960,2830
48277,Texas,Lamar,1960,11041
48279,Texas,Lamb,1960,8887
48281,Texas,Lampasas,1960,3232
48283,Texas,La Salle,1960,2647
48285,Texas,Lavaca,1960,6828
48287,Texas,Lee,1960,3066
48289,Texas,Leon,1960,3473
48291,Texas,Liberty,1960,12519
48293,Texas,Limestone,1960,6349
48295,Texas,Lipscomb,1960,1149
48297,Texas,Live Oak,1960,3357
48299,Texas,Llano,1960,1466
48301,Texas,Loving,1960,86
48303,Texas,Lubbock,1960,61443
48305,Texas,Lynn,1960,4552
48307,Texas,McCulloch,1960,2837
48309,Texas,McLennan,1960,51912
48311,Texas,McMullen,1960,410
48313,Texas,Madison,1960,2123
48315,Texas,Marion,1960,3099
48317,Texas,Martin,1960,2065
48319,Texas,Mason,1960,1192
48321,Texas,Matagorda,1960,10477
48323,Texas,Maverick,1960,6704
48325,Texas,Medina,1960,8042
48327,Texas,Menard,1960,967
48329,Texas,Midland,1960,28527
48331,Texas,Milam,1960,7819
48333,Texas,Mills,1960,1207
48335,Texas,Mitchell,1960,4335
48337,Texas,Montague,1960,4407
48339,Texas,Montgomery,1960,10302
48341,Texas,Moore,1960,6434
48343,Texas,Morris,1960,4923
48345,Texas,Motley,1960,983
48347,Texas,Nacogdoches,1960,9607
48349,Texas,Navarro,1960,11287
48351,Texas,Newton,1960,4225
48353,Texas,Nolan,1960,6826
48355,Texas,Nueces,1960,96604
48357,Texas,Ochiltree,1960,3742
48359,Texas,Oldham,1960,884
48361,Texas,Orange,1960,25178
48363,Texas,Palo Pinto,1960,7021
48365,Texas,Panola,1960,6251
48367,Texas,Parker,1960,7472
48369,Texas,Parmer,1960,4041
48371,Texas,Pecos,1960,5080
48373,Texas,Polk,1960,5242
48375,Texas,Potter,1960,42269
48377,Texas,Presidio,1960,2212
48379,Texas,Rains,1960,915
48381,Texas,Randall,1960,13081
48383,Texas,Reagan,1960,1585
48385,Texas,Real,1960,751
48387,Texas,Red River,1960,5280
48389,Texas,Reeves,1960,7754
48391,Texas,Refugio,1960,4685
48393,Texas,Roberts,1960,357
48395,Texas,Robertson,1960,6054
48397,Texas,Rockwall,1960,2099
48399,Texas,Runnels,1960,5403
48401,Texas,Rusk,1960,12756
48403,Texas,Sabine,1960,2670
48405,Texas,San Augustine,1960,3005
48407,Texas,San Jacinto,1960,2375
48409,Texas,San Patricio,1960,21153
48411,Texas,San Saba,1960,1969
48413,Texas,Schleicher,1960,1053
48415,Texas,Scurry,1960,8249
48417,Texas,Shackelford,1960,1189
48419,Texas,Shelby,1960,7226
48421,Texas,Sherman,1960,988
48423,Texas,Smith,1960,31201
48425,Texas,Somervell,1960,723
48427,Texas,Starr,1960,7984
48429,Texas,Stephens,1960,2639
48431,Texas,Sterling,1960,437
48433,Texas,Stonewall,1960,1041
48435,Texas,Sutton,1960,1460
48437,Texas,Swisher,1960,4283
48439,Texas,Tarrant,1960,198404
48441,Texas,Taylor,1960,36298
48443,Texas,Terrell,1960,1007
48445,Texas,Terry,1960,6857
48447,Texas,Throckmorton,1960,799
48449,Texas,Titus,1960,5745
48451,Texas,Tom Green,1960,23346
48453,Texas,Travis,1960,73368
48455,Texas,Trinity,1960,2482
48457,Texas,Tyler,1960,3979
48459,Texas,Upshur,1960,7321
48461,Texas,Upton,1960,2651
48463,Texas,Uvalde,1960,6875
48465,Texas,Val Verde,1960,10264
48467,Texas,Van Zandt,1960,6088
48469,Texas,Victoria,1960,19438
48471,Texas,Walker,1960,5262
48473,Texas,Waller,1960,3948
48475,Texas,Ward,1960,6191
48477,Texas,Washington,1960,6198
48479,Texas,Webb,1960,28919
48481,Texas,Wharton,1960,15436
48483,Texas,Wheeler,1960,2651
48485,Texas,Wichita,1960,43828
48487,Texas,Wilbarger,1960,5819
48489,Texas,Willacy,1960,9829
48491,Texas,Williamson,1960,12295
48493,Texas,Wilson,1960,5343
48495,Texas,Winkler,1960,5800
48497,Texas,Wise,1960,5663
48499,Texas,Wood,1960,5558
48501,Texas,Yoakum,1960,3373
48503,Texas,Young,1960,5728
48505,Texas,Zapata,1960,1867
48507,Texas,Zavala,1960,6138
49001,Utah,Beaver,1960,1856
49003,Utah,Box Elder,1960,11336
49005,Utah,Cache,1960,13925
49007,Utah,Carbon,1960,9109
49009,Utah,Daggett,1960,493
49011,Utah,Davis,1960,31771
49013,Utah,Duchesne,1960,3443
49015,Utah,Emery,1960,2440
49017,Utah,Garfield,1960,1594
49019,Utah,Grand,1960,2768
49021,Utah,Iron,1960,4654
49023,Utah,Juab,1960,1917
49025,Utah,Kane,1960,1201
49027,Utah,Millard,1960,3653
49029,Utah,Morgan,1960,1262
49031,Utah,Piute,1960,629
49033,Utah,Rich,1960,742
49035,Utah,Salt Lake,1960,159173
49037,Utah,San Juan,1960,4576
49039,Utah,Sanpete,1960,4294
49041,Utah,Sevier,1960,4556
49043,Utah,Summit,1960,2436
49045,Utah,Tooele,1960,7811
49047,Utah,Uintah,1960,5400
49049,Utah,Utah,1960,45582
49051,Utah,Wasatch,1960,2376
49053,Utah,Washington,1960,4595
49055,Utah,Wayne,1960,788
49057,Utah,Weber,1960,47705
50001,Vermont,Addison,1960,7508
50003,Vermont,Bennington,1960,8683
50005,Vermont,Caledonia,1960,8275
50007,Vermont,Chittenden,1960,28367
50009,Vermont,Essex,1960,2300
50011,Vermont,Franklin,1960,11565
50013,Vermont,Grand Isle,1960,1042
50015,Vermont,Lamoille,1960,4092
50017,Vermont,Orange,1960,6021
50019,Vermont,Orleans,1960,8027
50021,Vermont,Rutland,1960,16347
50023,Vermont,Washington,1960,14515
50025,Vermont,Windham,1960,10113
50027,Vermont,Windsor,1960,15443
51001,Virginia,Accomack,1960,10369
51003,Virginia,Albemarle,1960,10705
51005,Virginia,Alleghany,1960,4794
51007,Virginia,Amelia,1960,3330
51009,Virginia,Amherst,1960,8280
51011,Virginia,Appomattox,1960,3325
51013,Virginia,Arlington,1960,48995
51015,Virginia,Augusta,1960,13719
51017,Virginia,Bath,1960,1794
51019,Virginia,Bedford,1960,11486
51021,Virginia,Bland,1960,2087
51023,Virginia,Botetourt,1960,6205
51025,Virginia,Brunswick,1960,7523
51027,Virginia,Buchanan,1960,18083
51029,Virginia,Buckingham,1960,4453
51031,Virginia,Campbell,1960,12941
51033,Virginia,Caroline,1960,5170
51035,Virginia,Carroll,1960,8584
51036,Virginia,Charles City,1960,2577
51037,Virginia,Charlotte,1960,5308
51041,Virginia,Chesterfield,1960,27591
51043,Virginia,Clarke,1960,2840
51045,Virginia,Craig,1960,1167
51047,Virginia,Culpeper,1960,5485
51049,Virginia,Cumberland,1960,2638
51051,Virginia,Dickenson,1960,9444
51053,Virginia,Dinwiddie,1960,7469
51057,Virginia,Essex,1960,2505
51059,Virginia,Fairfax,1960,115996
51061,Virginia,Fauquier,1960,9303
51063,Virginia,Floyd,1960,3651
51065,Virginia,Fluvanna,1960,2712
51067,Virginia,Franklin,1960,10082
51069,Virginia,Frederick,1960,8419
51071,Virginia,Giles,1960,6688
51073,Virginia,Gloucester,1960,4269
51075,Virginia,Goochland,1960,3400
51077,Virginia,Grayson,1960,6169
51079,Virginia,Greene,1960,1819
51081,Virginia,Greensville,1960,7106
51083,Virginia,Halifax,1960,13996
51085,Virginia,Hanover,1960,10533
51087,Virginia,Henrico,1960,43922
51089,Virginia,Henry,1960,16574
51091,Virginia,Highland,1960,1039
51093,Virginia,Isle Of Wight,1960,7101
51095,Virginia,James City,1960,4157
51097,Virginia,King And Queen,1960,2316
51099,Virginia,King George,1960,2786
51101,Virginia,King William,1960,2930
51103,Virginia,Lancaster,1960,3274
51105,Virginia,Lee,1960,10543
51107,Virginia,Loudoun,1960,9428
51109,Virginia,Louisa,1960,5024
51111,Virginia,Lunenburg,1960,4886
51113,Virginia,Madison,1960,3069
51115,Virginia,Mathews,1960,2048
51117,Virginia,Mecklenburg,1960,13045
51119,Virginia,Middlesex,1960,2196
51121,Virginia,Montgomery,1960,10826
51123,Virginia,Nansemond,1960,13356
51125,Virginia,Nelson,1960,4747
51127,Virginia,New Kent,1960,1764
51129,Virginia,Norfolk,1960,22454
51131,Virginia,Northampton,1960,6283
51133,Virginia,Northumberland,1960,3687
51135,Virginia,Nottoway,1960,5571
51137,Virginia,Orange,1960,4766
51139,Virginia,Page,1960,5553
51141,Virginia,Patrick,1960,5850
51143,Virginia,Pittsylvania,1960,24216
51145,Virginia,Powhatan,1960,2539
51147,Virginia,Prince Edward,1960,4751
51149,Virginia,Prince George,1960,7138
51151,Virginia,Princess Anne,1960,31988
51153,Virginia,Prince William,1960,20618
51155,Virginia,Pulaski,1960,10290
51157,Virginia,Rappahannock,1960,1986
51159,Virginia,Richmond,1960,2278
51161,Virginia,Roanoke,1960,21905
51163,Virginia,Rockbridge,1960,8096
51165,Virginia,Rockingham,1960,14891
51167,Virginia,Russell,1960,10986
51169,Virginia,Scott,1960,9837
51171,Virginia,Shenandoah,1960,7431
51173,Virginia,Smyth,1960,11194
51175,Virginia,Southampton,1960,11256
51177,Virginia,Spotsylvania,1960,5536
51179,Virginia,Stafford,1960,6675
51181,Virginia,Surry,1960,2654
51183,Virginia,Sussex,1960,5521
51185,Virginia,Tazewell,1960,18566
51187,Virginia,Warren,1960,5287
51191,Virginia,Washington,1960,14275
51193,Virginia,Westmoreland,1960,4454
51195,Virginia,Wise,1960,18490
51197,Virginia,Wythe,1960,8310
51199,Virginia,York,1960,8600
51510,Virginia,Alexandria City,1960,30920
51520,Virginia,Bristol City,1960,5794
51530,Virginia,Buena Vista City,1960,2283
51540,Virginia,Charlottesville City,1960,8849
51560,Virginia,Clifton Forge City,1960,1606
51570,Virginia,Colonial Heights City,1960,3236
51580,Virginia,Covington City,1960,3732
51590,Virginia,Danville City,1960,15748
51610,Virginia,Falls Church City,1960,4089
51630,Virginia,Fredericksburg City,1960,3837
51640,Virginia,Galax City,1960,1844
51650,Virginia,Hampton City,1960,33505
51660,Virginia,Harrisonburg City,1960,3484
51670,Virginia,Hopewell City,1960,6839
51680,Virginia,Lynchburg City,1960,17707
51690,Virginia,Martinsville City,1960,6984
51700,Virginia,Newport News City,1960,42390
51710,Virginia,Norfolk City,1960,106232
51720,Virginia,Norton City,1960,1859
51730,Virginia,Petersburg City,1960,13013
51740,Virginia,Portsmouth City,1960,41649
51750,Virginia,Radford City,1960,2903
51760,Virginia,Richmond City,1960,66257
51770,Virginia,Roanoke City,1960,31868
51780,Virginia,South Boston City,1960,2165
51780,Virginia,South Norfolk City,1960,8721
51790,Virginia,Staunton City,1960,6691
51800,Virginia,Suffolk City,1960,4119
51810,Virginia,Virginia Beach City,1960,2622
51820,Virginia,Waynesboro City,1960,5966
51830,Virginia,Williamsburg City,1960,1119
51840,Virginia,Winchester City,1960,4678
53001,Washington,Adams,1960,4100
53003,Washington,Asotin,1960,4806
53005,Washington,Benton,1960,25934
53007,Washington,Chelan,1960,14726
53009,Washington,Clallam,1960,11130
53011,Washington,Clark,1960,34751
53013,Washington,Columbia,1960,1549
53015,Washington,Cowlitz,1960,22109
53017,Washington,Douglas,1960,6151
53019,Washington,Ferry,1960,1602
53021,Washington,Franklin,1960,9666
53023,Washington,Garfield,1960,1119
53025,Washington,Grant,1960,19708
53027,Washington,Grays Harbor,1960,19305
53029,Washington,Island,1960,7211
53031,Washington,Jefferson,1960,3715
53033,Washington,King,1960,324357
53035,Washington,Kitsap,1960,29408
53037,Washington,Kittitas,1960,6842
53039,Washington,Klickitat,1960,5232
53041,Washington,Lewis,1960,14847
53043,Washington,Lincoln,1960,3910
53045,Washington,Mason,1960,5934
53047,Washington,Okanogan,1960,9805
53049,Washington,Pacific,1960,4969
53051,Washington,Pend Oreille,1960,2597
53053,Washington,Pierce,1960,111669
53055,Washington,San Juan,1960,818
53057,Washington,Skagit,1960,18044
53059,Washington,Skamania,1960,1932
53061,Washington,Snohomish,1960,66584
53063,Washington,Spokane,1960,99302
53065,Washington,Stevens,1960,6756
53067,Washington,Thurston,1960,20387
53069,Washington,Wahkiakum,1960,1244
53071,Washington,Walla Walla,1960,13702
53073,Washington,Whatcom,1960,24692
53075,Washington,Whitman,1960,9459
53077,Washington,Yakima,1960,57235
54001,West Virginia,Barbour,1960,5658
54003,West Virginia,Berkeley,1960,11371
54005,West Virginia,Boone,1960,12478
54007,West Virginia,Braxton,1960,5990
54009,West Virginia,Brooke,1960,10367
54011,West Virginia,Cabell,1960,34989
54013,West Virginia,Calhoun,1960,3080
54015,West Virginia,Clay,1960,5484
54017,West Virginia,Doddridge,1960,2468
54019,West Virginia,Fayette,1960,25318
54021,West Virginia,Gilmer,1960,2838
54023,West Virginia,Grant,1960,3212
54025,West Virginia,Greenbrier,1960,13185
54027,West Virginia,Hampshire,1960,4450
54029,West Virginia,Hancock,1960,14603
54031,West Virginia,Hardy,1960,3489
54033,West Virginia,Harrison,1960,26590
54035,West Virginia,Jackson,1960,7314
54037,West Virginia,Jefferson,1960,6854
54039,West Virginia,Kanawha,1960,95750
54041,West Virginia,Lewis,1960,5701
54043,West Virginia,Lincoln,1960,8843
54045,West Virginia,Logan,1960,28104
54047,West Virginia,McDowell,1960,32651
54049,West Virginia,Marion,1960,20994
54051,West Virginia,Marshall,1960,12632
54053,West Virginia,Mason,1960,9425
54055,West Virginia,Mercer,1960,25065
54057,West Virginia,Mineral,1960,7990
54059,West Virginia,Mingo,1960,18421
54061,West Virginia,Monongalia,1960,18129
54063,West Virginia,Monroe,1960,4166
54065,West Virginia,Morgan,1960,3064
54067,West Virginia,Nicholas,1960,10850
54069,West Virginia,Ohio,1960,21490
54071,West Virginia,Pendleton,1960,2963
54073,West Virginia,Pleasants,1960,2735
54075,West Virginia,Pocahontas,1960,3575
54077,West Virginia,Preston,1960,10953
54079,West Virginia,Putnam,1960,9432
54081,West Virginia,Raleigh,1960,32063
54083,West Virginia,Randolph,1960,9739
54085,West Virginia,Ritchie,1960,3709
54087,West Virginia,Roane,1960,5467
54089,West Virginia,Summers,1960,5513
54091,West Virginia,Taylor,1960,5308
54093,West Virginia,Tucker,1960,2776
54095,West Virginia,Tyler,1960,3503
54097,West Virginia,Upshur,1960,6519
54099,West Virginia,Wayne,1960,15659
54101,West Virginia,Webster,1960,6033
54103,West Virginia,Wetzel,1960,7041
54105,West Virginia,Wirt,1960,1588
54107,West Virginia,Wood,1960,28396
54109,West Virginia,Wyoming,1960,16360
55001,Wisconsin,Adams,1960,2512
55003,Wisconsin,Ashland,1960,6233
55005,Wisconsin,Barron,1960,13134
55007,Wisconsin,Bayfield,1960,4270
55009,Wisconsin,Brown,1960,51068
55011,Wisconsin,Buffalo,1960,5466
55013,Wisconsin,Burnett,1960,3285
55015,Wisconsin,Calumet,1960,9331
55017,Wisconsin,Chippewa,1960,18032
55019,Wisconsin,Clark,1960,12436
55021,Wisconsin,Columbia,1960,13330
55023,Wisconsin,Crawford,1960,6471
55025,Wisconsin,Dane,1960,78415
55027,Wisconsin,Dodge,1960,22817
55029,Wisconsin,Door,1960,7541
55031,Wisconsin,Douglas,1960,15813
55033,Wisconsin,Dunn,1960,9298
55035,Wisconsin,Eau Claire,1960,21364
55037,Wisconsin,Florence,1960,1299
55039,Wisconsin,Fond du Lac,1960,27964
55041,Wisconsin,Forest,1960,2997
55043,Wisconsin,Grant,1960,17129
55045,Wisconsin,Green,1960,9330
55047,Wisconsin,Green Lake,1960,5181
55049,Wisconsin,Iowa,1960,7779
55051,Wisconsin,Iron,1960,2728
55053,Wisconsin,Jackson,1960,5711
55055,Wisconsin,Jefferson,1960,17685
55057,Wisconsin,Juneau,1960,6501
55059,Wisconsin,Kenosha,1960,37081
55061,Wisconsin,Kewaunee,1960,7271
55063,Wisconsin,La Crosse,1960,26118
55065,Wisconsin,Lafayette,1960,7276
55067,Wisconsin,Langlade,1960,7960
55069,Wisconsin,Lincoln,1960,7984
55071,Wisconsin,Manitowoc,1960,28438
55073,Wisconsin,Marathon,1960,34954
55075,Wisconsin,Marinette,1960,12946
55077,Wisconsin,Marquette,1960,2817
55079,Wisconsin,Milwaukee,1960,352021
55081,Wisconsin,Monroe,1960,12130
55083,Wisconsin,Oconto,1960,9887
55085,Wisconsin,Oneida,1960,8554
55087,Wisconsin,Outagamie,1960,42342
55089,Wisconsin,Ozaukee,1960,15642
55091,Wisconsin,Pepin,1960,2888
55093,Wisconsin,Pierce,1960,8344
55095,Wisconsin,Polk,1960,9197
55097,Wisconsin,Portage,1960,13820
55099,Wisconsin,Price,1960,5195
55101,Wisconsin,Racine,1960,53890
55103,Wisconsin,Richland,1960,6755
55105,Wisconsin,Rock,1960,42436
55107,Wisconsin,Rusk,1960,6007
55109,Wisconsin,St Croix,1960,11679
55111,Wisconsin,Sauk,1960,13632
55113,Wisconsin,Sawyer,1960,3351
55115,Wisconsin,Shawano,1960,13142
55117,Wisconsin,Sheboygan,1960,30448
55119,Wisconsin,Taylor,1960,7544
55121,Wisconsin,Trempealeau,1960,8383
55123,Wisconsin,Vernon,1960,9386
55125,Wisconsin,Vilas,1960,3169
55127,Wisconsin,Walworth,1960,18591
55129,Wisconsin,Washburn,1960,3739
55131,Wisconsin,Washington,1960,18494
55133,Wisconsin,Waukesha,1960,64690
55135,Wisconsin,Waupaca,1960,12228
55137,Wisconsin,Waushara,1960,4547
55139,Wisconsin,Winnebago,1960,39175
55141,Wisconsin,Wood,1960,23853
56001,Wyoming,Albany,1960,7059
56003,Wyoming,Big Horn,1960,4897
56005,Wyoming,Campbell,1960,2300
56007,Wyoming,Carbon,1960,5595
56009,Wyoming,Converse,1960,2428
56011,Wyoming,Crook,1960,1828
56013,Wyoming,Fremont,1960,11014
56015,Wyoming,Goshen,1960,4628
56017,Wyoming,Hot Springs,1960,2368
56019,Wyoming,Johnson,1960,2059
56021,Wyoming,Laramie,1960,22788
56023,Wyoming,Lincoln,1960,3966
56025,Wyoming,Natrona,1960,19804
56027,Wyoming,Niobrara,1960,1270
56029,Wyoming,Park,1960,6988
56031,Wyoming,Platte,1960,2684
56033,Wyoming,Sheridan,1960,6367
56035,Wyoming,Sublette,1960,1478
56037,Wyoming,Sweetwater,1960,6781
56039,Wyoming,Teton,1960,1163
56041,Wyoming,Uinta,1960,2836
56043,Wyoming,Washakie,1960,3815
56045,Wyoming,Weston,1960,3296
56047,Wyoming,Yellowstone National Park,1960,144
01001,Alabama,Autauga,1970,10119
01003,Alabama,Baldwin,1970,22047
01005,Alabama,Barbour,1970,8391
01007,Alabama,Bibb,1970,5190
01009,Alabama,Blount,1970,9067
01011,Alabama,Bullock,1970,4873
01013,Alabama,Butler,1970,8047
01015,Alabama,Calhoun,1970,34979
01017,Alabama,Chambers,1970,12558
01019,Alabama,Cherokee,1970,5124
01021,Alabama,Chilton,1970,8614
01023,Alabama,Choctaw,1970,6578
01025,Alabama,Clarke,1970,10703
01027,Alabama,Clay,1970,4331
01029,Alabama,Cleburne,1970,3833
01031,Alabama,Coffee,1970,12446
01033,Alabama,Colbert,1970,17945
01035,Alabama,Conecuh,1970,5944
01037,Alabama,Coosa,1970,3845
01039,Alabama,Covington,1970,11315
01041,Alabama,Crenshaw,1970,4355
01043,Alabama,Cullman,1970,17791
01045,Alabama,Dale,1970,17424
01047,Alabama,Dallas,1970,22181
01049,Alabama,DeKalb,1970,13818
01051,Alabama,Elmore,1970,12116
01053,Alabama,Escambia,1970,12513
01055,Alabama,Etowah,1970,31542
01057,Alabama,Fayette,1970,5356
01059,Alabama,Franklin,1970,7880
01061,Alabama,Geneva,1970,7284
01063,Alabama,Greene,1970,4424
01065,Alabama,Hale,1970,6636
01067,Alabama,Henry,1970,4590
01069,Alabama,Houston,1970,20409
01071,Alabama,Jackson,1970,13745
01073,Alabama,Jefferson,1970,221351
01075,Alabama,Lamar,1970,4641
01077,Alabama,Lauderdale,1970,23911
01079,Alabama,Lawrence,1970,10627
01081,Alabama,Lee,1970,19633
01083,Alabama,Limestone,1970,15558
01085,Alabama,Lowndes,1970,6033
01087,Alabama,Macon,1970,8161
01089,Alabama,Madison,1970,72766
01091,Alabama,Marengo,1970,9697
01093,Alabama,Marion,1970,7728
01095,Alabama,Marshall,1970,18748
01097,Alabama,Mobile,1970,121618
01099,Alabama,Monroe,1970,8347
01101,Alabama,Montgomery,1970,61489
01103,Alabama,Morgan,1970,28540
01105,Alabama,Perry,1970,5989
01107,Alabama,Pickens,1970,7726
01109,Alabama,Pike,1970,8215
01111,Alabama,Randolph,1970,6057
01113,Alabama,Russell,1970,17509
01115,Alabama,St Clair,1970,10126
01117,Alabama,Shelby,1970,13515
01119,Alabama,Sumter,1970,6633
01121,Alabama,Talladega,1970,25149
01123,Alabama,Tallapoosa,1970,11573
01125,Alabama,Tuscaloosa,1970,36436
01127,Alabama,Walker,1970,19249
01129,Alabama,Washington,1970,6813
01131,Alabama,Wilcox,1970,7228
01133,Alabama,Winston,1970,5586
02010,Alaska,Aleutian Islands,1970,2165
02020,Alaska,Anchorage,1970,49383
02030,Alaska,Angoon,1970,229
02040,Alaska,Barrow,1970,1344
02050,Alaska,Bethel,1970,4006
02060,Alaska,Bristol Bay Borough,1970,366
02062,Alaska,Bristol Bay Division,1970,1816
02080,Alaska,Cordova-McCarthy,1970,718
02090,Alaska,Fairbanks North Star,1970,16182
02100,Alaska,Haines,1970,607
02110,Alaska,Juneau,1970,5299
02120,Alaska,Kenai-Cook Inlet,1970,6114
02130,Alaska,Ketchikan Gateway,1970,4034
02140,Alaska,Kobuk,1970,2394
02150,Alaska,Kodiak Island,1970,3613
02160,Alaska,Kuskokwim,1970,1084
02170,Alaska,Matanuska-Susitna,1970,2747
02180,Alaska,Nome,1970,2761
02190,Alaska,Outer Ketchikan,1970,752
02200,Alaska,Prince Of Wales,1970,770
02210,Alaska,Seward,1970,818
02220,Alaska,Sitka,1970,2455
02230,Alaska,Skagway-Yakutat,1970,905
02240,Alaska,Southeast Fairbanks,1970,1505
02250,Alaska,Upper Yukon,1970,578
02260,Alaska,Valdez-Chitina-Whittier,1970,1154
02270,Alaska,Wade Hampton,1970,2141
02280,Alaska,Wrangell-Petersburg,1970,1980
02290,Alaska,Yukon-Koyukuk,1970,1939
04001,Arizona,Apache,1970,16383
04003,Arizona,Cochise,1970,23158
04005,Arizona,Coconino,1970,18867
04007,Arizona,Gila,1970,11332
04009,Arizona,Graham,1970,6921
04011,Arizona,Greenlee,1970,4062
04013,Arizona,Maricopa,1970,344216
04015,Arizona,Mohave,1970,8844
04017,Arizona,Navajo,1970,23045
04019,Arizona,Pima,1970,119698
04021,Arizona,Pinal,1970,27944
04023,Arizona,Santa Cruz,1970,5787
04025,Arizona,Yavapai,1970,11216
04027,Arizona,Yuma,1970,22502
05001,Arkansas,Arkansas,1970,8326
05003,Arkansas,Ashley,1970,9496
05005,Arkansas,Baxter,1970,3829
05007,Arkansas,Benton,1970,16085
05009,Arkansas,Boone,1970,5817
05011,Arkansas,Bradley,1970,4336
05013,Arkansas,Calhoun,1970,1832
05015,Arkansas,Carroll,1970,3483
05017,Arkansas,Chicot,1970,7303
05019,Arkansas,Clark,1970,6100
05021,Arkansas,Clay,1970,5793
05023,Arkansas,Cleburne,1970,2968
05025,Arkansas,Cleveland,1970,2229
05027,Arkansas,Columbia,1970,8414
05029,Arkansas,Conway,1970,5898
05031,Arkansas,Craighead,1970,16437
05033,Arkansas,Crawford,1970,8953
05035,Arkansas,Crittenden,1970,20650
05037,Arkansas,Cross,1970,7835
05039,Arkansas,Dallas,1970,3261
05041,Arkansas,Desha,1970,7425
05043,Arkansas,Drew,1970,5110
05045,Arkansas,Faulkner,1970,9838
05047,Arkansas,Franklin,1970,3691
05049,Arkansas,Fulton,1970,2197
05051,Arkansas,Garland,1970,15826
05053,Arkansas,Grant,1970,3231
05055,Arkansas,Greene,1970,7929
05057,Arkansas,Hempstead,1970,6275
05059,Arkansas,Hot Spring,1970,7128
05061,Arkansas,Howard,1970,3550
05063,Arkansas,Independence,1970,6921
05065,Arkansas,Izard,1970,2072
05067,Arkansas,Jackson,1970,6925
05069,Arkansas,Jefferson,1970,31921
05071,Arkansas,Johnson,1970,3922
05073,Arkansas,Lafayette,1970,3608
05075,Arkansas,Lawrence,1970,5057
05077,Arkansas,Lee,1970,8126
05079,Arkansas,Lincoln,1970,4773
05081,Arkansas,Little River,1970,4160
05083,Arkansas,Logan,1970,5230
05085,Arkansas,Lonoke,1970,9658
05087,Arkansas,Madison,1970,2979
05089,Arkansas,Marion,1970,1909
05091,Arkansas,Miller,1970,11562
05093,Arkansas,Mississippi,1970,24221
05095,Arkansas,Monroe,1970,6164
05097,Arkansas,Montgomery,1970,1769
05099,Arkansas,Nevada,1970,3158
05101,Arkansas,Newton,1970,1939
05103,Arkansas,Ouachita,1970,10503
05105,Arkansas,Perry,1970,1922
05107,Arkansas,Phillips,1970,16727
05109,Arkansas,Pike,1970,2649
05111,Arkansas,Poinsett,1970,9826
05113,Arkansas,Polk,1970,4049
05115,Arkansas,Pope,1970,8987
05117,Arkansas,Prairie,1970,3602
05119,Arkansas,Pulaski,1970,99059
05121,Arkansas,Randolph,1970,4095
05123,Arkansas,St Francis,1970,12945
05125,Arkansas,Saline,1970,12569
05127,Arkansas,Scott,1970,2586
05129,Arkansas,Searcy,1970,2473
05131,Arkansas,Sebastian,1970,26690
05133,Arkansas,Sevier,1970,3654
05135,Arkansas,Sharp,1970,2321
05137,Arkansas,Stone,1970,2262
05139,Arkansas,Union,1970,15195
05141,Arkansas,Van Buren,1970,2472
05143,Arkansas,Washington,1970,23325
05145,Arkansas,White,1970,12277
05147,Arkansas,Woodruff,1970,4272
05149,Arkansas,Yell,1970,4444
06001,California,Alameda,1970,335137
06003,California,Alpine,1970,157
06005,California,Amador,1970,3498
06007,California,Butte,1970,30247
06009,California,Calaveras,1970,3942
06011,California,Colusa,1970,4313
06013,California,Contra Costa,1970,201780
06015,California,Del Norte,1970,5344
06017,California,El Dorado,1970,14410
06019,California,Fresno,1970,148922
06021,California,Glenn,1970,5936
06023,California,Humboldt,1970,33683
06025,California,Imperial,1970,30884
06027,California,Inyo,1970,5053
06029,California,Kern,1970,122998
06031,California,Kings,1970,24608
06033,California,Lake,1970,4992
06035,California,Lassen,1970,5003
06037,California,Los Angeles,1970,2260018
06039,California,Madera,1970,15019
06041,California,Marin,1970,66293
06043,California,Mariposa,1970,1681
06045,California,Mendocino,1970,17054
06047,California,Merced,1970,40658
06049,California,Modoc,1970,2476
06051,California,Mono,1970,1270
06053,California,Monterey,1970,82309
06055,California,Napa,1970,24419
06057,California,Nevada,1970,7795
06059,California,Orange,1970,523087
06061,California,Placer,1970,26030
06063,California,Plumas,1970,3806
06065,California,Riverside,1970,155296
06067,California,Sacramento,1970,225226
06069,California,San Benito,1970,6812
06071,California,San Bernardino,1970,245359
06073,California,San Diego,1970,434191
06075,California,San Francisco,1970,159876
06077,California,San Joaquin,1970,99009
06079,California,San Luis Obispo,1970,29847
06081,California,San Mateo,1970,178307
06083,California,Santa Barbara,1970,86827
06085,California,Santa Clara,1970,389977
06087,California,Santa Cruz,1970,35943
06089,California,Shasta,1970,27752
06091,California,Sierra,1970,715
06093,California,Siskiyou,1970,10856
06095,California,Solano,1970,59975
06097,California,Sonoma,1970,67941
06099,California,Stanislaus,1970,68432
06101,California,Sutter,1970,15376
06103,California,Tehama,1970,10336
06105,California,Trinity,1970,2631
06107,California,Tulare,1970,70180
06109,California,Tuolumne,1970,6486
06111,California,Ventura,1970,148722
06113,California,Yolo,1970,29903
06115,California,Yuba,1970,17175
08001,Colorado,Adams,1970,79563
08003,Colorado,Alamosa,1970,3928
08005,Colorado,Arapahoe,1970,62805
08007,Colorado,Archuleta,1970,1103
08009,Colorado,Baca,1970,1934
08011,Colorado,Bent,1970,2144
08013,Colorado,Boulder,1970,43492
08015,Colorado,Chaffee,1970,3664
08017,Colorado,Cheyenne,1970,856
08019,Colorado,Clear Creek,1970,1702
08021,Colorado,Conejos,1970,3530
08023,Colorado,Costilla,1970,1243
08025,Colorado,Crowley,1970,993
08027,Colorado,Custer,1970,336
08029,Colorado,Delta,1970,4749
08031,Colorado,Denver,1970,156508
08033,Colorado,Dolores,1970,631
08035,Colorado,Douglas,1970,3360
08037,Colorado,Eagle,1970,2867
08039,Colorado,Elbert,1970,1369
08041,Colorado,El Paso,1970,82925
08043,Colorado,Fremont,1970,6545
08045,Colorado,Garfield,1970,5024
08047,Colorado,Gilpin,1970,402
08049,Colorado,Grand,1970,1429
08051,Colorado,Gunnison,1970,1947
08053,Colorado,Hinsdale,1970,55
08055,Colorado,Huerfano,1970,2253
08057,Colorado,Jackson,1970,653
08059,Colorado,Jefferson,1970,90132
08061,Colorado,Kiowa,1970,706
08063,Colorado,Kit Carson,1970,2782
08065,Colorado,Lake,1970,3413
08067,Colorado,La Plata,1970,6756
08069,Colorado,Larimer,1970,27269
08071,Colorado,Las Animas,1970,5117
08073,Colorado,Lincoln,1970,1676
08075,Colorado,Logan,1970,6648
08077,Colorado,Mesa,1970,18278
08079,Colorado,Mineral,1970,293
08081,Colorado,Moffat,1970,2416
08083,Colorado,Montezuma,1970,5125
08085,Colorado,Montrose,1970,7050
08087,Colorado,Morgan,1970,7620
08089,Colorado,Otero,1970,8774
08091,Colorado,Ouray,1970,539
08093,Colorado,Park,1970,742
08095,Colorado,Phillips,1970,1322
08097,Colorado,Pitkin,1970,1905
08099,Colorado,Prowers,1970,5003
08101,Colorado,Pueblo,1970,42985
08103,Colorado,Rio Blanco,1970,1708
08105,Colorado,Rio Grande,1970,4096
08107,Colorado,Routt,1970,2300
08109,Colorado,Saguache,1970,1500
08111,Colorado,San Juan,1970,305
08113,Colorado,San Miguel,1970,768
08115,Colorado,Sedgwick,1970,1151
08117,Colorado,Summit,1970,978
08119,Colorado,Teller,1970,1158
08121,Colorado,Washington,1970,1909
08123,Colorado,Weld,1970,30829
08125,Colorado,Yuma,1970,2748
09001,Connecticut,Fairfield,1970,267819
09003,Connecticut,Hartford,1970,275006
09005,Connecticut,Litchfield,1970,48997
09007,Connecticut,Middlesex,1970,38772
09009,Connecticut,New Haven,1970,245350
09011,Connecticut,New London,1970,80146
09013,Connecticut,Tolland,1970,35798
09015,Connecticut,Windham,1970,29071
10001,Delaware,Kent,1970,30530
10003,Delaware,New Castle,1970,138747
10005,Delaware,Sussex,1970,27824
11001,District Of Columbia,District Of Columbia,1970,224106
12001,Florida,Alachua,1970,32924
12003,Florida,Baker,1970,3470
12005,Florida,Bay,1970,27853
12007,Florida,Bradford,1970,5041
12009,Florida,Brevard,1970,89203
12011,Florida,Broward,1970,174413
12013,Florida,Calhoun,1970,2821
12015,Florida,Charlotte,1970,5296
12017,Florida,Citrus,1970,4748
12019,Florida,Clay,1970,12791
12021,Florida,Collier,1970,11683
12023,Florida,Columbia,1970,9516
12025,Florida,Dade,1970,370643
12027,Florida,DeSoto,1970,4040
12029,Florida,Dixie,1970,2091
12031,Florida,Duval,1970,185832
12033,Florida,Escambia,1970,74104
12035,Florida,Flagler,1970,1510
12037,Florida,Franklin,1970,2455
12039,Florida,Gadsden,1970,14827
12041,Florida,Gilchrist,1970,1264
12043,Florida,Glades,1970,1419
12045,Florida,Gulf,1970,3908
12047,Florida,Hamilton,1970,3011
12049,Florida,Hardee,1970,5623
12051,Florida,Hendry,1970,4682
12053,Florida,Hernando,1970,5230
12055,Florida,Highlands,1970,9188
12057,Florida,Hillsborough,1970,164278
12059,Florida,Holmes,1970,3453
12061,Florida,Indian River,1970,11835
12063,Florida,Jackson,1970,12167
12065,Florida,Jefferson,1970,3479
12067,Florida,Lafayette,1970,1002
12069,Florida,Lake,1970,20463
12071,Florida,Lee,1970,30221
12073,Florida,Leon,1970,32568
12075,Florida,Levy,1970,4521
12077,Florida,Liberty,1970,1238
12079,Florida,Madison,1970,4818
12081,Florida,Manatee,1970,23637
12083,Florida,Marion,1970,23788
12085,Florida,Martin,1970,7944
12087,Florida,Monroe,1970,15740
12089,Florida,Nassau,1970,8295
12091,Florida,Okaloosa,1970,34598
12093,Florida,Okeechobee,1970,4829
12095,Florida,Orange,1970,119669
12097,Florida,Osceola,1970,7428
12099,Florida,Palm Beach,1970,103547
12101,Florida,Pasco,1970,16272
12103,Florida,Pinellas,1970,120166
12105,Florida,Polk,1970,77742
12107,Florida,Putnam,1970,13354
12109,Florida,St Johns,1970,10498
12111,Florida,St Lucie,1970,17416
12113,Florida,Santa Rosa,1970,13859
12115,Florida,Sarasota,1970,27244
12117,Florida,Seminole,1970,31283
12119,Florida,Sumter,1970,4872
12121,Florida,Suwannee,1970,5578
12123,Florida,Taylor,1970,5121
12125,Florida,Union,1970,2072
12127,Florida,Volusia,1970,45876
12129,Florida,Wakulla,1970,2344
12131,Florida,Walton,1970,5394
12133,Florida,Washington,1970,4080
13001,Georgia,Appling,1970,5015
13003,Georgia,Atkinson,1970,2409
13005,Georgia,Bacon,1970,3060
13007,Georgia,Baker,1970,1584
13009,Georgia,Baldwin,1970,10174
13011,Georgia,Banks,1970,2258
13013,Georgia,Barrow,1970,5751
13015,Georgia,Bartow,1970,11665
13017,Georgia,Ben Hill,1970,4434
13019,Georgia,Berrien,1970,4088
13021,Georgia,Bibb,1970,51187
13023,Georgia,Bleckley,1970,3308
13025,Georgia,Brantley,1970,2282
13027,Georgia,Brooks,1970,5191
13029,Georgia,Bryan,1970,2676
13031,Georgia,Bulloch,1970,11402
13033,Georgia,Burke,1970,7732
13035,Georgia,Butts,1970,3873
13037,Georgia,Calhoun,1970,2722
13039,Georgia,Camden,1970,4758
13043,Georgia,Candler,1970,2308
13045,Georgia,Carroll,1970,15108
13047,Georgia,Catoosa,1970,10420
13049,Georgia,Charlton,1970,2444
13051,Georgia,Chatham,1970,66630
13053,Georgia,Chattahoochee,1970,4912
13055,Georgia,Chattooga,1970,6946
13057,Georgia,Cherokee,1970,11149
13059,Georgia,Clarke,1970,17907
13061,Georgia,Clay,1970,1412
13063,Georgia,Clayton,1970,38999
13065,Georgia,Clinch,1970,2614
13067,Georgia,Cobb,1970,74056
13069,Georgia,Coffee,1970,8553
13071,Georgia,Colquitt,1970,11853
13073,Georgia,Columbia,1970,9054
13075,Georgia,Cook,1970,4557
13077,Georgia,Coweta,1970,11878
13079,Georgia,Crawford,1970,2419
13081,Georgia,Crisp,1970,7046
13083,Georgia,Dade,1970,3600
13085,Georgia,Dawson,1970,1237
13087,Georgia,Decatur,1970,8573
13089,Georgia,DeKalb,1970,150901
13091,Georgia,Dodge,1970,5593
13093,Georgia,Dooly,1970,4076
13095,Georgia,Dougherty,1970,35015
13097,Georgia,Douglas,1970,10978
13099,Georgia,Early,1970,5113
13101,Georgia,Echols,1970,789
13103,Georgia,Effingham,1970,5549
13105,Georgia,Elbert,1970,6068
13107,Georgia,Emanuel,1970,6712
13109,Georgia,Evans,1970,2830
13111,Georgia,Fannin,1970,4369
13113,Georgia,Fayette,1970,4318
13115,Georgia,Floyd,1970,24983
13117,Georgia,Forsyth,1970,6183
13119,Georgia,Franklin,1970,4174
13121,Georgia,Fulton,1970,196954
13123,Georgia,Gilmer,1970,3017
13125,Georgia,Glascock,1970,785
13127,Georgia,Glynn,1970,18557
13129,Georgia,Gordon,1970,8334
13131,Georgia,Grady,1970,6599
13133,Georgia,Greene,1970,3785
13135,Georgia,Gwinnett,1970,27492
13137,Georgia,Habersham,1970,6907
13139,Georgia,Hall,1970,21197
13141,Georgia,Hancock,1970,3780
13143,Georgia,Haralson,1970,5416
13145,Georgia,Harris,1970,4273
13147,Georgia,Hart,1970,5758
13149,Georgia,Heard,1970,1926
13151,Georgia,Henry,1970,9449
13153,Georgia,Houston,1970,25298
13155,Georgia,Irwin,1970,2995
13157,Georgia,Jackson,1970,7253
13159,Georgia,Jasper,1970,2082
13161,Georgia,Jeff Davis,1970,3507
13163,Georgia,Jefferson,1970,6864
13165,Georgia,Jenkins,1970,3183
13167,Georgia,Johnson,1970,2890
13169,Georgia,Jones,1970,4818
13171,Georgia,Lamar,1970,3909
13173,Georgia,Lanier,1970,2011
13175,Georgia,Laurens,1970,11843
13177,Georgia,Lee,1970,2864
13179,Georgia,Liberty,1970,6190
13181,Georgia,Lincoln,1970,2283
13183,Georgia,Long,1970,1492
13185,Georgia,Lowndes,1970,20396
13187,Georgia,Lumpkin,1970,2767
13189,Georgia,McDuffie,1970,5974
13191,Georgia,McIntosh,1970,3156
13193,Georgia,Macon,1970,5417
13195,Georgia,Madison,1970,4808
13197,Georgia,Marion,1970,2103
13199,Georgia,Meriwether,1970,7383
13201,Georgia,Miller,1970,2395
13205,Georgia,Mitchell,1970,7691
13207,Georgia,Monroe,1970,3953
13209,Georgia,Montgomery,1970,2097
13211,Georgia,Morgan,1970,3869
13213,Georgia,Murray,1970,4687
13215,Georgia,Muscogee,1970,61314
13217,Georgia,Newton,1970,9826
13219,Georgia,Oconee,1970,2628
13221,Georgia,Oglethorpe,1970,2822
13223,Georgia,Paulding,1970,6429
13225,Georgia,Peach,1970,5953
13227,Georgia,Pickens,1970,3309
13229,Georgia,Pierce,1970,3477
13231,Georgia,Pike,1970,2709
13233,Georgia,Polk,1970,10416
13235,Georgia,Pulaski,1970,2936
13237,Georgia,Putnam,1970,3307
13239,Georgia,Quitman,1970,867
13241,Georgia,Rabun,1970,2720
13243,Georgia,Randolph,1970,3132
13245,Georgia,Richmond,1970,54489
13247,Georgia,Rockdale,1970,7056
13249,Georgia,Schley,1970,1220
13251,Georgia,Screven,1970,4740
13253,Georgia,Seminole,1970,2684
13255,Georgia,Spalding,1970,13976
13257,Georgia,Stephens,1970,6716
13259,Georgia,Stewart,1970,2697
13261,Georgia,Sumter,1970,9744
13263,Georgia,Talbot,1970,2731
13265,Georgia,Taliaferro,1970,853
13267,Georgia,Tattnall,1970,5043
13269,Georgia,Taylor,1970,3045
13271,Georgia,Telfair,1970,4294
13273,Georgia,Terrell,1970,4550
13275,Georgia,Thomas,1970,13044
13277,Georgia,Tift,1970,10276
13279,Georgia,Toombs,1970,7326
13281,Georgia,Towns,1970,1405
13283,Georgia,Treutlen,1970,2091
13285,Georgia,Troup,1970,15250
13287,Georgia,Turner,1970,3299
13289,Georgia,Twiggs,1970,3526
13291,Georgia,Union,1970,2284
13293,Georgia,Upson,1970,7945
13295,Georgia,Walker,1970,17747
13297,Georgia,Walton,1970,8703
13299,Georgia,Ware,1970,12163
13301,Georgia,Warren,1970,2650
13303,Georgia,Washington,1970,6801
13305,Georgia,Wayne,1970,6993
13307,Georgia,Webster,1970,963
13309,Georgia,Wheeler,1970,1622
13311,Georgia,White,1970,2592
13313,Georgia,Whitfield,1970,20247
13315,Georgia,Wilcox,1970,2505
13317,Georgia,Wilkes,1970,3527
13319,Georgia,Wilkinson,1970,3657
13321,Georgia,Worth,1970,5766
15001,Hawaii,Hawaii,1970,23102
15003,Hawaii,Honolulu,1970,223857
15007,Hawaii,Kauai,1970,10940
15009,Hawaii,Maui,1970,16730
16001,Idaho,Ada,1970,39775
16003,Idaho,Adams,1970,1055
16005,Idaho,Bannock,1970,19361
16007,Idaho,Bear Lake,1970,2261
16009,Idaho,Benewah,1970,2207
16011,Idaho,Bingham,1970,12759
16013,Idaho,Blaine,1970,1917
16015,Idaho,Boise,1970,635
16017,Idaho,Bonner,1970,5444
16019,Idaho,Bonneville,1970,21784
16021,Idaho,Boundary,1970,2402
16023,Idaho,Butte,1970,1248
16025,Idaho,Camas,1970,260
16027,Idaho,Canyon,1970,21175
16029,Idaho,Caribou,1970,2828
16031,Idaho,Cassia,1970,7019
16033,Idaho,Clark,1970,286
16035,Idaho,Clearwater,1970,4068
16037,Idaho,Custer,1970,1054
16039,Idaho,Elmore,1970,6727
16041,Idaho,Franklin,1970,2973
16043,Idaho,Fremont,1970,3676
16045,Idaho,Gem,1970,3391
16047,Idaho,Gooding,1970,3044
16049,Idaho,Idaho,1970,4987
16051,Idaho,Jefferson,1970,5033
16053,Idaho,Jerome,1970,3695
16055,Idaho,Kootenai,1970,12181
16057,Idaho,Latah,1970,7122
16059,Idaho,Lemhi,1970,2001
16061,Idaho,Lewis,1970,1401
16063,Idaho,Lincoln,1970,1126
16065,Idaho,Madison,1970,4361
16067,Idaho,Minidoka,1970,6569
16069,Idaho,Nez Perce,1970,10880
16071,Idaho,Oneida,1970,1003
16073,Idaho,Owyhee,1970,2527
16075,Idaho,Payette,1970,4201
16077,Idaho,Power,1970,1958
16079,Idaho,Shoshone,1970,7361
16081,Idaho,Teton,1970,1007
16083,Idaho,Twin Falls,1970,14606
16085,Idaho,Valley,1970,1288
16087,Idaho,Washington,1970,2572
17001,Illinois,Adams,1970,22727
17003,Illinois,Alexander,1970,3842
17005,Illinois,Bond,1970,4388
17007,Illinois,Boone,1970,9356
17009,Illinois,Brown,1970,1757
17011,Illinois,Bureau,1970,13252
17013,Illinois,Calhoun,1970,1805
17015,Illinois,Carroll,1970,6326
17017,Illinois,Cass,1970,4642
17019,Illinois,Champaign,1970,48069
17021,Illinois,Christian,1970,12014
17023,Illinois,Clark,1970,5015
17025,Illinois,Clay,1970,4616
17027,Illinois,Clinton,1970,11061
17029,Illinois,Coles,1970,13353
17031,Illinois,Cook,1970,1845902
17033,Illinois,Crawford,1970,5909
17035,Illinois,Cumberland,1970,3309
17037,Illinois,DeKalb,1970,20228
17039,Illinois,De Witt,1970,5512
17041,Illinois,Douglas,1970,6755
17043,Illinois,Dupage,1970,193601
17045,Illinois,Edgar,1970,6758
17047,Illinois,Edwards,1970,2082
17049,Illinois,Effingham,1970,9137
17051,Illinois,Fayette,1970,6336
17053,Illinois,Ford,1970,5606
17055,Illinois,Franklin,1970,10582
17057,Illinois,Fulton,1970,13171
17059,Illinois,Gallatin,1970,2330
17061,Illinois,Greene,1970,5696
17063,Illinois,Grundy,1970,9603
17065,Illinois,Hamilton,1970,2431
17067,Illinois,Hancock,1970,7597
17069,Illinois,Hardin,1970,1494
17071,Illinois,Henderson,1970,2992
17073,Illinois,Henry,1970,18432
17075,Illinois,Iroquois,1970,11624
17077,Illinois,Jackson,1970,13128
17079,Illinois,Jasper,1970,3697
17081,Illinois,Jefferson,1970,10052
17083,Illinois,Jersey,1970,6418
17085,Illinois,Jo Daviess,1970,8068
17087,Illinois,Johnson,1970,2226
17089,Illinois,Kane,1970,92435
17091,Illinois,Kankakee,1970,33689
17093,Illinois,Kendall,1970,10517
17095,Illinois,Knox,1970,19020
17097,Illinois,Lake,1970,139986
17099,Illinois,La Salle,1970,38471
17101,Illinois,Lawrence,1970,5459
17103,Illinois,Lee,1970,13109
17105,Illinois,Livingston,1970,14044
17107,Illinois,Logan,1970,10314
17109,Illinois,McDonough,1970,8912
17111,Illinois,McHenry,1970,42345
17113,Illinois,McLean,1970,31976
17115,Illinois,Macon,1970,43776
17117,Illinois,Macoupin,1970,14309
17119,Illinois,Madison,1970,88710
17121,Illinois,Marion,1970,12421
17123,Illinois,Marshall,1970,4550
17125,Illinois,Mason,1970,5147
17127,Illinois,Massac,1970,4431
17129,Illinois,Menard,1970,3221
17131,Illinois,Mercer,1970,6082
17133,Illinois,Monroe,1970,6878
17135,Illinois,Montgomery,1970,10030
17137,Illinois,Morgan,1970,11032
17139,Illinois,Moultrie,1970,4301
17141,Illinois,Ogle,1970,15568
17143,Illinois,Peoria,1970,65160
17145,Illinois,Perry,1970,6137
17147,Illinois,Piatt,1970,5365
17149,Illinois,Pike,1970,5981
17151,Illinois,Pope,1970,1166
17153,Illinois,Pulaski,1970,3059
17155,Illinois,Putnam,1970,1709
17157,Illinois,Randolph,1970,9645
17159,Illinois,Richland,1970,5531
17161,Illinois,Rock Island,1970,57529
17163,Illinois,St Clair,1970,107063
17165,Illinois,Saline,1970,7156
17167,Illinois,Sangamon,1970,54320
17169,Illinois,Schuyler,1970,2523
17171,Illinois,Scott,1970,1978
17173,Illinois,Shelby,1970,7636
17175,Illinois,Stark,1970,2578
17177,Illinois,Stephenson,1970,17004
17179,Illinois,Tazewell,1970,44064
17181,Illinois,Union,1970,4380
17183,Illinois,Vermilion,1970,32316
17185,Illinois,Wabash,1970,4022
17187,Illinois,Warren,1970,6877
17189,Illinois,Washington,1970,4053
17191,Illinois,Wayne,1970,5163
17193,Illinois,White,1970,5176
17195,Illinois,Whiteside,1970,23608
17197,Illinois,Will,1970,95336
17199,Illinois,Williamson,1970,14643
17201,Illinois,Winnebago,1970,90737
17203,Illinois,Woodford,1970,10076
18001,Indiana,Adams,1970,10274
18003,Indiana,Allen,1970,103298
18005,Indiana,Bartholomew,1970,21875
18007,Indiana,Benton,1970,4231
18009,Indiana,Blackford,1970,5662
18011,Indiana,Boone,1970,10788
18013,Indiana,Brown,1970,3320
18015,Indiana,Carroll,1970,6187
18017,Indiana,Cass,1970,13359
18019,Indiana,Clark,1970,27752
18021,Indiana,Clay,1970,7505
18023,Indiana,Clinton,1970,10321
18025,Indiana,Crawford,1970,2707
18027,Indiana,Daviess,1970,9335
18029,Indiana,Dearborn,1970,10754
18031,Indiana,Decatur,1970,8468
18033,Indiana,DeKalb,1970,11422
18035,Indiana,Delaware,1970,42684
18037,Indiana,Dubois,1970,12580
18039,Indiana,Elkhart,1970,45795
18041,Indiana,Fayette,1970,9402
18043,Indiana,Floyd,1970,19683
18045,Indiana,Fountain,1970,6313
18047,Indiana,Franklin,1970,6508
18049,Indiana,Fulton,1970,5764
18051,Indiana,Gibson,1970,10042
18053,Indiana,Grant,1970,30204
18055,Indiana,Greene,1970,8382
18057,Indiana,Hamilton,1970,20724
18059,Indiana,Hancock,1970,13160
18061,Indiana,Harrison,1970,7395
18063,Indiana,Hendricks,1970,20979
18065,Indiana,Henry,1970,18477
18067,Indiana,Howard,1970,31049
18069,Indiana,Huntington,1970,12081
18071,Indiana,Jackson,1970,11821
18073,Indiana,Jasper,1970,7412
18075,Indiana,Jay,1970,8170
18077,Indiana,Jefferson,1970,9028
18079,Indiana,Jennings,1970,7209
18081,Indiana,Johnson,1970,23772
18083,Indiana,Knox,1970,12846
18085,Indiana,Kosciusko,1970,16780
18087,Indiana,Lagrange,1970,8659
18089,Indiana,Lake,1970,208879
18091,Indiana,LaPorte,1970,37216
18093,Indiana,Lawrence,1970,12775
18095,Indiana,Madison,1970,48231
18097,Indiana,Marion,1970,283546
18099,Indiana,Marshall,1970,12523
18101,Indiana,Martin,1970,4228
18103,Indiana,Miami,1970,14309
18105,Indiana,Monroe,1970,22759
18107,Indiana,Montgomery,1970,11495
18109,Indiana,Morgan,1970,17506
18111,Indiana,Newton,1970,4219
18113,Indiana,Noble,1970,11410
18115,Indiana,Ohio,1970,1507
18117,Indiana,Orange,1970,5655
18119,Indiana,Owen,1970,4150
18121,Indiana,Parke,1970,4782
18123,Indiana,Perry,1970,7137
18125,Indiana,Pike,1970,3779
18127,Indiana,Porter,1970,33219
18129,Indiana,Posey,1970,7920
18131,Indiana,Pulaski,1970,4585
18133,Indiana,Putnam,1970,8392
18135,Indiana,Randolph,1970,9944
18137,Indiana,Ripley,1970,7756
18139,Indiana,Rush,1970,7581
18141,Indiana,St Joseph,1970,82979
18143,Indiana,Scott,1970,6619
18145,Indiana,Shelby,1970,13946
18147,Indiana,Spencer,1970,6148
18149,Indiana,Starke,1970,7191
18151,Indiana,Steuben,1970,6434
18153,Indiana,Sullivan,1970,6017
18155,Indiana,Switzerland,1970,2036
18157,Indiana,Tippecanoe,1970,32432
18159,Indiana,Tipton,1970,5817
18161,Indiana,Union,1970,2371
18163,Indiana,Vanderburgh,1970,55473
18165,Indiana,Vermillion,1970,5124
18167,Indiana,Vigo,1970,33857
18169,Indiana,Wabash,1970,12356
18171,Indiana,Warren,1970,3131
18173,Indiana,Warrick,1970,10165
18175,Indiana,Washington,1970,6924
18177,Indiana,Wayne,1970,27141
18179,Indiana,Wells,1970,8624
18181,Indiana,White,1970,7219
18183,Indiana,Whitley,1970,8609
19001,Iowa,Adair,1970,2998
19003,Iowa,Adams,1970,1955
19005,Iowa,Allamakee,1970,5480
19007,Iowa,Appanoose,1970,4419
19009,Iowa,Audubon,1970,3355
19011,Iowa,Benton,1970,8255
19013,Iowa,Black Hawk,1970,47174
19015,Iowa,Boone,1970,8394
19017,Iowa,Bremer,1970,7713
19019,Iowa,Buchanan,1970,8592
19021,Iowa,Buena Vista,1970,6956
19023,Iowa,Butler,1970,5756
19025,Iowa,Calhoun,1970,4697
19027,Iowa,Carroll,1970,9171
19029,Iowa,Cass,1970,5458
19031,Iowa,Cedar,1970,6085
19033,Iowa,Cerro Gordo,1970,16447
19035,Iowa,Cherokee,1970,6181
19037,Iowa,Chickasaw,1970,5783
19039,Iowa,Clarke,1970,2282
19041,Iowa,Clay,1970,6375
19043,Iowa,Clayton,1970,7279
19045,Iowa,Clinton,1970,20429
19047,Iowa,Crawford,1970,6805
19049,Iowa,Dallas,1970,9080
19051,Iowa,Davis,1970,2597
19053,Iowa,Decatur,1970,2610
19055,Iowa,Delaware,1970,7752
19057,Iowa,Des Moines,1970,15749
19059,Iowa,Dickinson,1970,4028
19061,Iowa,Dubuque,1970,36072
19063,Iowa,Emmet,1970,4894
19065,Iowa,Fayette,1970,9487
19067,Iowa,Floyd,1970,6841
19069,Iowa,Franklin,1970,4263
19071,Iowa,Fremont,1970,2913
19073,Iowa,Greene,1970,4216
19075,Iowa,Grundy,1970,4725
19077,Iowa,Guthrie,1970,3892
19079,Iowa,Hamilton,1970,6182
19081,Iowa,Hancock,1970,4610
19083,Iowa,Hardin,1970,7123
19085,Iowa,Harrison,1970,5526
19087,Iowa,Henry,1970,5699
19089,Iowa,Howard,1970,4055
19091,Iowa,Humboldt,1970,4510
19093,Iowa,Ida,1970,3122
19095,Iowa,Iowa,1970,5395
19097,Iowa,Jackson,1970,8066
19099,Iowa,Jasper,1970,12290
19101,Iowa,Jefferson,1970,4740
19103,Iowa,Johnson,1970,20735
19105,Iowa,Jones,1970,7046
19107,Iowa,Keokuk,1970,4610
19109,Iowa,Kossuth,1970,8759
19111,Iowa,Lee,1970,14472
19113,Iowa,Linn,1970,59029
19115,Iowa,Louisa,1970,3754
19117,Iowa,Lucas,1970,3166
19119,Iowa,Lyon,1970,5134
19121,Iowa,Madison,1970,3700
19123,Iowa,Mahaska,1970,6615
19125,Iowa,Marion,1970,8108
19127,Iowa,Marshall,1970,13975
19129,Iowa,Mills,1970,3873
19131,Iowa,Mitchell,1970,4861
19133,Iowa,Monona,1970,3904
19135,Iowa,Monroe,1970,2982
19137,Iowa,Montgomery,1970,3846
19139,Iowa,Muscatine,1970,13177
19141,Iowa,O Brien,1970,6137
19143,Iowa,Osceola,1970,3088
19145,Iowa,Page,1970,5193
19147,Iowa,Palo Alto,1970,4810
19149,Iowa,Plymouth,1970,8871
19151,Iowa,Pocahontas,1970,4581
19153,Iowa,Polk,1970,97488
19155,Iowa,Pottawattamie,1970,32652
19157,Iowa,Poweshiek,1970,6083
19159,Iowa,Ringgold,1970,1848
19161,Iowa,Sac,1970,5331
19163,Iowa,Scott,1970,53122
19165,Iowa,Shelby,1970,5997
19167,Iowa,Sioux,1970,10359
19169,Iowa,Story,1970,16948
19171,Iowa,Tama,1970,6940
19173,Iowa,Taylor,1970,2508
19175,Iowa,Union,1970,4264
19177,Iowa,Van Buren,1970,2702
19179,Iowa,Wapello,1970,13591
19181,Iowa,Warren,1970,10408
19183,Iowa,Washington,1970,6565
19185,Iowa,Wayne,1970,2306
19187,Iowa,Webster,1970,17170
19189,Iowa,Winnebago,1970,4058
19191,Iowa,Winneshiek,1970,7421
19193,Iowa,Woodbury,1970,35614
19195,Iowa,Worth,1970,2890
19197,Iowa,Wright,1970,5770
20001,Kansas,Allen,1970,4647
20003,Kansas,Anderson,1970,2765
20005,Kansas,Atchison,1970,6169
20007,Kansas,Barber,1970,2175
20009,Kansas,Barton,1970,11046
20011,Kansas,Bourbon,1970,4189
20013,Kansas,Brown,1970,3413
20015,Kansas,Butler,1970,13155
20017,Kansas,Chase,1970,967
20019,Kansas,Chautauqua,1970,1197
20021,Kansas,Cherokee,1970,6683
20023,Kansas,Cheyenne,1970,1352
20025,Kansas,Clark,1970,872
20027,Kansas,Clay,1970,2942
20029,Kansas,Cloud,1970,4068
20031,Kansas,Coffey,1970,2119
20033,Kansas,Comanche,1970,780
20035,Kansas,Cowley,1970,10467
20037,Kansas,Crawford,1970,9711
20039,Kansas,Decatur,1970,1629
20041,Kansas,Dickinson,1970,6289
20043,Kansas,Doniphan,1970,2998
20045,Kansas,Douglas,1970,14775
20047,Kansas,Edwards,1970,1488
20049,Kansas,Elk,1970,1000
20051,Kansas,Ellis,1970,8024
20053,Kansas,Ellsworth,1970,1824
20055,Kansas,Finney,1970,7592
20057,Kansas,Ford,1970,7870
20059,Kansas,Franklin,1970,6253
20061,Kansas,Geary,1970,8203
20063,Kansas,Gove,1970,1522
20065,Kansas,Graham,1970,1773
20067,Kansas,Grant,1970,2415
20069,Kansas,Gray,1970,1563
20071,Kansas,Greeley,1970,681
20073,Kansas,Greenwood,1970,2563
20075,Kansas,Hamilton,1970,959
20077,Kansas,Harper,1970,2190
20079,Kansas,Harvey,1970,8799
20081,Kansas,Haskell,1970,1451
20083,Kansas,Hodgeman,1970,978
20085,Kansas,Jackson,1970,3427
20087,Kansas,Jefferson,1970,4223
20089,Kansas,Jewell,1970,1819
20091,Kansas,Johnson,1970,82553
20093,Kansas,Kearny,1970,1167
20095,Kansas,Kingman,1970,3044
20097,Kansas,Kiowa,1970,1189
20099,Kansas,Labette,1970,8284
20101,Kansas,Lane,1970,942
20103,Kansas,Leavenworth,1970,17805
20105,Kansas,Lincoln,1970,1250
20107,Kansas,Linn,1970,2211
20109,Kansas,Logan,1970,1391
20111,Kansas,Lyon,1970,8359
20113,Kansas,McPherson,1970,7628
20115,Kansas,Marion,1970,4224
20117,Kansas,Marshall,1970,3992
20119,Kansas,Meade,1970,1684
20121,Kansas,Miami,1970,6353
20123,Kansas,Mitchell,1970,2558
20125,Kansas,Montgomery,1970,11858
20127,Kansas,Morris,1970,1881
20129,Kansas,Morton,1970,1350
20131,Kansas,Nemaha,1970,4253
20133,Kansas,Neosho,1970,5983
20135,Kansas,Ness,1970,1557
20137,Kansas,Norton,1970,2311
20139,Kansas,Osage,1970,4357
20141,Kansas,Osborne,1970,1873
20143,Kansas,Ottawa,1970,1838
20145,Kansas,Pawnee,1970,2444
20147,Kansas,Phillips,1970,2513
20149,Kansas,Pottawatomie,1970,3856
20151,Kansas,Pratt,1970,3022
20153,Kansas,Rawlins,1970,1540
20155,Kansas,Reno,1970,20183
20157,Kansas,Republic,1970,2427
20159,Kansas,Rice,1970,3731
20161,Kansas,Riley,1970,13382
20163,Kansas,Rooks,1970,2601
20165,Kansas,Rush,1970,1536
20167,Kansas,Russell,1970,2959
20169,Kansas,Saline,1970,17087
20171,Kansas,Scott,1970,2121
20173,Kansas,Sedgwick,1970,124966
20175,Kansas,Seward,1970,5980
20177,Kansas,Shawnee,1970,52882
20179,Kansas,Sheridan,1970,1515
20181,Kansas,Sherman,1970,2757
20183,Kansas,Smith,1970,1933
20185,Kansas,Stafford,1970,1704
20187,Kansas,Stanton,1970,929
20189,Kansas,Stevens,1970,1486
20191,Kansas,Sumner,1970,7723
20193,Kansas,Thomas,1970,2482
20195,Kansas,Trego,1970,1531
20197,Kansas,Wabaunsee,1970,2036
20199,Kansas,Wallace,1970,850
20201,Kansas,Washington,1970,2853
20203,Kansas,Wichita,1970,1358
20205,Kansas,Wilson,1970,3277
20207,Kansas,Woodson,1970,1347
20209,Kansas,Wyandotte,1970,66423
21001,Kentucky,Adair,1970,3998
21003,Kentucky,Allen,1970,3804
21005,Kentucky,Anderson,1970,3107
21007,Kentucky,Ballard,1970,2442
21009,Kentucky,Barren,1970,9392
21011,Kentucky,Bath,1970,3122
21013,Kentucky,Bell,1970,11421
21015,Kentucky,Boone,1970,12944
21017,Kentucky,Bourbon,1970,6194
21019,Kentucky,Boyd,1970,17465
21021,Kentucky,Boyle,1970,6722
21023,Kentucky,Bracken,1970,2370
21025,Kentucky,Breathitt,1970,5831
21027,Kentucky,Breckinridge,1970,5148
21029,Kentucky,Bullitt,1970,10979
21031,Kentucky,Butler,1970,3242
21033,Kentucky,Caldwell,1970,3938
21035,Kentucky,Calloway,1970,6777
21037,Kentucky,Campbell,1970,32095
21039,Kentucky,Carlisle,1970,1562
21041,Kentucky,Carroll,1970,2878
21043,Kentucky,Carter,1970,7194
21045,Kentucky,Casey,1970,4431
21047,Kentucky,Christian,1970,18304
21049,Kentucky,Clark,1970,8319
21051,Kentucky,Clay,1970,7882
21053,Kentucky,Clinton,1970,2762
21055,Kentucky,Crittenden,1970,2541
21057,Kentucky,Cumberland,1970,2200
21059,Kentucky,Daviess,1970,29682
21061,Kentucky,Edmonson,1970,3054
21063,Kentucky,Elliott,1970,2236
21065,Kentucky,Estill,1970,4534
21067,Kentucky,Fayette,1970,55957
21069,Kentucky,Fleming,1970,3743
21071,Kentucky,Floyd,1970,13300
21073,Kentucky,Franklin,1970,10989
21075,Kentucky,Fulton,1970,3268
21077,Kentucky,Gallatin,1970,1417
21079,Kentucky,Garrard,1970,2989
21081,Kentucky,Grant,1970,3382
21083,Kentucky,Graves,1970,9278
21085,Kentucky,Grayson,1970,5670
21087,Kentucky,Green,1970,3210
21089,Kentucky,Greenup,1970,12606
21091,Kentucky,Hancock,1970,2596
21093,Kentucky,Hardin,1970,23350
21095,Kentucky,Harlan,1970,13718
21097,Kentucky,Harrison,1970,4606
21099,Kentucky,Hart,1970,4719
21101,Kentucky,Henderson,1970,12737
21103,Kentucky,Henry,1970,3398
21105,Kentucky,Hickman,1970,1954
21107,Kentucky,Hopkins,1970,12418
21109,Kentucky,Jackson,1970,3731
21111,Kentucky,Jefferson,1970,247309
21113,Kentucky,Jessamine,1970,5878
21115,Kentucky,Johnson,1970,5889
21117,Kentucky,Kenton,1970,46866
21119,Kentucky,Knott,1970,5967
21121,Kentucky,Knox,1970,8607
21123,Kentucky,Larue,1970,3720
21125,Kentucky,Laurel,1970,10044
21127,Kentucky,Lawrence,1970,3716
21129,Kentucky,Lee,1970,2443
21131,Kentucky,Leslie,1970,5112
21133,Kentucky,Letcher,1970,8769
21135,Kentucky,Lewis,1970,4831
21137,Kentucky,Lincoln,1970,5764
21139,Kentucky,Livingston,1970,2327
21141,Kentucky,Logan,1970,7235
21143,Kentucky,Lyon,1970,1332
21145,Kentucky,McCracken,1970,18542
21147,Kentucky,McCreary,1970,5128
21149,Kentucky,McLean,1970,2880
21151,Kentucky,Madison,1970,12248
21153,Kentucky,Magoffin,1970,4287
21155,Kentucky,Marion,1970,6914
21157,Kentucky,Marshall,1970,6488
21159,Kentucky,Martin,1970,4007
21161,Kentucky,Mason,1970,5888
21163,Kentucky,Meade,1970,7663
21165,Kentucky,Menifee,1970,1535
21167,Kentucky,Mercer,1970,5170
21169,Kentucky,Metcalfe,1970,2681
21171,Kentucky,Monroe,1970,3881
21173,Kentucky,Montgomery,1970,5430
21175,Kentucky,Morgan,1970,3663
21177,Kentucky,Muhlenberg,1970,9008
21179,Kentucky,Nelson,1970,9814
21181,Kentucky,Nicholas,1970,2138
21183,Kentucky,Ohio,1970,6190
21185,Kentucky,Oldham,1970,4869
21187,Kentucky,Owen,1970,2274
21189,Kentucky,Owsley,1970,1892
21191,Kentucky,Pendleton,1970,3552
21193,Kentucky,Perry,1970,10243
21195,Kentucky,Pike,1970,23347
21197,Kentucky,Powell,1970,2997
21199,Kentucky,Pulaski,1970,11805
21201,Kentucky,Robertson,1970,624
21203,Kentucky,Rockcastle,1970,4669
21205,Kentucky,Rowan,1970,4459
21207,Kentucky,Russell,1970,3428
21209,Kentucky,Scott,1970,5818
21211,Kentucky,Shelby,1970,6331
21213,Kentucky,Simpson,1970,4389
21215,Kentucky,Spencer,1970,2052
21217,Kentucky,Taylor,1970,5582
21219,Kentucky,Todd,1970,3588
21221,Kentucky,Trigg,1970,2884
21223,Kentucky,Trimble,1970,1870
21225,Kentucky,Union,1970,6069
21227,Kentucky,Warren,1970,17265
21229,Kentucky,Washington,1970,3936
21231,Kentucky,Wayne,1970,5148
21233,Kentucky,Webster,1970,4150
21235,Kentucky,Whitley,1970,7932
21237,Kentucky,Wolfe,1970,2167
21239,Kentucky,Woodford,1970,5152
22001,Louisiana,Acadia,1970,20790
22003,Louisiana,Allen,1970,8264
22005,Louisiana,Ascension,1970,15805
22007,Louisiana,Assumption,1970,8563
22009,Louisiana,Avoyelles,1970,14857
22011,Louisiana,Beauregard,1970,8605
22013,Louisiana,Bienville,1970,5684
22015,Louisiana,Bossier,1970,26383
22017,Louisiana,Caddo,1970,83491
22019,Louisiana,Calcasieu,1970,57381
22021,Louisiana,Caldwell,1970,3412
22023,Louisiana,Cameron,1970,3298
22025,Louisiana,Catahoula,1970,4789
22027,Louisiana,Claiborne,1970,5915
22029,Louisiana,Concordia,1970,9598
22031,Louisiana,De Soto,1970,8441
22033,Louisiana,East Baton Rouge,1970,105472
22035,Louisiana,East Carroll,1970,5808
22037,Louisiana,East Feliciana,1970,6081
22039,Louisiana,Evangeline,1970,12740
22041,Louisiana,Franklin,1970,9714
22043,Louisiana,Grant,1970,4964
22045,Louisiana,Iberia,1970,24361
22047,Louisiana,Iberville,1970,12937
22049,Louisiana,Jackson,1970,5447
22051,Louisiana,Jefferson,1970,134050
22053,Louisiana,Jefferson Davis,1970,12141
22055,Louisiana,Lafayette,1970,43385
22057,Louisiana,Lafourche,1970,28889
22059,Louisiana,La Salle,1970,4585
22061,Louisiana,Lincoln,1970,9706
22063,Louisiana,Livingston,1970,14776
22065,Louisiana,Madison,1970,6426
22067,Louisiana,Morehouse,1970,13181
22069,Louisiana,Natchitoches,1970,12078
22071,Louisiana,Orleans,1970,202280
22073,Louisiana,Ouachita,1970,42927
22075,Louisiana,Plaquemines,1970,10688
22077,Louisiana,Pointe Coupee,1970,9304
22079,Louisiana,Rapides,1970,44413
22081,Louisiana,Red River,1970,3500
22083,Louisiana,Richland,1970,8648
22085,Louisiana,Sabine,1970,6796
22087,Louisiana,St Bernard,1970,20523
22089,Louisiana,St Charles,1970,13154
22091,Louisiana,St Helena,1970,4450
22093,Louisiana,St James,1970,8905
22095,Louisiana,St John The Baptist,1970,10632
22097,Louisiana,St Landry,1970,33962
22099,Louisiana,St Martin,1970,14110
22101,Louisiana,St Mary,1970,26409
22103,Louisiana,St Tammany,1970,26052
22105,Louisiana,Tangipahoa,1970,25487
22107,Louisiana,Tensas,1970,4103
22109,Louisiana,Terrebonne,1970,33507
22111,Louisiana,Union,1970,6549
22113,Louisiana,Vermilion,1970,16623
22115,Louisiana,Vernon,1970,12327
22117,Louisiana,Washington,1970,16072
22119,Louisiana,Webster,1970,13745
22121,Louisiana,West Baton Rouge,1970,7287
22123,Louisiana,West Carroll,1970,4913
22125,Louisiana,West Feliciana,1970,2725
22127,Louisiana,Winn,1970,5779
23001,Maine,Androscoggin,1970,31571
23003,Maine,Aroostook,1970,36867
23005,Maine,Cumberland,1970,65052
23007,Maine,Franklin,1970,7924
23009,Maine,Hancock,1970,11143
23011,Maine,Kennebec,1970,32782
23013,Maine,Knox,1970,9212
23015,Maine,Lincoln,1970,6662
23017,Maine,Oxford,1970,15752
23019,Maine,Penobscot,1970,42736
23021,Maine,Piscataquis,1970,5403
23023,Maine,Sagadahoc,1970,8273
23025,Maine,Somerset,1970,14618
23027,Maine,Waldo,1970,8317
23029,Maine,Washington,1970,9787
23031,Maine,York,1970,37748
24001,Maryland,Allegany,1970,26196
24003,Maryland,Anne Arundel,1970,108510
24005,Maryland,Baltimore,1970,211736
24009,Maryland,Calvert,1970,8501
24011,Maryland,Caroline,1970,6839
24013,Maryland,Carroll,1970,22779
24015,Maryland,Cecil,1970,19180
24017,Maryland,Charles,1970,20968
24019,Maryland,Dorchester,1970,9307
24021,Maryland,Frederick,1970,29467
24023,Maryland,Garrett,1970,7891
24025,Maryland,Harford,1970,43522
24027,Maryland,Howard,1970,23897
24029,Maryland,Kent,1970,5204
24031,Maryland,Montgomery,1970,189009
24033,Maryland,Prince Georges,1970,245530
24035,Maryland,Queen Anne's,1970,6210
24037,Maryland,St Mary's,1970,19236
24039,Maryland,Somerset,1970,6189
24041,Maryland,Talbot,1970,7351
24043,Maryland,Washington,1970,34402
24045,Maryland,Wicomico,1970,18186
24047,Maryland,Worcester,1970,8396
24510,Maryland,Baltimore City,1970,303227
25001,Massachusetts,Barnstable,1970,30185
25003,Massachusetts,Berkshire,1970,49927
25005,Massachusetts,Bristol,1970,145661
25007,Massachusetts,Dukes,1970,1767
25009,Massachusetts,Essex,1970,213282
25011,Massachusetts,Franklin,1970,19049
25013,Massachusetts,Hampden,1970,154375
25015,Massachusetts,Hampshire,1970,34553
25017,Massachusetts,Middlesex,1970,469342
25019,Massachusetts,Nantucket,1970,1144
25021,Massachusetts,Norfolk,1970,209078
25023,Massachusetts,Plymouth,1970,125811
25025,Massachusetts,Suffolk,1970,209736
25027,Massachusetts,Worcester,1970,211854
26001,Michigan,Alcona,1970,2325
26003,Michigan,Alger,1970,3158
26005,Michigan,Allegan,1970,25927
26007,Michigan,Alpena,1970,12488
26009,Michigan,Antrim,1970,4612
26011,Michigan,Arenac,1970,4169
26013,Michigan,Baraga,1970,2772
26015,Michigan,Barry,1970,14116
26017,Michigan,Bay,1970,45328
26019,Michigan,Benzie,1970,3007
26021,Michigan,Berrien,1970,59801
26023,Michigan,Branch,1970,13754
26025,Michigan,Calhoun,1970,49893
26027,Michigan,Cass,1970,15669
26029,Michigan,Charlevoix,1970,6287
26031,Michigan,Cheboygan,1970,6352
26033,Michigan,Chippewa,1970,12101
26035,Michigan,Clare,1970,6032
26037,Michigan,Clinton,1970,20179
26039,Michigan,Crawford,1970,2491
26041,Michigan,Delta,1970,13530
26043,Michigan,Dickinson,1970,7942
26045,Michigan,Eaton,1970,27151
26047,Michigan,Emmet,1970,6735
26049,Michigan,Genesee,1970,176943
26051,Michigan,Gladwin,1970,4890
26053,Michigan,Gogebic,1970,6404
26055,Michigan,Grand Traverse,1970,13647
26057,Michigan,Gratiot,1970,14770
26059,Michigan,Hillsdale,1970,13302
26061,Michigan,Houghton,1970,9853
26063,Michigan,Huron,1970,12850
26065,Michigan,Ingham,1970,85138
26067,Michigan,Ionia,1970,17305
26069,Michigan,Iosco,1970,9150
26071,Michigan,Iron,1970,4134
26073,Michigan,Isabella,1970,14288
26075,Michigan,Jackson,1970,51450
26077,Michigan,Kalamazoo,1970,68463
26079,Michigan,Kalkaska,1970,1938
26081,Michigan,Kent,1970,153163
26083,Michigan,Keweenaw,1970,594
26085,Michigan,Lake,1970,1826
26087,Michigan,Lapeer,1970,20973
26089,Michigan,Leelanau,1970,3952
26091,Michigan,Lenawee,1970,29792
26093,Michigan,Livingston,1970,23681
26095,Michigan,Luce,1970,2242
26097,Michigan,Mackinac,1970,3730
26099,Michigan,Macomb,1970,255269
26101,Michigan,Manistee,1970,7170
26103,Michigan,Marquette,1970,21790
26105,Michigan,Mason,1970,7877
26107,Michigan,Mecosta,1970,8061
26109,Michigan,Menominee,1970,8932
26111,Michigan,Midland,1970,26256
26113,Michigan,Missaukee,1970,2658
26115,Michigan,Monroe,1970,47643
26117,Michigan,Montcalm,1970,14744
26119,Michigan,Montmorency,1970,1789
26121,Michigan,Muskegon,1970,61338
26123,Michigan,Newaygo,1970,10865
26125,Michigan,Oakland,1970,342622
26127,Michigan,Oceana,1970,6843
26129,Michigan,Ogemaw,1970,4224
26131,Michigan,Ontonagon,1970,4030
26133,Michigan,Osceola,1970,5528
26135,Michigan,Oscoda,1970,1574
26137,Michigan,Otsego,1970,4150
26139,Michigan,Ottawa,1970,50740
26141,Michigan,Presque Isle,1970,4961
26143,Michigan,Roscommon,1970,2983
26145,Michigan,Saginaw,1970,87636
26147,Michigan,St Clair,1970,45286
26149,Michigan,St Joseph,1970,16815
26151,Michigan,Sanilac,1970,13314
26153,Michigan,Schoolcraft,1970,3039
26155,Michigan,Shiawassee,1970,25190
26157,Michigan,Tuscola,1970,19218
26159,Michigan,Van Buren,1970,20943
26161,Michigan,Washtenaw,1970,70162
26163,Michigan,Wayne,1970,930078
26165,Michigan,Wexford,1970,7345
27001,Minnesota,Aitkin,1970,3785
27003,Minnesota,Anoka,1970,70234
27005,Minnesota,Becker,1970,9383
27007,Minnesota,Beltrami,1970,9039
27009,Minnesota,Benton,1970,8568
27011,Minnesota,Big Stone,1970,2855
27013,Minnesota,Blue Earth,1970,15983
27015,Minnesota,Brown,1970,10543
27017,Minnesota,Carlton,1970,10718
27019,Minnesota,Carver,1970,11316
27021,Minnesota,Cass,1970,5798
27023,Minnesota,Chippewa,1970,5284
27025,Minnesota,Chisago,1970,6588
27027,Minnesota,Clay,1970,15875
27029,Minnesota,Clearwater,1970,2849
27031,Minnesota,Cook,1970,1200
27033,Minnesota,Cottonwood,1970,5224
27035,Minnesota,Crow Wing,1970,12291
27037,Minnesota,Dakota,1970,60202
27039,Minnesota,Dodge,1970,5031
27041,Minnesota,Douglas,1970,7894
27043,Minnesota,Faribault,1970,7339
27045,Minnesota,Fillmore,1970,7648
27047,Minnesota,Freeborn,1970,13569
27049,Minnesota,Goodhue,1970,12538
27051,Minnesota,Grant,1970,2459
27053,Minnesota,Hennepin,1970,323637
27055,Minnesota,Houston,1970,6793
27057,Minnesota,Hubbard,1970,3665
27059,Minnesota,Isanti,1970,6295
27061,Minnesota,Itasca,1970,13506
27063,Minnesota,Jackson,1970,4995
27065,Minnesota,Kanabec,1970,3644
27067,Minnesota,Kandiyohi,1970,10530
27069,Minnesota,Kittson,1970,2355
27071,Minnesota,Koochiching,1970,6600
27073,Minnesota,Lac Qui Parle,1970,3877
27075,Minnesota,Lake,1970,5382
27077,Minnesota,Lake Of The Woods,1970,1415
27079,Minnesota,Le Sueur,1970,8062
27081,Minnesota,Lincoln,1970,2880
27083,Minnesota,Lyon,1970,8743
27085,Minnesota,McLeod,1970,9757
27087,Minnesota,Mahnomen,1970,2315
27089,Minnesota,Marshall,1970,4965
27091,Minnesota,Martin,1970,8409
27093,Minnesota,Meeker,1970,6775
27095,Minnesota,Mille Lacs,1970,5701
27097,Minnesota,Morrison,1970,11204
27099,Minnesota,Mower,1970,16361
27101,Minnesota,Murray,1970,4850
27103,Minnesota,Nicollet,1970,8296
27105,Minnesota,Nobles,1970,8712
27107,Minnesota,Norman,1970,3302
27109,Minnesota,Olmsted,1970,31744
27111,Minnesota,Otter Tail,1970,15757
27113,Minnesota,Pennington,1970,4604
27115,Minnesota,Pine,1970,5958
27117,Minnesota,Pipestone,1970,4671
27119,Minnesota,Polk,1970,12434
27121,Minnesota,Pope,1970,3853
27123,Minnesota,Ramsey,1970,167125
27125,Minnesota,Red Lake,1970,2188
27127,Minnesota,Redwood,1970,7470
27129,Minnesota,Renville,1970,7767
27131,Minnesota,Rice,1970,14245
27133,Minnesota,Rock,1970,4237
27135,Minnesota,Roseau,1970,4434
27137,Minnesota,St Louis,1970,76390
27139,Minnesota,Scott,1970,14079
27141,Minnesota,Sherburne,1970,6915
27143,Minnesota,Sibley,1970,5716
27145,Minnesota,Stearns,1970,37814
27147,Minnesota,Steele,1970,10009
27149,Minnesota,Stevens,1970,3841
27151,Minnesota,Swift,1970,4815
27153,Minnesota,Todd,1970,8300
27155,Minnesota,Traverse,1970,2322
27157,Minnesota,Wabasha,1970,6367
27159,Minnesota,Wadena,1970,4693
27161,Minnesota,Waseca,1970,6138
27163,Minnesota,Washington,1970,36789
27165,Minnesota,Watonwan,1970,4675
27167,Minnesota,Wilkin,1970,3594
27169,Minnesota,Winona,1970,14305
27171,Minnesota,Wright,1970,15891
27173,Minnesota,Yellow Medicine,1970,5108
28001,Mississippi,Adams,1970,14834
28003,Mississippi,Alcorn,1970,8847
28005,Mississippi,Amite,1970,5529
28007,Mississippi,Attala,1970,7096
28009,Mississippi,Benton,1970,3056
28011,Mississippi,Bolivar,1970,21451
28013,Mississippi,Calhoun,1970,5096
28015,Mississippi,Carroll,1970,3677
28017,Mississippi,Chickasaw,1970,6336
28019,Mississippi,Choctaw,1970,3035
28021,Mississippi,Claiborne,1970,3791
28023,Mississippi,Clarke,1970,5366
28025,Mississippi,Clay,1970,7293
28027,Mississippi,Coahoma,1970,17703
28029,Mississippi,Copiah,1970,9382
28031,Mississippi,Covington,1970,5455
28033,Mississippi,DeSoto,1970,15597
28035,Mississippi,Forrest,1970,19158
28037,Mississippi,Franklin,1970,2842
28039,Mississippi,George,1970,4924
28041,Mississippi,Greene,1970,3308
28043,Mississippi,Grenada,1970,7562
28045,Mississippi,Hancock,1970,6557
28047,Mississippi,Harrison,1970,48232
28049,Mississippi,Hinds,1970,79989
28051,Mississippi,Holmes,1970,9557
28053,Mississippi,Humphreys,1970,6532
28055,Mississippi,Issaquena,1970,1214
28057,Mississippi,Itawamba,1970,5503
28059,Mississippi,Jackson,1970,36523
28061,Mississippi,Jasper,1970,6135
28063,Mississippi,Jefferson,1970,3975
28065,Mississippi,Jefferson Davis,1970,5075
28067,Mississippi,Jones,1970,19643
28069,Mississippi,Kemper,1970,3879
28071,Mississippi,Lafayette,1970,7345
28073,Mississippi,Lamar,1970,5809
28075,Mississippi,Lauderdale,1970,22413
28077,Mississippi,Lawrence,1970,4325
28079,Mississippi,Leake,1970,6034
28081,Mississippi,Lee,1970,16354
28083,Mississippi,Leflore,1970,17325
28085,Mississippi,Lincoln,1970,9508
28087,Mississippi,Lowndes,1970,18413
28089,Mississippi,Madison,1970,12644
28091,Mississippi,Marion,1970,8731
28093,Mississippi,Marshall,1970,10474
28095,Mississippi,Monroe,1970,12603
28097,Mississippi,Montgomery,1970,4915
28099,Mississippi,Neshoba,1970,7434
28101,Mississippi,Newton,1970,6255
28103,Mississippi,Noxubee,1970,6233
28105,Mississippi,Oktibbeha,1970,9677
28107,Mississippi,Panola,1970,11071
28109,Mississippi,Pearl River,1970,10610
28111,Mississippi,Perry,1970,3540
28113,Mississippi,Pike,1970,11646
28115,Mississippi,Pontotoc,1970,5823
28117,Mississippi,Prentiss,1970,6723
28119,Mississippi,Quitman,1970,7120
28121,Mississippi,Rankin,1970,15782
28123,Mississippi,Scott,1970,8201
28125,Mississippi,Sharkey,1970,4121
28127,Mississippi,Simpson,1970,7412
28129,Mississippi,Smith,1970,4841
28131,Mississippi,Stone,1970,2848
28133,Mississippi,Sunflower,1970,15880
28135,Mississippi,Tallahatchie,1970,8530
28137,Mississippi,Tate,1970,7644
28139,Mississippi,Tippah,1970,5380
28141,Mississippi,Tishomingo,1970,4744
28143,Mississippi,Tunica,1970,5539
28145,Mississippi,Union,1970,6299
28147,Mississippi,Walthall,1970,4735
28149,Mississippi,Warren,1970,17262
28151,Mississippi,Washington,1970,30418
28153,Mississippi,Wayne,1970,6604
28155,Mississippi,Webster,1970,3388
28157,Mississippi,Wilkinson,1970,4600
28159,Mississippi,Winston,1970,6781
28161,Mississippi,Yalobusha,1970,4349
28163,Mississippi,Yazoo,1970,11232
29001,Missouri,Adair,1970,5424
29003,Missouri,Andrew,1970,3939
29005,Missouri,Atchison,1970,2640
29007,Missouri,Audrain,1970,8608
29009,Missouri,Barry,1970,5899
29011,Missouri,Barton,1970,2937
29013,Missouri,Bates,1970,4645
29015,Missouri,Benton,1970,2571
29017,Missouri,Bollinger,1970,2825
29019,Missouri,Boone,1970,22265
29021,Missouri,Buchanan,1970,27917
29023,Missouri,Butler,1970,10948
29025,Missouri,Caldwell,1970,2359
29027,Missouri,Callaway,1970,8032
29029,Missouri,Camden,1970,3798
29031,Missouri,Cape Girardeau,1970,14709
29033,Missouri,Carroll,1970,3745
29035,Missouri,Carter,1970,1322
29037,Missouri,Cass,1970,14781
29039,Missouri,Cedar,1970,2653
29041,Missouri,Chariton,1970,3386
29043,Missouri,Christian,1970,5017
29045,Missouri,Clark,1970,2757
29047,Missouri,Clay,1970,45112
29049,Missouri,Clinton,1970,3996
29051,Missouri,Cole,1970,15073
29053,Missouri,Cooper,1970,5001
29055,Missouri,Crawford,1970,5104
29057,Missouri,Dade,1970,1903
29059,Missouri,Dallas,1970,3010
29061,Missouri,Daviess,1970,2458
29063,Missouri,DeKalb,1970,2294
29065,Missouri,Dent,1970,3724
29067,Missouri,Douglas,1970,2949
29069,Missouri,Dunklin,1970,11485
29071,Missouri,Franklin,1970,20439
29073,Missouri,Gasconade,1970,3421
29075,Missouri,Gentry,1970,2241
29077,Missouri,Greene,1970,46792
29079,Missouri,Grundy,1970,3261
29081,Missouri,Harrison,1970,2896
29083,Missouri,Henry,1970,5421
29085,Missouri,Hickory,1970,1121
29087,Missouri,Holt,1970,1815
29089,Missouri,Howard,1970,3075
29091,Missouri,Howell,1970,7548
29093,Missouri,Iron,1970,3193
29095,Missouri,Jackson,1970,217157
29097,Missouri,Jasper,1970,24790
29099,Missouri,Jefferson,1970,42231
29101,Missouri,Johnson,1970,9898
29103,Missouri,Knox,1970,1719
29105,Missouri,Laclede,1970,6659
29107,Missouri,Lafayette,1970,8412
29109,Missouri,Lawrence,1970,7353
29111,Missouri,Lewis,1970,3540
29113,Missouri,Lincoln,1970,6337
29115,Missouri,Linn,1970,4233
29117,Missouri,Livingston,1970,4840
29119,Missouri,McDonald,1970,3899
29121,Missouri,Macon,1970,4259
29123,Missouri,Madison,1970,2631
29125,Missouri,Maries,1970,2280
29127,Missouri,Marion,1970,8879
29129,Missouri,Mercer,1970,1319
29131,Missouri,Miller,1970,4783
29133,Missouri,Mississippi,1970,6303
29135,Missouri,Moniteau,1970,3445
29137,Missouri,Monroe,1970,2991
29139,Missouri,Montgomery,1970,3505
29141,Missouri,Morgan,1970,2920
29143,Missouri,New Madrid,1970,8891
29145,Missouri,Newton,1970,10727
29147,Missouri,Nodaway,1970,5982
29149,Missouri,Oregon,1970,2791
29151,Missouri,Osage,1970,4029
29153,Missouri,Ozark,1970,1802
29155,Missouri,Pemiscot,1970,10015
29157,Missouri,Perry,1970,5047
29159,Missouri,Pettis,1970,10777
29161,Missouri,Phelps,1970,8834
29163,Missouri,Pike,1970,5658
29165,Missouri,Platte,1970,11738
29167,Missouri,Polk,1970,4374
29169,Missouri,Pulaski,1970,13291
29171,Missouri,Putnam,1970,1640
29173,Missouri,Ralls,1970,2498
29175,Missouri,Randolph,1970,6538
29177,Missouri,Ray,1970,5976
29179,Missouri,Reynolds,1970,2127
29181,Missouri,Ripley,1970,3126
29183,Missouri,St Charles,1970,38209
29185,Missouri,St Clair,1970,2067
29186,Missouri,Ste Genevieve,1970,5023
29187,Missouri,St Francois,1970,12218
29189,Missouri,St Louis,1970,343409
29195,Missouri,Saline,1970,7125
29197,Missouri,Schuyler,1970,1332
29199,Missouri,Scotland,1970,1615
29201,Missouri,Scott,1970,12159
29203,Missouri,Shannon,1970,2480
29205,Missouri,Shelby,1970,2376
29207,Missouri,Stoddard,1970,8504
29209,Missouri,Stone,1970,2828
29211,Missouri,Sullivan,1970,2019
29213,Missouri,Taney,1970,3248
29215,Missouri,Texas,1970,6117
29217,Missouri,Vernon,1970,5279
29219,Missouri,Warren,1970,3279
29221,Missouri,Washington,1970,5929
29223,Missouri,Wayne,1970,2605
29225,Missouri,Webster,1970,5308
29227,Missouri,Worth,1970,1020
29229,Missouri,Wright,1970,4336
29510,Missouri,St Louis City,1970,197634
30001,Montana,Beaverhead,1970,2726
30003,Montana,Big Horn,1970,4236
30005,Montana,Blaine,1970,2676
30007,Montana,Broadwater,1970,932
30009,Montana,Carbon,1970,2193
30011,Montana,Carter,1970,653
30013,Montana,Cascade,1970,30770
30015,Montana,Chouteau,1970,2386
30017,Montana,Custer,1970,4451
30019,Montana,Daniels,1970,1075
30021,Montana,Dawson,1970,4536
30023,Montana,Deer Lodge,1970,5311
30025,Montana,Fallon,1970,1616
30027,Montana,Fergus,1970,4563
30029,Montana,Flathead,1970,15047
30031,Montana,Gallatin,1970,9667
30033,Montana,Garfield,1970,651
30035,Montana,Glacier,1970,4756
30037,Montana,Golden Valley,1970,292
30039,Montana,Granite,1970,941
30041,Montana,Hill,1970,6489
30043,Montana,Jefferson,1970,1940
30045,Montana,Judith Basin,1970,950
30047,Montana,Lake,1970,5361
30049,Montana,Lewis And Clark,1970,11960
30051,Montana,Liberty,1970,941
30053,Montana,Lincoln,1970,7402
30055,Montana,McCone,1970,1118
30057,Montana,Madison,1970,1715
30059,Montana,Meagher,1970,714
30061,Montana,Mineral,1970,1167
30063,Montana,Missoula,1970,19753
30065,Montana,Musselshell,1970,1207
30067,Montana,Park,1970,3589
30069,Montana,Petroleum,1970,237
30071,Montana,Phillips,1970,2056
30073,Montana,Pondera,1970,2627
30075,Montana,Powder River,1970,1164
30077,Montana,Powell,1970,2351
30079,Montana,Prairie,1970,542
30081,Montana,Ravalli,1970,5063
30083,Montana,Richland,1970,3783
30085,Montana,Roosevelt,1970,4328
30087,Montana,Rosebud,1970,2391
30089,Montana,Sanders,1970,2522
30091,Montana,Sheridan,1970,2136
30093,Montana,Silver Bow,1970,14989
30095,Montana,Stillwater,1970,1531
30097,Montana,Sweet Grass,1970,923
30099,Montana,Teton,1970,2203
30101,Montana,Toole,1970,2213
30103,Montana,Treasure,1970,407
30105,Montana,Valley,1970,4657
30107,Montana,Wheatland,1970,860
30109,Montana,Wibaux,1970,565
30111,Montana,Yellowstone,1970,31769
30113,Montana,Yellowstone National Park,1970,24
31001,Nebraska,Adams,1970,9357
31003,Nebraska,Antelope,1970,3105
31005,Nebraska,Arthur,1970,220
31007,Nebraska,Banner,1970,381
31009,Nebraska,Blaine,1970,274
31011,Nebraska,Boone,1970,3019
31013,Nebraska,Box Butte,1970,3500
31015,Nebraska,Boyd,1970,1258
31017,Nebraska,Brown,1970,1351
31019,Nebraska,Buffalo,1970,9397
31021,Nebraska,Burt,1970,2920
31023,Nebraska,Butler,1970,3180
31025,Nebraska,Cass,1970,6277
31027,Nebraska,Cedar,1970,5011
31029,Nebraska,Chase,1970,1359
31031,Nebraska,Cherry,1970,2363
31033,Nebraska,Cheyenne,1970,3892
31035,Nebraska,Clay,1970,2841
31037,Nebraska,Colfax,1970,3051
31039,Nebraska,Cuming,1970,4392
31041,Nebraska,Custer,1970,4524
31043,Nebraska,Dakota,1970,5081
31045,Nebraska,Dawes,1970,2779
31047,Nebraska,Dawson,1970,6670
31049,Nebraska,Deuel,1970,837
31051,Nebraska,Dixon,1970,2557
31053,Nebraska,Dodge,1970,12046
31055,Nebraska,Douglas,1970,140457
31057,Nebraska,Dundy,1970,833
31059,Nebraska,Fillmore,1970,2643
31061,Nebraska,Franklin,1970,1251
31063,Nebraska,Frontier,1970,1254
31065,Nebraska,Furnas,1970,1990
31067,Nebraska,Gage,1970,7988
31069,Nebraska,Garden,1970,909
31071,Nebraska,Garfield,1970,738
31073,Nebraska,Gosper,1970,760
31075,Nebraska,Grant,1970,404
31077,Nebraska,Greeley,1970,1519
31079,Nebraska,Hall,1970,15027
31081,Nebraska,Hamilton,1970,3208
31083,Nebraska,Harlan,1970,1362
31085,Nebraska,Hayes,1970,548
31087,Nebraska,Hitchcock,1970,1331
31089,Nebraska,Holt,1970,4841
31091,Nebraska,Hooker,1970,286
31093,Nebraska,Howard,1970,2499
31095,Nebraska,Jefferson,1970,3047
31097,Nebraska,Johnson,1970,1852
31099,Nebraska,Kearney,1970,2215
31101,Nebraska,Keith,1970,3044
31103,Nebraska,Keya Paha,1970,465
31105,Nebraska,Kimball,1970,2351
31107,Nebraska,Knox,1970,4134
31109,Nebraska,Lancaster,1970,50480
31111,Nebraska,Lincoln,1970,10509
31113,Nebraska,Logan,1970,351
31115,Nebraska,Loup,1970,269
31117,Nebraska,McPherson,1970,207
31119,Nebraska,Madison,1970,8971
31121,Nebraska,Merrick,1970,3197
31123,Nebraska,Morrill,1970,1940
31125,Nebraska,Nance,1970,1723
31127,Nebraska,Nemaha,1970,2492
31129,Nebraska,Nuckolls,1970,2462
31131,Nebraska,Otoe,1970,4935
31133,Nebraska,Pawnee,1970,1304
31135,Nebraska,Perkins,1970,1085
31137,Nebraska,Phelps,1970,3094
31139,Nebraska,Pierce,1970,2990
31141,Nebraska,Platte,1970,10025
31143,Nebraska,Polk,1970,2048
31145,Nebraska,Red Willow,1970,4058
31147,Nebraska,Richardson,1970,3694
31149,Nebraska,Rock,1970,738
31151,Nebraska,Saline,1970,3519
31153,Nebraska,Sarpy,1970,28033
31155,Nebraska,Saunders,1970,5571
31157,Nebraska,Scotts Bluff,1970,12564
31159,Nebraska,Seward,1970,4265
31161,Nebraska,Sheridan,1970,2457
31163,Nebraska,Sherman,1970,1670
31165,Nebraska,Sioux,1970,717
31167,Nebraska,Stanton,1970,2086
31169,Nebraska,Thayer,1970,2407
31171,Nebraska,Thomas,1970,324
31173,Nebraska,Thurston,1970,2697
31175,Nebraska,Valley,1970,1855
31177,Nebraska,Washington,1970,4313
31179,Nebraska,Wayne,1970,2910
31181,Nebraska,Webster,1970,1943
31183,Nebraska,Wheeler,1970,405
31185,Nebraska,York,1970,4585
32001,Nevada,Churchill,1970,3664
32003,Nevada,Clark,1970,98033
32005,Nevada,Douglas,1970,2138
32007,Nevada,Elko,1970,5194
32009,Nevada,Esmeralda,1970,155
32011,Nevada,Eureka,1970,309
32013,Nevada,Humboldt,1970,2238
32015,Nevada,Lander,1970,1005
32017,Nevada,Lincoln,1970,1066
32019,Nevada,Lyon,1970,3079
32021,Nevada,Mineral,1970,2607
32023,Nevada,Nye,1970,1822
32027,Nevada,Pershing,1970,903
32029,Nevada,Storey,1970,145
32031,Nevada,Washoe,1970,38367
32033,Nevada,White Pine,1970,3919
32510,Nevada,Carson City,1970,5505
33001,New Hampshire,Belknap,1970,10872
33003,New Hampshire,Carroll,1970,5847
33005,New Hampshire,Cheshire,1970,17464
33007,New Hampshire,Coos,1970,12048
33009,New Hampshire,Grafton,1970,16475
33011,New Hampshire,Hillsborough,1970,79628
33013,New Hampshire,Merrimack,1970,26486
33015,New Hampshire,Rockingham,1970,51409
33017,New Hampshire,Strafford,1970,23275
33019,New Hampshire,Sullivan,1970,10707
34001,New Jersey,Atlantic,1970,54522
34003,New Jersey,Bergen,1970,285513
34005,New Jersey,Burlington,1970,117295
34007,New Jersey,Camden,1970,159983
34009,New Jersey,Cape May,1970,16602
34011,New Jersey,Cumberland,1970,42283
34013,New Jersey,Essex,1970,299651
34015,New Jersey,Gloucester,1970,63984
34017,New Jersey,Hudson,1970,178455
34019,New Jersey,Hunterdon,1970,24502
34021,New Jersey,Mercer,1970,95889
34023,New Jersey,Middlesex,1970,208296
34025,New Jersey,Monmouth,1970,165291
34027,New Jersey,Morris,1970,139991
34029,New Jersey,Ocean,1970,68297
34031,New Jersey,Passaic,1970,148266
34033,New Jersey,Salem,1970,21167
34035,New Jersey,Somerset,1970,71947
34037,New Jersey,Sussex,1970,28753
34039,New Jersey,Union,1970,169501
34041,New Jersey,Warren,1970,24657
35001,New Mexico,Bernalillo,1970,121197
35003,New Mexico,Catron,1970,775
35005,New Mexico,Chaves,1970,16922
35007,New Mexico,Colfax,1970,4646
35009,New Mexico,Curry,1970,14962
35011,New Mexico,De Baca,1970,824
35013,New Mexico,Dona Ana,1970,28190
35015,New Mexico,Eddy,1970,15546
35017,New Mexico,Grant,1970,8470
35019,New Mexico,Guadalupe,1970,2201
35021,New Mexico,Harding,1970,490
35023,New Mexico,Hidalgo,1970,1993
35025,New Mexico,Lea,1970,19379
35027,New Mexico,Lincoln,1970,2549
35028,New Mexico,Los Alamos,1970,6449
35029,New Mexico,Luna,1970,4706
35031,New Mexico,McKinley,1970,20899
35033,New Mexico,Mora,1970,2021
35035,New Mexico,Otero,1970,17151
35037,New Mexico,Quay,1970,3879
35039,New Mexico,Rio Arriba,1970,11370
35041,New Mexico,Roosevelt,1970,5091
35043,New Mexico,Sandoval,1970,7809
35045,New Mexico,San Juan,1970,24182
35047,New Mexico,San Miguel,1970,8177
35049,New Mexico,Santa Fe,1970,21153
35051,New Mexico,Sierra,1970,2046
35053,New Mexico,Socorro,1970,3876
35055,New Mexico,Taos,1970,7428
35057,New Mexico,Torrance,1970,2012
35059,New Mexico,Union,1970,1751
35061,New Mexico,Valencia,1970,18072
36001,New York,Albany,1970,89380
36003,New York,Allegany,1970,15651
36005,New York,Bronx,1970,465369
36007,New York,Broome,1970,74857
36009,New York,Cattaraugus,1970,29256
36011,New York,Cayuga,1970,27194
36013,New York,Chautauqua,1970,49262
36015,New York,Chemung,1970,35769
36017,New York,Chenango,1970,17371
36019,New York,Clinton,1970,27023
36021,New York,Columbia,1970,17213
36023,New York,Cortland,1970,15352
36025,New York,Delaware,1970,14842
36027,New York,Dutchess,1970,75198
36029,New York,Erie,1970,381007
36031,New York,Essex,1970,12531
36033,New York,Franklin,1970,16631
36035,New York,Fulton,1970,17124
36037,New York,Genesee,1970,21617
36039,New York,Greene,1970,10360
36041,New York,Hamilton,1970,1527
36043,New York,Herkimer,1970,22907
36045,New York,Jefferson,1970,32090
36047,New York,Kings,1970,816149
36049,New York,Lewis,1970,9571
36051,New York,Livingston,1970,18483
36053,New York,Madison,1970,22870
36055,New York,Monroe,1970,243897
36057,New York,Montgomery,1970,16774
36059,New York,Nassau,1970,496612
36061,New York,New York,1970,330797
36063,New York,Niagara,1970,83581
36065,New York,Oneida,1970,93794
36067,New York,Onondaga,1970,165609
36069,New York,Ontario,1970,28290
36071,New York,Orange,1970,76311
36073,New York,Orleans,1970,13720
36075,New York,Oswego,1970,37085
36077,New York,Otsego,1970,16798
36079,New York,Putnam,1970,22241
36081,New York,Queens,1970,520276
36083,New York,Rensselaer,1970,50551
36085,New York,Richmond,1970,102228
36087,New York,Rockland,1970,90419
36089,New York,St Lawrence,1970,40106
36091,New York,Saratoga,1970,45376
36093,New York,Schenectady,1970,51579
36095,New York,Schoharie,1970,8148
36097,New York,Schuyler,1970,6241
36099,New York,Seneca,1970,11448
36101,New York,Steuben,1970,35639
36103,New York,Suffolk,1970,445431
36105,New York,Sullivan,1970,16391
36107,New York,Tioga,1970,18893
36109,New York,Tompkins,1970,21675
36111,New York,Ulster,1970,46971
36113,New York,Warren,1970,17803
36115,New York,Washington,1970,19563
36117,New York,Wayne,1970,29330
36119,New York,Westchester,1970,280896
36121,New York,Wyoming,1970,13419
36123,New York,Yates,1970,6779
37001,North Carolina,Alamance,1970,32323
37003,North Carolina,Alexander,1970,6814
37005,North Carolina,Alleghany,1970,2499
37007,North Carolina,Anson,1970,8621
37009,North Carolina,Ashe,1970,6455
37011,North Carolina,Avery,1970,4087
37013,North Carolina,Beaufort,1970,12762
37015,North Carolina,Bertie,1970,8033
37017,North Carolina,Bladen,1970,10156
37019,North Carolina,Brunswick,1970,9068
37021,North Carolina,Buncombe,1970,45907
37023,North Carolina,Burke,1970,20538
37025,North Carolina,Cabarrus,1970,24772
37027,North Carolina,Caldwell,1970,20702
37029,North Carolina,Camden,1970,2038
37031,North Carolina,Carteret,1970,10686
37033,North Carolina,Caswell,1970,7193
37035,North Carolina,Catawba,1970,31506
37037,North Carolina,Chatham,1970,10086
37039,North Carolina,Cherokee,1970,5366
37041,North Carolina,Chowan,1970,3900
37043,North Carolina,Clay,1970,1651
37045,North Carolina,Cleveland,1970,25851
37047,North Carolina,Columbus,1970,17706
37049,North Carolina,Craven,1970,22353
37051,North Carolina,Cumberland,1970,74907
37053,North Carolina,Currituck,1970,2439
37055,North Carolina,Dare,1970,2071
37057,North Carolina,Davidson,1970,33218
37059,North Carolina,Davie,1970,6312
37061,North Carolina,Duplin,1970,13933
37063,North Carolina,Durham,1970,41543
37065,North Carolina,Edgecombe,1970,20795
37067,North Carolina,Forsyth,1970,72657
37069,North Carolina,Franklin,1970,9298
37071,North Carolina,Gaston,1970,52159
37073,North Carolina,Gates,1970,3182
37075,North Carolina,Graham,1970,2300
37077,North Carolina,Granville,1970,11802
37079,North Carolina,Greene,1970,6156
37081,North Carolina,Guilford,1970,97667
37083,North Carolina,Halifax,1970,20923
37085,North Carolina,Harnett,1970,16971
37087,North Carolina,Haywood,1970,13379
37089,North Carolina,Henderson,1970,13576
37091,North Carolina,Hertford,1970,9096
37093,North Carolina,Hoke,1970,7152
37095,North Carolina,Hyde,1970,2051
37097,North Carolina,Iredell,1970,24791
37099,North Carolina,Jackson,1970,6091
37101,North Carolina,Johnston,1970,21332
37103,North Carolina,Jones,1970,3863
37105,North Carolina,Lee,1970,10968
37107,North Carolina,Lenoir,1970,20667
37109,North Carolina,Lincoln,1970,11153
37111,North Carolina,McDowell,1970,10543
37113,North Carolina,Macon,1970,4927
37115,North Carolina,Madison,1970,4656
37117,North Carolina,Martin,1970,9468
37119,North Carolina,Mecklenburg,1970,126634
37121,North Carolina,Mitchell,1970,4272
37123,North Carolina,Montgomery,1970,6749
37125,North Carolina,Moore,1970,13959
37127,North Carolina,Nash,1970,21611
37129,North Carolina,New Hanover,1970,28682
37131,North Carolina,Northampton,1970,9095
37133,North Carolina,Onslow,1970,33305
37135,North Carolina,Orange,1970,15777
37137,North Carolina,Pamlico,1970,3431
37139,North Carolina,Pasquotank,1970,9371
37141,North Carolina,Pender,1970,6650
37143,North Carolina,Perquimans,1970,2928
37145,North Carolina,Person,1970,9422
37147,North Carolina,Pitt,1970,24747
37149,North Carolina,Polk,1970,3647
37151,North Carolina,Randolph,1970,25870
37153,North Carolina,Richmond,1970,14681
37155,North Carolina,Robeson,1970,35271
37157,North Carolina,Rockingham,1970,24624
37159,North Carolina,Rowan,1970,28329
37161,North Carolina,Rutherford,1970,15718
37163,North Carolina,Sampson,1970,16228
37165,North Carolina,Scotland,1970,10293
37167,North Carolina,Stanly,1970,13725
37169,North Carolina,Stokes,1970,8074
37171,North Carolina,Surry,1970,16995
37173,North Carolina,Swain,1970,2625
37175,North Carolina,Transylvania,1970,6798
37177,North Carolina,Tyrrell,1970,1375
37179,North Carolina,Union,1970,19674
37181,North Carolina,Vance,1970,11926
37183,North Carolina,Wake,1970,75738
37185,North Carolina,Warren,1970,5999
37187,North Carolina,Washington,1970,5586
37189,North Carolina,Watauga,1970,6134
37191,North Carolina,Wayne,1970,32015
37193,North Carolina,Wilkes,1970,17179
37195,North Carolina,Wilson,1970,20970
37197,North Carolina,Yadkin,1970,7803
37199,North Carolina,Yancey,1970,4055
38001,North Dakota,Adams,1970,1394
38003,North Dakota,Barnes,1970,4747
38005,North Dakota,Benson,1970,3351
38007,North Dakota,Billings,1970,490
38009,North Dakota,Bottineau,1970,3252
38011,North Dakota,Bowman,1970,1499
38013,North Dakota,Burke,1970,1686
38015,North Dakota,Burleigh,1970,15497
38017,North Dakota,Cass,1970,24792
38019,North Dakota,Cavalier,1970,3176
38021,North Dakota,Dickey,1970,2386
38023,North Dakota,Divide,1970,1542
38025,North Dakota,Dunn,1970,2055
38027,North Dakota,Eddy,1970,1546
38029,North Dakota,Emmons,1970,3124
38031,North Dakota,Foster,1970,1979
38033,North Dakota,Golden Valley,1970,966
38035,North Dakota,Grand Forks,1970,20856
38037,North Dakota,Grant,1970,1972
38039,North Dakota,Griggs,1970,1393
38041,North Dakota,Hettinger,1970,2105
38043,North Dakota,Kidder,1970,1708
38045,North Dakota,LaMoure,1970,2632
38047,North Dakota,Logan,1970,1706
38049,North Dakota,McHenry,1970,3401
38051,North Dakota,McIntosh,1970,1923
38053,North Dakota,McKenzie,1970,2354
38055,North Dakota,McLean,1970,4211
38057,North Dakota,Mercer,1970,2218
38059,North Dakota,Morton,1970,8404
38061,North Dakota,Mountrail,1970,3266
38063,North Dakota,Nelson,1970,1876
38065,North Dakota,Oliver,1970,938
38067,North Dakota,Pembina,1970,3901
38069,North Dakota,Pierce,1970,2482
38071,North Dakota,Ramsey,1970,4729
38073,North Dakota,Ransom,1970,2374
38075,North Dakota,Renville,1970,1441
38077,North Dakota,Richland,1970,5876
38079,North Dakota,Rolette,1970,5616
38081,North Dakota,Sargent,1970,2182
38083,North Dakota,Sheridan,1970,1120
38085,North Dakota,Sioux,1970,1831
38087,North Dakota,Slope,1970,654
38089,North Dakota,Stark,1970,7758
38091,North Dakota,Steele,1970,1335
38093,North Dakota,Stutsman,1970,8128
38095,North Dakota,Towner,1970,1734
38097,North Dakota,Traill,1970,2855
38099,North Dakota,Walsh,1970,5738
38101,North Dakota,Ward,1970,21681
38103,North Dakota,Wells,1970,2956
38105,North Dakota,Williams,1970,7514
39001,Ohio,Adams,1970,6573
39003,Ohio,Allen,1970,40656
39005,Ohio,Ashland,1970,14647
39007,Ohio,Ashtabula,1970,35745
39009,Ohio,Athens,1970,13827
39011,Ohio,Auglaize,1970,14372
39013,Ohio,Belmont,1970,25781
39015,Ohio,Brown,1970,9710
39017,Ohio,Butler,1970,79133
39019,Ohio,Carroll,1970,7788
39021,Ohio,Champaign,1970,10728
39023,Ohio,Clark,1970,56131
39025,Ohio,Clermont,1970,39035
39027,Ohio,Clinton,1970,11216
39029,Ohio,Columbiana,1970,37321
39031,Ohio,Coshocton,1970,11538
39033,Ohio,Crawford,1970,18011
39035,Ohio,Cuyahoga,1970,571109
39037,Ohio,Darke,1970,17740
39039,Ohio,Defiance,1970,14238
39041,Ohio,Delaware,1970,15027
39043,Ohio,Erie,1970,28230
39045,Ohio,Fairfield,1970,26727
39047,Ohio,Fayette,1970,8682
39049,Ohio,Franklin,1970,286175
39051,Ohio,Fulton,1970,12769
39053,Ohio,Gallia,1970,8068
39055,Ohio,Geauga,1970,25523
39057,Ohio,Greene,1970,46198
39059,Ohio,Guernsey,1970,12170
39061,Ohio,Hamilton,1970,321331
39063,Ohio,Hancock,1970,22090
39065,Ohio,Hardin,1970,10178
39067,Ohio,Harrison,1970,5757
39069,Ohio,Henry,1970,10151
39071,Ohio,Highland,1970,9871
39073,Ohio,Hocking,1970,7218
39075,Ohio,Holmes,1970,9472
39077,Ohio,Huron,1970,18946
39079,Ohio,Jackson,1970,9527
39081,Ohio,Jefferson,1970,32039
39083,Ohio,Knox,1970,13815
39085,Ohio,Lake,1970,76762
39087,Ohio,Lawrence,1970,20368
39089,Ohio,Licking,1970,38639
39091,Ohio,Logan,1970,12078
39093,Ohio,Lorain,1970,99248
39095,Ohio,Lucas,1970,168752
39097,Ohio,Madison,1970,9950
39099,Ohio,Mahoning,1970,101572
39101,Ohio,Marion,1970,23045
39103,Ohio,Medina,1970,32815
39105,Ohio,Meigs,1970,6725
39107,Ohio,Mercer,1970,14278
39109,Ohio,Miami,1970,30490
39111,Ohio,Monroe,1970,5677
39113,Ohio,Montgomery,1970,211581
39115,Ohio,Morgan,1970,4279
39117,Ohio,Morrow,1970,7927
39119,Ohio,Muskingum,1970,27055
39121,Ohio,Noble,1970,3734
39123,Ohio,Ottawa,1970,13418
39125,Ohio,Paulding,1970,7686
39127,Ohio,Perry,1970,10014
39129,Ohio,Pickaway,1970,14357
39131,Ohio,Pike,1970,7228
39133,Ohio,Portage,1970,44237
39135,Ohio,Preble,1970,12692
39137,Ohio,Putnam,1970,13318
39139,Ohio,Richland,1970,46838
39141,Ohio,Ross,1970,21189
39143,Ohio,Sandusky,1970,23242
39145,Ohio,Scioto,1970,26761
39147,Ohio,Seneca,1970,22457
39149,Ohio,Shelby,1970,14707
39151,Ohio,Stark,1970,129375
39153,Ohio,Summit,1970,193071
39155,Ohio,Trumbull,1970,84178
39157,Ohio,Tuscarawas,1970,26658
39159,Ohio,Union,1970,8413
39161,Ohio,Van Wert,1970,10119
39163,Ohio,Vinton,1970,3379
39165,Ohio,Warren,1970,33757
39167,Ohio,Washington,1970,19828
39169,Ohio,Wayne,1970,31920
39171,Ohio,Williams,1970,12358
39173,Ohio,Wood,1970,28726
39175,Ohio,Wyandot,1970,8133
40001,Oklahoma,Adair,1970,5513
40003,Oklahoma,Alfalfa,1970,2056
40005,Oklahoma,Atoka,1970,3621
40007,Oklahoma,Beaver,1970,2091
40009,Oklahoma,Beckham,1970,4425
40011,Oklahoma,Blaine,1970,3741
40013,Oklahoma,Bryan,1970,7307
40015,Oklahoma,Caddo,1970,10113
40017,Oklahoma,Canadian,1970,11274
40019,Oklahoma,Carter,1970,12116
40021,Oklahoma,Cherokee,1970,7215
40023,Oklahoma,Choctaw,1970,5000
40025,Oklahoma,Cimarron,1970,1489
40027,Oklahoma,Cleveland,1970,25911
40029,Oklahoma,Coal,1970,1759
40031,Oklahoma,Comanche,1970,35901
40033,Oklahoma,Cotton,1970,2044
40035,Oklahoma,Craig,1970,4118
40037,Oklahoma,Creek,1970,15583
40039,Oklahoma,Custer,1970,6252
40041,Oklahoma,Delaware,1970,5713
40043,Oklahoma,Dewey,1970,1665
40045,Oklahoma,Ellis,1970,1528
40047,Oklahoma,Garfield,1970,17482
40049,Oklahoma,Garvin,1970,7777
40051,Oklahoma,Grady,1970,9349
40053,Oklahoma,Grant,1970,2091
40055,Oklahoma,Greer,1970,1951
40057,Oklahoma,Harmon,1970,1622
40059,Oklahoma,Harper,1970,1681
40061,Oklahoma,Haskell,1970,3129
40063,Oklahoma,Hughes,1970,3750
40065,Oklahoma,Jackson,1970,11051
40067,Oklahoma,Jefferson,1970,1968
40069,Oklahoma,Johnston,1970,2255
40071,Oklahoma,Kay,1970,15236
40073,Oklahoma,Kingfisher,1970,4441
40075,Oklahoma,Kiowa,1970,3692
40077,Oklahoma,Latimer,1970,2625
40079,Oklahoma,Le Flore,1970,10759
40081,Oklahoma,Lincoln,1970,6173
40083,Oklahoma,Logan,1970,5921
40085,Oklahoma,Love,1970,1749
40087,Oklahoma,McClain,1970,4784
40089,Oklahoma,McCurtain,1970,10544
40091,Oklahoma,McIntosh,1970,3944
40093,Oklahoma,Major,1970,2358
40095,Oklahoma,Marshall,1970,2166
40097,Oklahoma,Mayes,1970,7689
40099,Oklahoma,Murray,1970,3215
40101,Oklahoma,Muskogee,1970,19594
40103,Oklahoma,Noble,1970,3105
40105,Oklahoma,Nowata,1970,2897
40107,Oklahoma,Okfuskee,1970,3680
40109,Oklahoma,Oklahoma,1970,181203
40111,Oklahoma,Okmulgee,1970,10968
40113,Oklahoma,Osage,1970,9507
40115,Oklahoma,Ottawa,1970,9042
40117,Oklahoma,Pawnee,1970,3337
40119,Oklahoma,Payne,1970,12409
40121,Oklahoma,Pittsburg,1970,11389
40123,Oklahoma,Pontotoc,1970,7924
40125,Oklahoma,Pottawatomie,1970,13285
40127,Oklahoma,Pushmataha,1970,3156
40129,Oklahoma,Roger Mills,1970,1341
40131,Oklahoma,Rogers,1970,9987
40133,Oklahoma,Seminole,1970,7924
40135,Oklahoma,Sequoyah,1970,8783
40137,Oklahoma,Stephens,1970,11063
40139,Oklahoma,Texas,1970,5615
40141,Oklahoma,Tillman,1970,4332
40143,Oklahoma,Tulsa,1970,138100
40145,Oklahoma,Wagoner,1970,7960
40147,Oklahoma,Washington,1970,14006
40149,Oklahoma,Washita,1970,3638
40151,Oklahoma,Woods,1970,2961
40153,Oklahoma,Woodward,1970,5090
41001,Oregon,Baker,1970,5059
41003,Oregon,Benton,1970,15151
41005,Oregon,Clackamas,1970,60169
41007,Oregon,Clatsop,1970,8718
41009,Oregon,Columbia,1970,10575
41011,Oregon,Coos,1970,20159
41013,Oregon,Crook,1970,3412
41015,Oregon,Curry,1970,4439
41017,Oregon,Deschutes,1970,10386
41019,Oregon,Douglas,1970,26387
41021,Oregon,Gilliam,1970,839
41023,Oregon,Grant,1970,2446
41025,Oregon,Harney,1970,2552
41027,Oregon,Hood River,1970,4498
41029,Oregon,Jackson,1970,30869
41031,Oregon,Jefferson,1970,3411
41033,Oregon,Josephine,1970,11553
41035,Oregon,Klamath,1970,17409
41037,Oregon,Lake,1970,2293
41039,Oregon,Lane,1970,72483
41041,Oregon,Lincoln,1970,7833
41043,Oregon,Linn,1970,26284
41045,Oregon,Malheur,1970,8707
41047,Oregon,Marion,1970,51589
41049,Oregon,Morrow,1970,1567
41051,Oregon,Multnomah,1970,168085
41053,Oregon,Polk,1970,11550
41055,Oregon,Sherman,1970,714
41057,Oregon,Tillamook,1970,6059
41059,Oregon,Umatilla,1970,15115
41061,Oregon,Union,1970,6234
41063,Oregon,Wallowa,1970,2084
41065,Oregon,Wasco,1970,6877
41067,Oregon,Washington,1970,57765
41069,Oregon,Wheeler,1970,613
41071,Oregon,Yamhill,1970,13799
42001,Pennsylvania,Adams,1970,20102
42003,Pennsylvania,Allegheny,1970,510614
42005,Pennsylvania,Armstrong,1970,25121
42007,Pennsylvania,Beaver,1970,71182
42009,Pennsylvania,Bedford,1970,14983
42011,Pennsylvania,Berks,1970,89953
42013,Pennsylvania,Blair,1970,43761
42015,Pennsylvania,Bradford,1970,21955
42017,Pennsylvania,Bucks,1970,160328
42019,Pennsylvania,Butler,1970,45533
42021,Pennsylvania,Cambria,1970,63246
42023,Pennsylvania,Cameron,1970,2514
42025,Pennsylvania,Carbon,1970,15464
42027,Pennsylvania,Centre,1970,28416
42029,Pennsylvania,Chester,1970,97422
42031,Pennsylvania,Clarion,1970,12646
42033,Pennsylvania,Clearfield,1970,25618
42035,Pennsylvania,Clinton,1970,12165
42037,Pennsylvania,Columbia,1970,17003
42039,Pennsylvania,Crawford,1970,27445
42041,Pennsylvania,Cumberland,1970,52665
42043,Pennsylvania,Dauphin,1970,70460
42045,Pennsylvania,Delaware,1970,201588
42047,Pennsylvania,Elk,1970,14218
42049,Pennsylvania,Erie,1970,93816
42051,Pennsylvania,Fayette,1970,51653
42053,Pennsylvania,Forest,1970,1618
42055,Pennsylvania,Franklin,1970,34291
42057,Pennsylvania,Fulton,1970,3863
42059,Pennsylvania,Greene,1970,11670
42061,Pennsylvania,Huntingdon,1970,12944
42063,Pennsylvania,Indiana,1970,25331
42065,Pennsylvania,Jefferson,1970,14274
42067,Pennsylvania,Juniata,1970,5849
42069,Pennsylvania,Lackawanna,1970,68405
42071,Pennsylvania,Lancaster,1970,109968
42073,Pennsylvania,Lawrence,1970,35337
42075,Pennsylvania,Lebanon,1970,33072
42077,Pennsylvania,Lehigh,1970,78934
42079,Pennsylvania,Luzerne,1970,98447
42081,Pennsylvania,Lycoming,1970,38067
42083,Pennsylvania,McKean,1970,17785
42085,Pennsylvania,Mercer,1970,43262
42087,Pennsylvania,Mifflin,1970,15698
42089,Pennsylvania,Monroe,1970,13804
42091,Pennsylvania,Montgomery,1970,209874
42093,Pennsylvania,Montour,1970,4935
42095,Pennsylvania,Northampton,1970,66453
42097,Pennsylvania,Northumberland,1970,30571
42099,Pennsylvania,Perry,1970,9875
42101,Pennsylvania,Philadelphia,1970,607266
42103,Pennsylvania,Pike,1970,3565
42105,Pennsylvania,Potter,1970,5894
42107,Pennsylvania,Schuylkill,1970,47102
42109,Pennsylvania,Snyder,1970,9639
42111,Pennsylvania,Somerset,1970,25094
42113,Pennsylvania,Sullivan,1970,2073
42115,Pennsylvania,Susquehanna,1970,12355
42117,Pennsylvania,Tioga,1970,13841
42119,Pennsylvania,Union,1970,8281
42121,Pennsylvania,Venango,1970,21152
42123,Pennsylvania,Warren,1970,16005
42125,Pennsylvania,Washington,1970,67365
42127,Pennsylvania,Wayne,1970,9575
42129,Pennsylvania,Westmoreland,1970,126382
42131,Pennsylvania,Wyoming,1970,6773
42133,Pennsylvania,York,1970,91542
44001,Rhode Island,Bristol,1970,16048
44003,Rhode Island,Kent,1970,50240
44005,Rhode Island,Newport,1970,28692
44007,Rhode Island,Providence,1970,178334
44009,Rhode Island,Washington,1970,26715
45001,South Carolina,Abbeville,1970,7150
45003,South Carolina,Aiken,1970,34790
45005,South Carolina,Allendale,1970,3706
45007,South Carolina,Anderson,1970,35713
45009,South Carolina,Bamberg,1970,6181
45011,South Carolina,Barnwell,1970,6747
45013,South Carolina,Beaufort,1970,18651
45015,South Carolina,Berkeley,1970,25656
45017,South Carolina,Calhoun,1970,4402
45019,South Carolina,Charleston,1970,91324
45021,South Carolina,Cherokee,1970,13105
45023,South Carolina,Chester,1970,10979
45025,South Carolina,Chesterfield,1970,13038
45027,South Carolina,Clarendon,1970,11365
45029,South Carolina,Colleton,1970,10919
45031,South Carolina,Darlington,1970,20883
45033,South Carolina,Dillon,1970,12454
45035,South Carolina,Dorchester,1970,13392
45037,South Carolina,Edgefield,1970,6328
45039,South Carolina,Fairfield,1970,8172
45041,South Carolina,Florence,1970,34904
45043,South Carolina,Georgetown,1970,14378
45045,South Carolina,Greenville,1970,83270
45047,South Carolina,Greenwood,1970,17270
45049,South Carolina,Hampton,1970,6229
45051,South Carolina,Horry,1970,26648
45053,South Carolina,Jasper,1970,4944
45055,South Carolina,Kershaw,1970,13377
45057,South Carolina,Lancaster,1970,16231
45059,South Carolina,Laurens,1970,17237
45061,South Carolina,Lee,1970,8121
45063,South Carolina,Lexington,1970,33132
45065,South Carolina,McCormick,1970,3353
45067,South Carolina,Marion,1970,11941
45069,South Carolina,Marlboro,1970,11037
45071,South Carolina,Newberry,1970,9516
45073,South Carolina,Oconee,1970,14162
45075,South Carolina,Orangeburg,1970,27484
45077,South Carolina,Pickens,1970,18626
45079,South Carolina,Richland,1970,74854
45081,South Carolina,Saluda,1970,5497
45083,South Carolina,Spartanburg,1970,59350
45085,South Carolina,Sumter,1970,32562
45087,South Carolina,Union,1970,10235
45089,South Carolina,Williamsburg,1970,15095
45091,South Carolina,York,1970,30755
46003,South Dakota,Aurora,1970,1633
46005,South Dakota,Beadle,1970,7252
46007,South Dakota,Bennett,1970,1316
46009,South Dakota,Bon Homme,1970,2635
46011,South Dakota,Brookings,1970,6247
46013,South Dakota,Brown,1970,12757
46015,South Dakota,Brule,1970,2257
46017,South Dakota,Buffalo,1970,829
46019,South Dakota,Butte,1970,2824
46021,South Dakota,Campbell,1970,1132
46023,South Dakota,Charles Mix,1970,3841
46025,South Dakota,Clark,1970,1783
46027,South Dakota,Clay,1970,3361
46029,South Dakota,Codington,1970,6890
46031,South Dakota,Corson,1970,2266
46033,South Dakota,Custer,1970,1618
46035,South Dakota,Davison,1970,5956
46037,South Dakota,Day,1970,3054
46039,South Dakota,Deuel,1970,2000
46041,South Dakota,Dewey,1970,2420
46043,South Dakota,Douglas,1970,1710
46045,South Dakota,Edmunds,1970,2120
46047,South Dakota,Fall River,1970,2133
46049,South Dakota,Faulk,1970,1504
46051,South Dakota,Grant,1970,3323
46053,South Dakota,Gregory,1970,2324
46055,South Dakota,Haakon,1970,1137
46057,South Dakota,Hamlin,1970,1768
46059,South Dakota,Hand,1970,2325
46061,South Dakota,Hanson,1970,1501
46063,South Dakota,Harding,1970,726
46065,South Dakota,Hughes,1970,4515
46067,South Dakota,Hutchinson,1970,3532
46069,South Dakota,Hyde,1970,969
46071,South Dakota,Jackson,1970,540
46073,South Dakota,Jerauld,1970,1144
46075,South Dakota,Jones,1970,706
46077,South Dakota,Kingsbury,1970,2613
46079,South Dakota,Lake,1970,3701
46081,South Dakota,Lawrence,1970,6024
46083,South Dakota,Lincoln,1970,4123
46085,South Dakota,Lyman,1970,1617
46087,South Dakota,McCook,1970,2680
46089,South Dakota,McPherson,1970,1810
46091,South Dakota,Marshall,1970,2165
46093,South Dakota,Meade,1970,6382
46095,South Dakota,Mellette,1970,1008
46097,South Dakota,Miner,1970,1527
46099,South Dakota,Minnehaha,1970,35174
46101,South Dakota,Moody,1970,2947
46103,South Dakota,Pennington,1970,22263
46105,South Dakota,Perkins,1970,1733
46107,South Dakota,Potter,1970,1777
46109,South Dakota,Roberts,1970,4454
46111,South Dakota,Sanborn,1970,1353
46113,South Dakota,Shannon,1970,4147
46115,South Dakota,Spink,1970,3572
46117,South Dakota,Stanley,1970,985
46119,South Dakota,Sully,1970,994
46121,South Dakota,Todd,1970,3268
46123,South Dakota,Tripp,1970,3088
46125,South Dakota,Turner,1970,3234
46127,South Dakota,Union,1970,3364
46129,South Dakota,Walworth,1970,2973
46131,South Dakota,Washabaugh,1970,652
46135,South Dakota,Yankton,1970,6195
46137,South Dakota,Ziebach,1970,1049
47001,Tennessee,Anderson,1970,21210
47003,Tennessee,Bedford,1970,8143
47005,Tennessee,Benton,1970,3787
47007,Tennessee,Bledsoe,1970,2914
47009,Tennessee,Blount,1970,20585
47011,Tennessee,Bradley,1970,17804
47013,Tennessee,Campbell,1970,8952
47015,Tennessee,Cannon,1970,2612
47017,Tennessee,Carroll,1970,7696
47019,Tennessee,Carter,1970,13555
47021,Tennessee,Cheatham,1970,4818
47023,Tennessee,Chester,1970,2982
47025,Tennessee,Claiborne,1970,6352
47027,Tennessee,Clay,1970,2159
47029,Tennessee,Cocke,1970,8967
47031,Tennessee,Coffee,1970,11739
47033,Tennessee,Crockett,1970,4819
47035,Tennessee,Cumberland,1970,7513
47037,Tennessee,Davidson,1970,146846
47039,Tennessee,Decatur,1970,2829
47041,Tennessee,DeKalb,1970,3459
47043,Tennessee,Dickson,1970,7529
47045,Tennessee,Dyer,1970,10060
47047,Tennessee,Fayette,1970,10197
47049,Tennessee,Fentress,1970,4810
47051,Tennessee,Franklin,1970,9318
47053,Tennessee,Gibson,1970,15557
47055,Tennessee,Giles,1970,6911
47057,Tennessee,Grainger,1970,4792
47059,Tennessee,Greene,1970,15514
47061,Tennessee,Grundy,1970,3770
47063,Tennessee,Hamblen,1970,13339
47065,Tennessee,Hamilton,1970,85043
47067,Tennessee,Hancock,1970,2302
47069,Tennessee,Hardeman,1970,8094
47071,Tennessee,Hardin,1970,6032
47073,Tennessee,Hawkins,1970,11543
47075,Tennessee,Haywood,1970,7949
47077,Tennessee,Henderson,1970,5477
47079,Tennessee,Henry,1970,7178
47081,Tennessee,Hickman,1970,3914
47083,Tennessee,Houston,1970,1935
47085,Tennessee,Humphreys,1970,4670
47087,Tennessee,Jackson,1970,2503
47089,Tennessee,Jefferson,1970,7975
47091,Tennessee,Johnson,1970,3753
47093,Tennessee,Knox,1970,86261
47095,Tennessee,Lake,1970,3009
47097,Tennessee,Lauderdale,1970,7238
47099,Tennessee,Lawrence,1970,10214
47101,Tennessee,Lewis,1970,2303
47103,Tennessee,Lincoln,1970,8065
47105,Tennessee,Loudon,1970,7792
47107,Tennessee,McMinn,1970,11816
47109,Tennessee,McNairy,1970,5816
47111,Tennessee,Macon,1970,3684
47113,Tennessee,Madison,1970,22070
47115,Tennessee,Marion,1970,7596
47117,Tennessee,Marshall,1970,5404
47119,Tennessee,Maury,1970,14882
47121,Tennessee,Meigs,1970,1827
47123,Tennessee,Monroe,1970,7969
47125,Tennessee,Montgomery,1970,21052
47127,Tennessee,Moore,1970,1147
47129,Tennessee,Morgan,1970,4890
47131,Tennessee,Obion,1970,9385
47133,Tennessee,Overton,1970,4860
47135,Tennessee,Perry,1970,1503
47137,Tennessee,Pickett,1970,1227
47139,Tennessee,Polk,1970,3998
47141,Tennessee,Putnam,1970,10276
47143,Tennessee,Rhea,1970,5967
47145,Tennessee,Roane,1970,13733
47147,Tennessee,Robertson,1970,10124
47149,Tennessee,Rutherford,1970,19418
47151,Tennessee,Scott,1970,5649
47153,Tennessee,Sequatchie,1970,2315
47155,Tennessee,Sevier,1970,9508
47157,Tennessee,Shelby,1970,261760
47159,Tennessee,Smith,1970,3891
47161,Tennessee,Stewart,1970,2214
47163,Tennessee,Sullivan,1970,42376
47165,Tennessee,Sumner,1970,20441
47167,Tennessee,Tipton,1970,11151
47169,Tennessee,Trousdale,1970,1598
47171,Tennessee,Unicoi,1970,5019
47173,Tennessee,Union,1970,3268
47175,Tennessee,Van Buren,1970,1249
47177,Tennessee,Warren,1970,9122
47179,Tennessee,Washington,1970,22686
47181,Tennessee,Wayne,1970,4331
47183,Tennessee,Weakley,1970,7681
47185,Tennessee,White,1970,5463
47187,Tennessee,Williamson,1970,12189
47189,Tennessee,Wilson,1970,12632
48001,Texas,Anderson,1970,8706
48003,Texas,Andrews,1970,3882
48005,Texas,Angelina,1970,17490
48007,Texas,Aransas,1970,3076
48009,Texas,Archer,1970,1885
48011,Texas,Armstrong,1970,530
48013,Texas,Atascosa,1970,7160
48015,Texas,Austin,1970,4096
48017,Texas,Bailey,1970,3349
48019,Texas,Bandera,1970,1353
48021,Texas,Bastrop,1970,5646
48023,Texas,Baylor,1970,1445
48025,Texas,Bee,1970,8329
48027,Texas,Bell,1970,38447
48029,Texas,Bexar,1970,314011
48031,Texas,Blanco,1970,1003
48033,Texas,Borden,1970,329
48035,Texas,Bosque,1970,2618
48037,Texas,Bowie,1970,22941
48039,Texas,Brazoria,1970,40894
48041,Texas,Brazos,1970,18205
48043,Texas,Brewster,1970,2459
48045,Texas,Briscoe,1970,972
48047,Texas,Brooks,1970,3278
48049,Texas,Brown,1970,7103
48051,Texas,Burleson,1970,3215
48053,Texas,Burnet,1970,3187
48055,Texas,Caldwell,1970,7976
48057,Texas,Calhoun,1970,7493
48059,Texas,Callahan,1970,2334
48061,Texas,Cameron,1970,60543
48063,Texas,Camp,1970,2689
48065,Texas,Carson,1970,2210
48067,Texas,Cass,1970,8104
48069,Texas,Castro,1970,4757
48071,Texas,Chambers,1970,4524
48073,Texas,Cherokee,1970,9206
48075,Texas,Childress,1970,1752
48077,Texas,Clay,1970,2403
48079,Texas,Cochran,1970,2185
48081,Texas,Coke,1970,953
48083,Texas,Coleman,1970,2749
48085,Texas,Collin,1970,24482
48087,Texas,Collingsworth,1970,1385
48089,Texas,Colorado,1970,5949
48091,Texas,Comal,1970,8033
48093,Texas,Comanche,1970,3153
48095,Texas,Concho,1970,825
48097,Texas,Cooke,1970,8029
48099,Texas,Coryell,1970,10491
48101,Texas,Cottle,1970,1012
48103,Texas,Crane,1970,1518
48105,Texas,Crockett,1970,1459
48107,Texas,Crosby,1970,3604
48109,Texas,Culberson,1970,1534
48111,Texas,Dallam,1970,2113
48113,Texas,Dallas,1970,477827
48115,Texas,Dawson,1970,6381
48117,Texas,Deaf Smith,1970,8247
48119,Texas,Delta,1970,1256
48121,Texas,Denton,1970,22743
48123,Texas,DeWitt,1970,5873
48125,Texas,Dickens,1970,1146
48127,Texas,Dimmit,1970,4000
48129,Texas,Donley,1970,887
48131,Texas,Duval,1970,4655
48133,Texas,Eastland,1970,4288
48135,Texas,Ector,1970,35356
48137,Texas,Edwards,1970,814
48139,Texas,Ellis,1970,16162
48141,Texas,El Paso,1970,146273
48143,Texas,Erath,1970,4259
48145,Texas,Falls,1970,5382
48147,Texas,Fannin,1970,6275
48149,Texas,Fayette,1970,4593
48151,Texas,Fisher,1970,2017
48153,Texas,Floyd,1970,4309
48155,Texas,Foard,1970,594
48157,Texas,Fort Bend,1970,21080
48159,Texas,Franklin,1970,1495
48161,Texas,Freestone,1970,3306
48163,Texas,Frio,1970,4741
48165,Texas,Gaines,1970,4705
48167,Texas,Galveston,1970,61504
48169,Texas,Garza,1970,1925
48171,Texas,Gillespie,1970,3206
48173,Texas,Glasscock,1970,480
48175,Texas,Goliad,1970,1649
48177,Texas,Gonzales,1970,5555
48179,Texas,Gray,1970,8945
48181,Texas,Grayson,1970,26698
48183,Texas,Gregg,1970,25641
48185,Texas,Grimes,1970,3949
48187,Texas,Guadalupe,1970,11625
48189,Texas,Hale,1970,13314
48191,Texas,Hall,1970,1851
48193,Texas,Hamilton,1970,1625
48195,Texas,Hansford,1970,2434
48197,Texas,Hardeman,1970,1991
48199,Texas,Hardin,1970,11237
48201,Texas,Harris,1970,644071
48203,Texas,Harrison,1970,15490
48205,Texas,Hartley,1970,952
48207,Texas,Haskell,1970,2575
48209,Texas,Hays,1970,8171
48211,Texas,Hemphill,1970,1060
48213,Texas,Henderson,1970,8359
48215,Texas,Hidalgo,1970,79512
48217,Texas,Hill,1970,6300
48219,Texas,Hockley,1970,7671
48221,Texas,Hood,1970,1890
48223,Texas,Hopkins,1970,6136
48225,Texas,Houston,1970,5651
48227,Texas,Howard,1970,13001
48229,Texas,Hudspeth,1970,1010
48231,Texas,Hunt,1970,14178
48233,Texas,Hutchinson,1970,7915
48235,Texas,Irion,1970,329
48237,Texas,Jack,1970,1935
48239,Texas,Jackson,1970,4838
48241,Texas,Jasper,1970,9047
48243,Texas,Jeff Davis,1970,545
48245,Texas,Jefferson,1970,86212
48247,Texas,Jim Hogg,1970,1809
48249,Texas,Jim Wells,1970,13536
48251,Texas,Johnson,1970,15451
48253,Texas,Jones,1970,4893
48255,Texas,Karnes,1970,5138
48257,Texas,Kaufman,1970,10124
48259,Texas,Kendall,1970,2128
48261,Texas,Kenedy,1970,286
48263,Texas,Kent,1970,463
48265,Texas,Kerr,1970,5187
48267,Texas,Kimble,1970,1299
48269,Texas,King,1970,165
48271,Texas,Kinney,1970,780
48273,Texas,Kleberg,1970,11059
48275,Texas,Knox,1970,1911
48277,Texas,Lamar,1970,11528
48279,Texas,Lamb,1970,6509
48281,Texas,Lampasas,1970,2801
48283,Texas,La Salle,1970,2048
48285,Texas,Lavaca,1970,5200
48287,Texas,Lee,1970,2419
48289,Texas,Leon,1970,2746
48291,Texas,Liberty,1970,11861
48293,Texas,Limestone,1970,4809
48295,Texas,Lipscomb,1970,1111
48297,Texas,Live Oak,1970,2355
48299,Texas,Llano,1970,1566
48301,Texas,Loving,1970,63
48303,Texas,Lubbock,1970,63672
48305,Texas,Lynn,1970,3624
48307,Texas,McCulloch,1970,2626
48309,Texas,McLennan,1970,46422
48311,Texas,McMullen,1970,388
48313,Texas,Madison,1970,2105
48315,Texas,Marion,1970,2896
48317,Texas,Martin,1970,1905
48319,Texas,Mason,1970,879
48321,Texas,Matagorda,1970,10559
48323,Texas,Maverick,1970,8336
48325,Texas,Medina,1970,7859
48327,Texas,Menard,1970,799
48329,Texas,Midland,1970,25721
48331,Texas,Milam,1970,6425
48333,Texas,Mills,1970,1012
48335,Texas,Mitchell,1970,3133
48337,Texas,Montague,1970,4364
48339,Texas,Montgomery,1970,18602
48341,Texas,Moore,1970,5442
48343,Texas,Morris,1970,4317
48345,Texas,Motley,1970,609
48347,Texas,Nacogdoches,1970,9907
48349,Texas,Navarro,1970,9332
48351,Texas,Newton,1970,4514
48353,Texas,Nolan,1970,5317
48355,Texas,Nueces,1970,93304
48357,Texas,Ochiltree,1970,3748
48359,Texas,Oldham,1970,1013
48361,Texas,Orange,1970,27850
48363,Texas,Palo Pinto,1970,9604
48365,Texas,Panola,1970,5045
48367,Texas,Parker,1970,10508
48369,Texas,Parmer,1970,4403
48371,Texas,Pecos,1970,5782
48373,Texas,Polk,1970,4942
48375,Texas,Potter,1970,30686
48377,Texas,Presidio,1970,1846
48379,Texas,Rains,1970,1078
48381,Texas,Randall,1970,19556
48383,Texas,Reagan,1970,1252
48385,Texas,Real,1970,710
48387,Texas,Red River,1970,4306
48389,Texas,Reeves,1970,7194
48391,Texas,Refugio,1970,3623
48393,Texas,Roberts,1970,317
48395,Texas,Robertson,1970,4915
48397,Texas,Rockwall,1970,2428
48399,Texas,Runnels,1970,3748
48401,Texas,Rusk,1970,10602
48403,Texas,Sabine,1970,2452
48405,Texas,San Augustine,1970,2790
48407,Texas,San Jacinto,1970,2406
48409,Texas,San Patricio,1970,19936
48411,Texas,San Saba,1970,1550
48413,Texas,Schleicher,1970,761
48415,Texas,Scurry,1970,5541
48417,Texas,Shackelford,1970,835
48419,Texas,Shelby,1970,6353
48421,Texas,Sherman,1970,1463
48423,Texas,Smith,1970,33238
48425,Texas,Somervell,1970,797
48427,Texas,Starr,1970,7858
48429,Texas,Stephens,1970,2386
48431,Texas,Sterling,1970,382
48433,Texas,Stonewall,1970,706
48435,Texas,Sutton,1970,1173
48437,Texas,Swisher,1970,3964
48439,Texas,Tarrant,1970,253441
48441,Texas,Taylor,1970,32675
48443,Texas,Terrell,1970,698
48445,Texas,Terry,1970,5684
48447,Texas,Throckmorton,1970,521
48449,Texas,Titus,1970,5252
48451,Texas,Tom Green,1970,23472
48453,Texas,Travis,1970,94382
48455,Texas,Trinity,1970,2421
48457,Texas,Tyler,1970,4198
48459,Texas,Upshur,1970,6851
48461,Texas,Upton,1970,1816
48463,Texas,Uvalde,1970,6589
48465,Texas,Val Verde,1970,11071
48467,Texas,Van Zandt,1970,6554
48469,Texas,Victoria,1970,21119
48471,Texas,Walker,1970,5677
48473,Texas,Waller,1970,4243
48475,Texas,Ward,1970,5084
48477,Texas,Washington,1970,5539
48479,Texas,Webb,1970,31200
48481,Texas,Wharton,1970,13516
48483,Texas,Wheeler,1970,1889
48485,Texas,Wichita,1970,39512
48487,Texas,Wilbarger,1970,4532
48489,Texas,Willacy,1970,6894
48491,Texas,Williamson,1970,12396
48493,Texas,Wilson,1970,4845
48495,Texas,Winkler,1970,3624
48497,Texas,Wise,1970,6407
48499,Texas,Wood,1970,5092
48501,Texas,Yoakum,1970,2922
48503,Texas,Young,1970,4424
48505,Texas,Zapata,1970,1666
48507,Texas,Zavala,1970,5081
49001,Utah,Beaver,1970,1431
49003,Utah,Box Elder,1970,12324
49005,Utah,Cache,1970,15167
49007,Utah,Carbon,1970,5478
49009,Utah,Daggett,1970,293
49011,Utah,Davis,1970,46795
49013,Utah,Duchesne,1970,3174
49015,Utah,Emery,1970,2049
49017,Utah,Garfield,1970,1300
49019,Utah,Grand,1970,2963
49021,Utah,Iron,1970,4547
49023,Utah,Juab,1970,1748
49025,Utah,Kane,1970,994
49027,Utah,Millard,1970,2861
49029,Utah,Morgan,1970,1809
49031,Utah,Piute,1970,440
49033,Utah,Rich,1970,672
49035,Utah,Salt Lake,1970,180845
49037,Utah,San Juan,1970,4845
49039,Utah,Sanpete,1970,3868
49041,Utah,Sevier,1970,3843
49043,Utah,Summit,1970,2455
49045,Utah,Tooele,1970,9158
49047,Utah,Uintah,1970,5637
49049,Utah,Utah,1970,51370
49051,Utah,Wasatch,1970,2470
49053,Utah,Washington,1970,5419
49055,Utah,Wayne,1970,566
49057,Utah,Weber,1970,49329
50001,Vermont,Addison,1970,8829
50003,Vermont,Bennington,1970,10007
50005,Vermont,Caledonia,1970,7791
50007,Vermont,Chittenden,1970,36275
50009,Vermont,Essex,1970,1949
50011,Vermont,Franklin,1970,11849
50013,Vermont,Grand Isle,1970,1327
50015,Vermont,Lamoille,1970,4735
50017,Vermont,Orange,1970,6349
50019,Vermont,Orleans,1970,7535
50021,Vermont,Rutland,1970,17977
50023,Vermont,Washington,1970,16201
50025,Vermont,Windham,1970,10867
50027,Vermont,Windsor,1970,15075
51001,Virginia,Accomack,1970,9314
51003,Virginia,Albemarle,1970,12313
51005,Virginia,Alleghany,1970,4500
51007,Virginia,Amelia,1970,2886
51009,Virginia,Amherst,1970,8732
51011,Virginia,Appomattox,1970,3297
51013,Virginia,Arlington,1970,41564
51015,Virginia,Augusta,1970,15077
51017,Virginia,Bath,1970,1592
51019,Virginia,Bedford,1970,9353
51021,Virginia,Bland,1970,1611
51023,Virginia,Botetourt,1970,6232
51025,Virginia,Brunswick,1970,6021
51027,Virginia,Buchanan,1970,13489
51029,Virginia,Buckingham,1970,3985
51031,Virginia,Campbell,1970,15665
51033,Virginia,Caroline,1970,5339
51035,Virginia,Carroll,1970,7448
51036,Virginia,Charles City,1970,2633
51037,Virginia,Charlotte,1970,4247
51041,Virginia,Chesterfield,1970,28798
51043,Virginia,Clarke,1970,2652
51045,Virginia,Craig,1970,1111
51047,Virginia,Culpeper,1970,6500
51049,Virginia,Cumberland,1970,2316
51051,Virginia,Dickenson,1970,6265
51053,Virginia,Dinwiddie,1970,8678
51057,Virginia,Essex,1970,2533
51059,Virginia,Fairfax,1970,178919
51061,Virginia,Fauquier,1970,9573
51063,Virginia,Floyd,1970,3099
51065,Virginia,Fluvanna,1970,2858
51067,Virginia,Franklin,1970,9118
51069,Virginia,Frederick,1970,10682
51071,Virginia,Giles,1970,5559
51073,Virginia,Gloucester,1970,4766
51075,Virginia,Goochland,1970,3677
51077,Virginia,Grayson,1970,4776
51079,Virginia,Greene,1970,1940
51081,Virginia,Greensville,1970,3841
51083,Virginia,Halifax,1970,11074
51085,Virginia,Hanover,1970,13610
51087,Virginia,Henrico,1970,52297
51089,Virginia,Henry,1970,19191
51091,Virginia,Highland,1970,739
51093,Virginia,Isle Of Wight,1970,6942
51095,Virginia,James City,1970,6087
51097,Virginia,King And Queen,1970,1901
51099,Virginia,King George,1970,2904
51101,Virginia,King William,1970,2743
51103,Virginia,Lancaster,1970,2872
51105,Virginia,Lee,1970,6438
51107,Virginia,Loudoun,1970,14556
51109,Virginia,Louisa,1970,4999
51111,Virginia,Lunenburg,1970,4158
51113,Virginia,Madison,1970,2922
51115,Virginia,Mathews,1970,1942
51117,Virginia,Mecklenburg,1970,10564
51119,Virginia,Middlesex,1970,1943
51121,Virginia,Montgomery,1970,13108
51123,Virginia,Nansemond,1970,13675
51125,Virginia,Nelson,1970,3982
51127,Virginia,New Kent,1970,1978
51131,Virginia,Northampton,1970,4986
51133,Virginia,Northumberland,1970,2888
51135,Virginia,Nottoway,1970,4793
51137,Virginia,Orange,1970,4843
51139,Virginia,Page,1970,5478
51141,Virginia,Patrick,1970,5028
51143,Virginia,Pittsylvania,1970,21621
51145,Virginia,Powhatan,1970,2750
51147,Virginia,Prince Edward,1970,4054
51149,Virginia,Prince George,1970,8608
51153,Virginia,Prince William,1970,49123
51155,Virginia,Pulaski,1970,9776
51157,Virginia,Rappahannock,1970,1770
51159,Virginia,Richmond,1970,1972
51161,Virginia,Roanoke,1970,23771
51163,Virginia,Rockbridge,1970,5769
51165,Virginia,Rockingham,1970,16243
51167,Virginia,Russell,1970,8852
51169,Virginia,Scott,1970,7908
51171,Virginia,Shenandoah,1970,7242
51173,Virginia,Smyth,1970,10101
51175,Virginia,Southampton,1970,7150
51177,Virginia,Spotsylvania,1970,6129
51179,Virginia,Stafford,1970,8923
51181,Virginia,Surry,1970,2285
51183,Virginia,Sussex,1970,4698
51185,Virginia,Tazewell,1970,13734
51187,Virginia,Warren,1970,4883
51191,Virginia,Washington,1970,13494
51193,Virginia,Westmoreland,1970,4386
51195,Virginia,Wise,1970,12761
51197,Virginia,Wythe,1970,7329
51199,Virginia,York,1970,12877
51510,Virginia,Alexandria City,1970,30627
51515,Virginia,Bedford City,1970,1796
51520,Virginia,Bristol City,1970,4307
51530,Virginia,Buena Vista City,1970,2094
51540,Virginia,Charlottesville City,1970,10968
51550,Virginia,Chesapeake City,1970,34608
51560,Virginia,Clifton Forge City,1970,1629
51570,Virginia,Colonial Heights City,1970,5125
51580,Virginia,Covington City,1970,3059
51590,Virginia,Danville City,1970,13942
51595,Virginia,Emporia City,1970,1777
51600,Virginia,Fairfax City,1970,8929
51610,Virginia,Falls Church City,1970,3393
51620,Virginia,Franklin City,1970,2435
51630,Virginia,Fredericksburg City,1970,3573
51640,Virginia,Galax City,1970,1889
51650,Virginia,Hampton City,1970,44790
51660,Virginia,Harrisonburg City,1970,3514
51670,Virginia,Hopewell City,1970,8400
51678,Virginia,Lexington City,1970,1692
51680,Virginia,Lynchburg City,1970,16351
51690,Virginia,Martinsville City,1970,6754
51700,Virginia,Newport News City,1970,48305
51710,Virginia,Norfolk City,1970,94054
51720,Virginia,Norton City,1970,1309
51730,Virginia,Petersburg City,1970,12563
51740,Virginia,Portsmouth City,1970,39590
51750,Virginia,Radford City,1970,2895
51760,Virginia,Richmond City,1970,76159
51770,Virginia,Roanoke City,1970,27576
51775,Virginia,Salem City,1970,6419
51780,Virginia,South Boston City,1970,2269
51790,Virginia,Staunton City,1970,7132
51800,Virginia,Suffolk City,1970,2967
51810,Virginia,Virginia Beach City,1970,66429
51820,Virginia,Waynesboro City,1970,5761
51830,Virginia,Williamsburg City,1970,1437
51840,Virginia,Winchester City,1970,4135
53001,Washington,Adams,1970,4792
53003,Washington,Asotin,1970,4895
53005,Washington,Benton,1970,26142
53007,Washington,Chelan,1970,13411
53009,Washington,Clallam,1970,11655
53011,Washington,Clark,1970,46674
53013,Washington,Columbia,1970,1334
53015,Washington,Cowlitz,1970,24910
53017,Washington,Douglas,1970,6114
53019,Washington,Ferry,1970,1403
53021,Washington,Franklin,1970,9900
53023,Washington,Garfield,1970,1030
53025,Washington,Grant,1970,16824
53027,Washington,Grays Harbor,1970,20432
53029,Washington,Island,1970,9107
53031,Washington,Jefferson,1970,3536
53033,Washington,King,1970,381914
53035,Washington,Kitsap,1970,33072
53037,Washington,Kittitas,1970,6636
53039,Washington,Klickitat,1970,4365
53041,Washington,Lewis,1970,15507
53043,Washington,Lincoln,1970,3091
53045,Washington,Mason,1970,6898
53047,Washington,Okanogan,1970,9152
53049,Washington,Pacific,1970,4931
53051,Washington,Pend Oreille,1970,2083
53053,Washington,Pierce,1970,136523
53055,Washington,San Juan,1970,974
53057,Washington,Skagit,1970,17337
53059,Washington,Skamania,1970,2192
53061,Washington,Snohomish,1970,101130
53063,Washington,Spokane,1970,96488
53065,Washington,Stevens,1970,6361
53067,Washington,Thurston,1970,27360
53069,Washington,Wahkiakum,1970,1268
53071,Washington,Walla Walla,1970,12786
53073,Washington,Whatcom,1970,25804
53075,Washington,Whitman,1970,9517
53077,Washington,Yakima,1970,52226
54001,West Virginia,Barbour,1970,4384
54003,West Virginia,Berkeley,1970,12152
54005,West Virginia,Boone,1970,9154
54007,West Virginia,Braxton,1970,4194
54009,West Virginia,Brooke,1970,10131
54011,West Virginia,Cabell,1970,31273
54013,West Virginia,Calhoun,1970,2353
54015,West Virginia,Clay,1970,3725
54017,West Virginia,Doddridge,1970,2125
54019,West Virginia,Fayette,1970,16853
54021,West Virginia,Gilmer,1970,2288
54023,West Virginia,Grant,1970,3074
54025,West Virginia,Greenbrier,1970,10638
54027,West Virginia,Hampshire,1970,4077
54029,West Virginia,Hancock,1970,13978
54031,West Virginia,Hardy,1970,2928
54033,West Virginia,Harrison,1970,22649
54035,West Virginia,Jackson,1970,7981
54037,West Virginia,Jefferson,1970,7105
54039,West Virginia,Kanawha,1970,75617
54041,West Virginia,Lewis,1970,5142
54043,West Virginia,Lincoln,1970,7192
54045,West Virginia,Logan,1970,17725
54047,West Virginia,McDowell,1970,19925
54049,West Virginia,Marion,1970,18083
54051,West Virginia,Marshall,1970,12260
54053,West Virginia,Mason,1970,8587
54055,West Virginia,Mercer,1970,20220
54057,West Virginia,Mineral,1970,7765
54059,West Virginia,Mingo,1970,13244
54061,West Virginia,Monongalia,1970,16758
54063,West Virginia,Monroe,1970,3344
54065,West Virginia,Morgan,1970,2924
54067,West Virginia,Nicholas,1970,8419
54069,West Virginia,Ohio,1970,18555
54071,West Virginia,Pendleton,1970,2197
54073,West Virginia,Pleasants,1970,2769
54075,West Virginia,Pocahontas,1970,2787
54077,West Virginia,Preston,1970,8996
54079,West Virginia,Putnam,1970,9915
54081,West Virginia,Raleigh,1970,23889
54083,West Virginia,Randolph,1970,8094
54085,West Virginia,Ritchie,1970,3260
54087,West Virginia,Roane,1970,4297
54089,West Virginia,Summers,1970,4270
54091,West Virginia,Taylor,1970,4501
54093,West Virginia,Tucker,1970,2446
54095,West Virginia,Tyler,1970,3468
54097,West Virginia,Upshur,1970,5969
54099,West Virginia,Wayne,1970,13335
54101,West Virginia,Webster,1970,3591
54103,West Virginia,Wetzel,1970,7194
54105,West Virginia,Wirt,1970,1431
54107,West Virginia,Wood,1970,30140
54109,West Virginia,Wyoming,1970,12048
55003,Wisconsin,Ashland,1970,5696
55005,Wisconsin,Barron,1970,11978
55007,Wisconsin,Bayfield,1970,3954
55009,Wisconsin,Brown,1970,63428
55011,Wisconsin,Buffalo,1970,5025
55013,Wisconsin,Burnett,1970,2917
55015,Wisconsin,Calumet,1970,11762
55017,Wisconsin,Chippewa,1970,18503
55019,Wisconsin,Clark,1970,11608
55021,Wisconsin,Columbia,1970,14309
55023,Wisconsin,Crawford,1970,5747
55025,Wisconsin,Dane,1970,97028
55027,Wisconsin,Dodge,1970,24702
55029,Wisconsin,Door,1970,6765
55031,Wisconsin,Douglas,1970,14597
55033,Wisconsin,Dunn,1970,8683
55035,Wisconsin,Eau Claire,1970,21537
55037,Wisconsin,Florence,1970,1211
55039,Wisconsin,Fond du Lac,1970,30887
55041,Wisconsin,Forest,1970,2981
55043,Wisconsin,Grant,1970,17692
55045,Wisconsin,Green,1970,9339
55047,Wisconsin,Green Lake,1970,5544
55049,Wisconsin,Iowa,1970,7673
55051,Wisconsin,Iron,1970,1941
55053,Wisconsin,Jackson,1970,5479
55055,Wisconsin,Jefferson,1970,20253
55057,Wisconsin,Juneau,1970,6676
55059,Wisconsin,Kenosha,1970,43279
55061,Wisconsin,Kewaunee,1970,7233
55063,Wisconsin,La Crosse,1970,26616
55065,Wisconsin,Lafayette,1970,6930
55067,Wisconsin,Langlade,1970,7142
55069,Wisconsin,Lincoln,1970,8458
55071,Wisconsin,Manitowoc,1970,30499
55073,Wisconsin,Marathon,1970,36838
55075,Wisconsin,Marinette,1970,12403
55077,Wisconsin,Marquette,1970,2884
55078,Wisconsin,Menominee,1970,1386
55079,Wisconsin,Milwaukee,1970,352405
55081,Wisconsin,Monroe,1970,11509
55083,Wisconsin,Oconto,1970,9499
55085,Wisconsin,Oneida,1970,8628
55087,Wisconsin,Outagamie,1970,48356
55089,Wisconsin,Ozaukee,1970,22239
55091,Wisconsin,Pepin,1970,2850
55093,Wisconsin,Pierce,1970,9230
55095,Wisconsin,Polk,1970,9395
55097,Wisconsin,Portage,1970,16120
55099,Wisconsin,Price,1970,5047
55101,Wisconsin,Racine,1970,66022
55103,Wisconsin,Richland,1970,6078
55105,Wisconsin,Rock,1970,50008
55107,Wisconsin,Rusk,1970,5289
55109,Wisconsin,St Croix,1970,13819
55111,Wisconsin,Sauk,1970,13960
55113,Wisconsin,Sawyer,1970,3272
55115,Wisconsin,Shawano,1970,11713
55117,Wisconsin,Sheboygan,1970,33934
55119,Wisconsin,Taylor,1970,6879
55121,Wisconsin,Trempealeau,1970,8160
55123,Wisconsin,Vernon,1970,8404
55125,Wisconsin,Vilas,1970,3474
55127,Wisconsin,Walworth,1970,20993
55129,Wisconsin,Washburn,1970,3560
55131,Wisconsin,Washington,1970,26152
55133,Wisconsin,Waukesha,1970,94495
55135,Wisconsin,Waupaca,1970,12600
55137,Wisconsin,Waushara,1970,4875
55139,Wisconsin,Winnebago,1970,44237
55141,Wisconsin,Wood,1970,25711
56001,Wyoming,Albany,1970,7427
56003,Wyoming,Big Horn,1970,3707
56005,Wyoming,Campbell,1970,5322
56007,Wyoming,Carbon,1970,4713
56009,Wyoming,Converse,1970,2133
56011,Wyoming,Crook,1970,1736
56013,Wyoming,Fremont,1970,11444
56015,Wyoming,Goshen,1970,3724
56017,Wyoming,Hot Springs,1970,1613
56019,Wyoming,Johnson,1970,1925
56021,Wyoming,Laramie,1970,20579
56023,Wyoming,Lincoln,1970,3533
56025,Wyoming,Natrona,1970,19094
56027,Wyoming,Niobrara,1970,904
56029,Wyoming,Park,1970,6612
56031,Wyoming,Platte,1970,2167
56033,Wyoming,Sheridan,1970,5475
56035,Wyoming,Sublette,1970,1444
56037,Wyoming,Sweetwater,1970,6644
56039,Wyoming,Teton,1970,1777
56041,Wyoming,Uinta,1970,2633
56043,Wyoming,Washakie,1970,2940
56045,Wyoming,Weston,1970,2478
01001,Alabama,Autauga,1980,10821
01003,Alabama,Baldwin,1980,24198
01005,Alabama,Barbour,1980,8072
01007,Alabama,Bibb,1980,5069
01009,Alabama,Blount,1980,10829
01011,Alabama,Bullock,1980,3527
01013,Alabama,Butler,1980,6836
01015,Alabama,Calhoun,1980,34086
01017,Alabama,Chambers,1980,11848
01019,Alabama,Cherokee,1980,5361
01021,Alabama,Chilton,1980,9210
01023,Alabama,Choctaw,1980,5809
01025,Alabama,Clarke,1980,9488
01027,Alabama,Clay,1980,4170
01029,Alabama,Cleburne,1980,3755
01031,Alabama,Coffee,1980,11499
01033,Alabama,Colbert,1980,15827
01035,Alabama,Conecuh,1980,5007
01037,Alabama,Coosa,1980,3463
01039,Alabama,Covington,1980,9989
01041,Alabama,Crenshaw,1980,4141
01043,Alabama,Cullman,1980,17938
01045,Alabama,Dale,1980,14703
01047,Alabama,Dallas,1980,18512
01049,Alabama,DeKalb,1980,15709
01051,Alabama,Elmore,1980,13187
01053,Alabama,Escambia,1980,11920
01055,Alabama,Etowah,1980,29543
01057,Alabama,Fayette,1980,5485
01059,Alabama,Franklin,1980,8006
01061,Alabama,Geneva,1980,7197
01063,Alabama,Greene,1980,3928
01065,Alabama,Hale,1980,5350
01067,Alabama,Henry,1980,4693
01069,Alabama,Houston,1980,23162
01071,Alabama,Jackson,1980,15820
01073,Alabama,Jefferson,1980,183899
01075,Alabama,Lamar,1980,4890
01077,Alabama,Lauderdale,1980,22999
01079,Alabama,Lawrence,1980,10102
01081,Alabama,Lee,1980,19233
01083,Alabama,Limestone,1980,14297
01085,Alabama,Lowndes,1980,5252
01087,Alabama,Macon,1980,7901
01089,Alabama,Madison,1980,57905
01091,Alabama,Marengo,1980,8513
01093,Alabama,Marion,1980,8802
01095,Alabama,Marshall,1980,18893
01097,Alabama,Mobile,1980,114696
01099,Alabama,Monroe,1980,7846
01101,Alabama,Montgomery,1980,59708
01103,Alabama,Morgan,1980,27506
01105,Alabama,Perry,1980,5131
01107,Alabama,Pickens,1980,6966
01109,Alabama,Pike,1980,7821
01111,Alabama,Randolph,1980,6000
01113,Alabama,Russell,1980,14664
01115,Alabama,St Clair,1980,12940
01117,Alabama,Shelby,1980,20666
01119,Alabama,Sumter,1980,5814
01121,Alabama,Talladega,1980,24130
01123,Alabama,Tallapoosa,1980,11645
01125,Alabama,Tuscaloosa,1980,37295
01127,Alabama,Walker,1980,20494
01129,Alabama,Washington,1980,5897
01131,Alabama,Wilcox,1980,5571
01133,Alabama,Winston,1980,6614
02010,Alaska,Aleutian Islands,1980,1924
02020,Alaska,Anchorage,1980,54860
02050,Alaska,Bethel,1980,4561
02060,Alaska,Bristol Bay Borough,1980,240
02070,Alaska,Dillingham,1980,1780
02090,Alaska,Fairbanks North Star,1980,16728
02100,Alaska,Haines,1980,557
02110,Alaska,Juneau,1980,5915
02122,Alaska,Kenai Peninsula,1980,8613
02130,Alaska,Ketchikan Gateway,1980,3525
02140,Alaska,Kobuk,1980,2023
02150,Alaska,Kodiak Island,1980,3048
02170,Alaska,Matanuska-Susitna,1980,6418
02180,Alaska,Nome,1980,2544
02185,Alaska,North Slope,1980,1465
02201,Alaska,Prince Of Wales-Outer Ketchikan,1980,1343
02220,Alaska,Sitka,1980,2576
02231,Alaska,Skagway-Yakutat-Angoon,1980,1212
02240,Alaska,Southeast Fairbanks,1980,2007
02261,Alaska,Valdez-Cordova,1980,2584
02270,Alaska,Wade Hampton,1980,2114
02280,Alaska,Wrangell-Petersburg,1980,1963
02290,Alaska,Yukon-Koyukuk,1980,2745
04001,Arizona,Apache,1980,23302
04003,Arizona,Cochise,1980,27123
04005,Arizona,Coconino,1980,24760
04007,Arizona,Gila,1980,11771
04009,Arizona,Graham,1980,8195
04011,Arizona,Greenlee,1980,4326
04013,Arizona,Maricopa,1980,423874
04015,Arizona,Mohave,1980,14565
04017,Arizona,Navajo,1980,28402
04019,Arizona,Pima,1980,142529
04021,Arizona,Pinal,1980,29999
04023,Arizona,Santa Cruz,1980,7422
04025,Arizona,Yavapai,1980,16499
04027,Arizona,Yuma,1980,28720
05001,Arkansas,Arkansas,1980,6916
05003,Arkansas,Ashley,1980,8660
05005,Arkansas,Baxter,1980,5982
05007,Arkansas,Benton,1980,21347
05009,Arkansas,Boone,1980,7035
05011,Arkansas,Bradley,1980,3913
05013,Arkansas,Calhoun,1980,1695
05015,Arkansas,Carroll,1980,4024
05017,Arkansas,Chicot,1980,6268
05019,Arkansas,Clark,1980,5812
05021,Arkansas,Clay,1980,5578
05023,Arkansas,Cleburne,1980,4365
05025,Arkansas,Cleveland,1980,2343
05027,Arkansas,Columbia,1980,7458
05029,Arkansas,Conway,1980,5997
05031,Arkansas,Craighead,1980,17436
05033,Arkansas,Crawford,1980,11644
05035,Arkansas,Crittenden,1980,17924
05037,Arkansas,Cross,1980,7029
05039,Arkansas,Dallas,1980,3084
05041,Arkansas,Desha,1980,6827
05043,Arkansas,Drew,1980,5376
05045,Arkansas,Faulkner,1980,12741
05047,Arkansas,Franklin,1980,4282
05049,Arkansas,Fulton,1980,2628
05051,Arkansas,Garland,1980,17332
05053,Arkansas,Grant,1980,3908
05055,Arkansas,Greene,1980,8819
05057,Arkansas,Hempstead,1980,6972
05059,Arkansas,Hot Spring,1980,7748
05061,Arkansas,Howard,1980,3950
05063,Arkansas,Independence,1980,8624
05065,Arkansas,Izard,1980,2475
05067,Arkansas,Jackson,1980,6412
05069,Arkansas,Jefferson,1980,28281
05071,Arkansas,Johnson,1980,4827
05073,Arkansas,Lafayette,1980,3236
05075,Arkansas,Lawrence,1980,5129
05077,Arkansas,Lee,1980,5700
05079,Arkansas,Lincoln,1980,3824
05081,Arkansas,Little River,1980,4582
05083,Arkansas,Logan,1980,5990
05085,Arkansas,Lonoke,1980,11376
05087,Arkansas,Madison,1980,3236
05089,Arkansas,Marion,1980,3010
05091,Arkansas,Miller,1980,11746
05093,Arkansas,Mississippi,1980,20061
05095,Arkansas,Monroe,1980,4599
05097,Arkansas,Montgomery,1980,1984
05099,Arkansas,Nevada,1980,3274
05101,Arkansas,Newton,1980,2357
05103,Arkansas,Ouachita,1980,8653
05105,Arkansas,Perry,1980,2238
05107,Arkansas,Phillips,1980,12662
05109,Arkansas,Pike,1980,2924
05111,Arkansas,Poinsett,1980,8409
05113,Arkansas,Polk,1980,4842
05115,Arkansas,Pope,1980,11236
05117,Arkansas,Prairie,1980,3025
05119,Arkansas,Pulaski,1980,100104
05121,Arkansas,Randolph,1980,4992
05123,Arkansas,St Francis,1980,11270
05125,Arkansas,Saline,1980,16468
05127,Arkansas,Scott,1980,2743
05129,Arkansas,Searcy,1980,2454
05131,Arkansas,Sebastian,1980,27173
05133,Arkansas,Sevier,1980,4176
05135,Arkansas,Sharp,1980,3676
05137,Arkansas,Stone,1980,2537
05139,Arkansas,Union,1980,13871
05141,Arkansas,Van Buren,1980,3562
05143,Arkansas,Washington,1980,25839
05145,Arkansas,White,1980,14393
05147,Arkansas,Woodruff,1980,3616
05149,Arkansas,Yell,1980,4695
06001,California,Alameda,1980,277466
06003,California,Alpine,1980,280
06005,California,Amador,1980,4478
06007,California,Butte,1980,33253
06009,California,Calaveras,1980,5081
06011,California,Colusa,1980,3728
06013,California,Contra Costa,1980,181009
06015,California,Del Norte,1980,5214
06017,California,El Dorado,1980,22181
06019,California,Fresno,1980,153456
06021,California,Glenn,1980,6326
06023,California,Humboldt,1980,27343
06025,California,Imperial,1980,32233
06027,California,Inyo,1980,4623
06029,California,Kern,1980,124461
06031,California,Kings,1980,24456
06033,California,Lake,1980,8015
06035,California,Lassen,1980,6004
06037,California,Los Angeles,1980,2031288
06039,California,Madera,1980,20423
06041,California,Marin,1980,50045
06043,California,Mariposa,1980,2590
06045,California,Mendocino,1980,18819
06047,California,Merced,1980,43882
06049,California,Modoc,1980,2449
06051,California,Mono,1980,2053
06053,California,Monterey,1980,82319
06055,California,Napa,1980,24183
06057,California,Nevada,1980,13017
06059,California,Orange,1980,525588
06061,California,Placer,1980,32259
06063,California,Plumas,1980,4679
06065,California,Riverside,1980,184344
06067,California,Sacramento,1980,210220
06069,California,San Benito,1980,8276
06071,California,San Bernardino,1980,270087
06073,California,San Diego,1980,475713
06075,California,San Francisco,1980,116611
06077,California,San Joaquin,1980,101098
06079,California,San Luis Obispo,1980,33900
06081,California,San Mateo,1980,138815
06083,California,Santa Barbara,1980,72546
06085,California,Santa Clara,1980,358168
06087,California,Santa Cruz,1980,45183
06089,California,Shasta,1980,33239
06091,California,Sierra,1980,750
06093,California,Siskiyou,1980,10987
06095,California,Solano,1980,71607
06097,California,Sonoma,1980,78399
06099,California,Stanislaus,1980,79264
06101,California,Sutter,1980,15383
06103,California,Tehama,1980,10855
06105,California,Trinity,1980,3370
06107,California,Tulare,1980,80173
06109,California,Tuolumne,1980,8515
06111,California,Ventura,1980,165006
06113,California,Yolo,1980,27950
06115,California,Yuba,1980,15298
08001,Colorado,Adams,1980,78350
08003,Colorado,Alamosa,1980,3519
08005,Colorado,Arapahoe,1980,88400
08007,Colorado,Archuleta,1980,1190
08009,Colorado,Baca,1980,1571
08011,Colorado,Bent,1980,1753
08013,Colorado,Boulder,1980,47244
08015,Colorado,Chaffee,1980,3720
08017,Colorado,Cheyenne,1980,631
08019,Colorado,Clear Creek,1980,2028
08021,Colorado,Conejos,1980,2881
08023,Colorado,Costilla,1980,973
08025,Colorado,Crowley,1980,785
08027,Colorado,Custer,1980,444
08029,Colorado,Delta,1980,5902
08031,Colorado,Denver,1980,110877
08033,Colorado,Dolores,1980,519
08035,Colorado,Douglas,1980,8716
08037,Colorado,Eagle,1980,2904
08039,Colorado,Elbert,1980,2286
08041,Colorado,El Paso,1980,90516
08043,Colorado,Fremont,1980,7607
08045,Colorado,Garfield,1980,6362
08047,Colorado,Gilpin,1980,654
08049,Colorado,Grand,1980,2078
08051,Colorado,Gunnison,1980,2065
08053,Colorado,Hinsdale,1980,104
08055,Colorado,Huerfano,1980,1890
08057,Colorado,Jackson,1980,560
08059,Colorado,Jefferson,1980,111944
08061,Colorado,Kiowa,1980,472
08063,Colorado,Kit Carson,1980,2306
08065,Colorado,Lake,1980,2851
08067,Colorado,La Plata,1980,7257
08069,Colorado,Larimer,1980,38192
08071,Colorado,Las Animas,1980,4149
08073,Colorado,Lincoln,1980,1189
08075,Colorado,Logan,1980,5703
08077,Colorado,Mesa,1980,23333
08079,Colorado,Mineral,1980,225
08081,Colorado,Moffat,1980,4270
08083,Colorado,Montezuma,1980,5415
08085,Colorado,Montrose,1980,7519
08087,Colorado,Morgan,1980,6841
08089,Colorado,Otero,1980,7034
08091,Colorado,Ouray,1980,541
08093,Colorado,Park,1980,1687
08095,Colorado,Phillips,1980,1262
08097,Colorado,Pitkin,1980,1855
08099,Colorado,Prowers,1980,4215
08101,Colorado,Pueblo,1980,36891
08103,Colorado,Rio Blanco,1980,1974
08105,Colorado,Rio Grande,1980,3320
08107,Colorado,Routt,1980,3544
08109,Colorado,Saguache,1980,1252
08111,Colorado,San Juan,1980,259
08113,Colorado,San Miguel,1980,856
08115,Colorado,Sedgwick,1980,903
08117,Colorado,Summit,1980,1836
08119,Colorado,Teller,1980,2441
08121,Colorado,Washington,1980,1471
08123,Colorado,Weld,1980,36372
08125,Colorado,Yuma,1980,2905
09001,Connecticut,Fairfield,1980,217474
09003,Connecticut,Hartford,1980,209812
09005,Connecticut,Litchfield,1980,42643
09007,Connecticut,Middlesex,1980,33748
09009,Connecticut,New Haven,1980,196954
09011,Connecticut,New London,1980,65367
09013,Connecticut,Tolland,1980,30171
09015,Connecticut,Windham,1980,26750
10001,Delaware,Kent,1980,30149
10003,Delaware,New Castle,1980,109350
10005,Delaware,Sussex,1980,27096
11001,District Of Columbia,District Of Columbia,1980,143491
12001,Florida,Alachua,1980,35437
12003,Florida,Baker,1980,5024
12005,Florida,Bay,1980,28451
12007,Florida,Bradford,1980,5663
12009,Florida,Brevard,1980,68034
12011,Florida,Broward,1980,214230
12013,Florida,Calhoun,1980,2851
12015,Florida,Charlotte,1980,9255
12017,Florida,Citrus,1980,10408
12019,Florida,Clay,1980,22729
12021,Florida,Collier,1980,19869
12023,Florida,Columbia,1980,11114
12025,Florida,Dade,1980,389997
12027,Florida,DeSoto,1980,5175
12029,Florida,Dixie,1980,2247
12031,Florida,Duval,1980,163328
12033,Florida,Escambia,1980,67442
12035,Florida,Flagler,1980,2484
12037,Florida,Franklin,1980,2352
12039,Florida,Gadsden,1980,13973
12041,Florida,Gilchrist,1980,1767
12043,Florida,Glades,1980,1695
12045,Florida,Gulf,1980,3288
12047,Florida,Hamilton,1980,3054
12049,Florida,Hardee,1980,6504
12051,Florida,Hendry,1980,6501
12053,Florida,Hernando,1980,9420
12055,Florida,Highlands,1980,10458
12057,Florida,Hillsborough,1980,176030
12059,Florida,Holmes,1980,4358
12061,Florida,Indian River,1980,13737
12063,Florida,Jackson,1980,11583
12065,Florida,Jefferson,1980,3541
12067,Florida,Lafayette,1980,1310
12069,Florida,Lake,1980,23756
12071,Florida,Lee,1980,45055
12073,Florida,Leon,1980,37596
12075,Florida,Levy,1980,5538
12077,Florida,Liberty,1980,1271
12079,Florida,Madison,1980,4883
12081,Florida,Manatee,1980,31004
12083,Florida,Marion,1980,32071
12085,Florida,Martin,1980,13209
12087,Florida,Monroe,1980,12492
12089,Florida,Nassau,1980,10867
12091,Florida,Okaloosa,1980,33157
12093,Florida,Okeechobee,1980,6535
12095,Florida,Orange,1980,125434
12097,Florida,Osceola,1980,12732
12099,Florida,Palm Beach,1980,123083
12101,Florida,Pasco,1980,35904
12103,Florida,Pinellas,1980,138712
12105,Florida,Polk,1980,87505
12107,Florida,Putnam,1980,14323
12109,Florida,St Johns,1980,13613
12111,Florida,St Lucie,1980,22972
12113,Florida,Santa Rosa,1980,17400
12115,Florida,Sarasota,1980,35467
12117,Florida,Seminole,1980,52673
12119,Florida,Sumter,1980,6444
12121,Florida,Suwannee,1980,6937
12123,Florida,Taylor,1980,5076
12125,Florida,Union,1980,2148
12127,Florida,Volusia,1980,54934
12129,Florida,Wakulla,1980,3518
12131,Florida,Walton,1980,5712
12133,Florida,Washington,1980,4306
13001,Georgia,Appling,1980,5374
13003,Georgia,Atkinson,1980,2109
13005,Georgia,Bacon,1980,3175
13007,Georgia,Baker,1980,1282
13009,Georgia,Baldwin,1980,9703
13011,Georgia,Banks,1980,2591
13013,Georgia,Barrow,1980,6639
13015,Georgia,Bartow,1980,12945
13017,Georgia,Ben Hill,1980,4925
13019,Georgia,Berrien,1980,4186
13021,Georgia,Bibb,1980,44049
13023,Georgia,Bleckley,1980,3048
13025,Georgia,Brantley,1980,3026
13027,Georgia,Brooks,1980,5152
13029,Georgia,Bryan,1980,3566
13031,Georgia,Bulloch,1980,9876
13033,Georgia,Burke,1980,6811
13035,Georgia,Butts,1980,4079
13037,Georgia,Calhoun,1980,1885
13039,Georgia,Camden,1980,4454
13043,Georgia,Candler,1980,2248
13045,Georgia,Carroll,1980,16937
13047,Georgia,Catoosa,1980,11443
13049,Georgia,Charlton,1980,2665
13051,Georgia,Chatham,1980,60017
13053,Georgia,Chattahoochee,1980,5741
13055,Georgia,Chattooga,1980,6410
13057,Georgia,Cherokee,1980,16817
13059,Georgia,Clarke,1980,16102
13061,Georgia,Clay,1980,1112
13063,Georgia,Clayton,1980,49268
13065,Georgia,Clinch,1980,2330
13067,Georgia,Cobb,1980,86685
13069,Georgia,Coffee,1980,8802
13071,Georgia,Colquitt,1980,11322
13073,Georgia,Columbia,1980,13534
13075,Georgia,Cook,1980,4513
13077,Georgia,Coweta,1980,12338
13079,Georgia,Crawford,1980,2580
13081,Georgia,Crisp,1980,6415
13083,Georgia,Dade,1980,3822
13085,Georgia,Dawson,1980,1434
13087,Georgia,Decatur,1980,8520
13089,Georgia,DeKalb,1980,134638
13091,Georgia,Dodge,1980,5374
13093,Georgia,Dooly,1980,3700
13095,Georgia,Dougherty,1980,34146
13097,Georgia,Douglas,1980,18873
13099,Georgia,Early,1980,4589
13101,Georgia,Echols,1980,796
13103,Georgia,Effingham,1980,6265
13105,Georgia,Elbert,1980,5554
13107,Georgia,Emanuel,1980,6770
13109,Georgia,Evans,1980,2772
13111,Georgia,Fannin,1980,3936
13113,Georgia,Fayette,1980,9712
13115,Georgia,Floyd,1980,22324
13117,Georgia,Forsyth,1980,8834
13119,Georgia,Franklin,1980,4265
13121,Georgia,Fulton,1980,159162
13123,Georgia,Gilmer,1980,3153
13125,Georgia,Glascock,1980,646
13127,Georgia,Glynn,1980,16238
13129,Georgia,Gordon,1980,9487
13131,Georgia,Grady,1980,6482
13133,Georgia,Greene,1980,3688
13135,Georgia,Gwinnett,1980,53977
13137,Georgia,Habersham,1980,6780
13139,Georgia,Hall,1980,22383
13141,Georgia,Hancock,1980,3365
13143,Georgia,Haralson,1980,5522
13145,Georgia,Harris,1980,4491
13147,Georgia,Hart,1980,5666
13149,Georgia,Heard,1980,2027
13151,Georgia,Henry,1980,11317
13153,Georgia,Houston,1980,25056
13155,Georgia,Irwin,1980,2900
13157,Georgia,Jackson,1980,7662
13159,Georgia,Jasper,1980,2324
13161,Georgia,Jeff Davis,1980,3794
13163,Georgia,Jefferson,1980,6166
13165,Georgia,Jenkins,1980,2827
13167,Georgia,Johnson,1980,2713
13169,Georgia,Jones,1980,5324
13171,Georgia,Lamar,1980,3732
13173,Georgia,Lanier,1980,1945
13175,Georgia,Laurens,1980,11519
13177,Georgia,Lee,1980,4027
13179,Georgia,Liberty,1980,11269
13181,Georgia,Lincoln,1980,2076
13183,Georgia,Long,1980,1503
13185,Georgia,Lowndes,1980,21196
13187,Georgia,Lumpkin,1980,2919
13189,Georgia,McDuffie,1980,5932
13191,Georgia,McIntosh,1980,2727
13193,Georgia,Macon,1980,4705
13195,Georgia,Madison,1980,5515
13197,Georgia,Marion,1980,1795
13199,Georgia,Meriwether,1980,6933
13201,Georgia,Miller,1980,2263
13205,Georgia,Mitchell,1980,7530
13207,Georgia,Monroe,1980,4291
13209,Georgia,Montgomery,1980,2059
13211,Georgia,Morgan,1980,3835
13213,Georgia,Murray,1980,6590
13215,Georgia,Muscogee,1980,50171
13217,Georgia,Newton,1980,11179
13219,Georgia,Oconee,1980,3822
13221,Georgia,Oglethorpe,1980,2844
13223,Georgia,Paulding,1980,8521
13225,Georgia,Peach,1980,6081
13227,Georgia,Pickens,1980,3324
13229,Georgia,Pierce,1980,3950
13231,Georgia,Pike,1980,2803
13233,Georgia,Polk,1980,9546
13235,Georgia,Pulaski,1980,2781
13237,Georgia,Putnam,1980,3112
13239,Georgia,Quitman,1980,757
13241,Georgia,Rabun,1980,2761
13243,Georgia,Randolph,1980,2989
13245,Georgia,Richmond,1980,52080
13247,Georgia,Rockdale,1980,12205
13249,Georgia,Schley,1980,1212
13251,Georgia,Screven,1980,4372
13253,Georgia,Seminole,1980,2877
13255,Georgia,Spalding,1980,15102
13257,Georgia,Stephens,1980,6153
13259,Georgia,Stewart,1980,1961
13261,Georgia,Sumter,1980,9191
13263,Georgia,Talbot,1980,2065
13265,Georgia,Taliaferro,1980,578
13267,Georgia,Tattnall,1980,5116
13269,Georgia,Taylor,1980,2478
13271,Georgia,Telfair,1980,3522
13273,Georgia,Terrell,1980,4073
13275,Georgia,Thomas,1980,12102
13277,Georgia,Tift,1980,10383
13279,Georgia,Toombs,1980,7400
13281,Georgia,Towns,1980,1256
13283,Georgia,Treutlen,1980,1998
13285,Georgia,Troup,1980,14743
13287,Georgia,Turner,1980,3268
13289,Georgia,Twiggs,1980,3188
13291,Georgia,Union,1980,2624
13293,Georgia,Upson,1980,7352
13295,Georgia,Walker,1980,16732
13297,Georgia,Walton,1980,10289
13299,Georgia,Ware,1980,11625
13301,Georgia,Warren,1980,2121
13303,Georgia,Washington,1980,6130
13305,Georgia,Wayne,1980,6607
13307,Georgia,Webster,1980,769
13309,Georgia,Wheeler,1980,1709
13311,Georgia,White,1980,2769
13313,Georgia,Whitfield,1980,20496
13315,Georgia,Wilcox,1980,2327
13317,Georgia,Wilkes,1980,3175
13319,Georgia,Wilkinson,1980,3446
13321,Georgia,Worth,1980,6006
15001,Hawaii,Hawaii,1980,28164
15003,Hawaii,Honolulu,1980,214563
15005,Hawaii,Kalawao,1980,0
15007,Hawaii,Kauai,1980,11931
15009,Hawaii,Maui,1980,20925
16001,Idaho,Ada,1980,52273
16003,Idaho,Adams,1980,1057
16005,Idaho,Bannock,1980,21432
16007,Idaho,Bear Lake,1980,2601
16009,Idaho,Benewah,1980,2687
16011,Idaho,Bingham,1980,14641
16013,Idaho,Blaine,1980,2513
16015,Idaho,Boise,1980,933
16017,Idaho,Bonner,1980,7299
16019,Idaho,Bonneville,1980,24205
16021,Idaho,Boundary,1980,2458
16023,Idaho,Butte,1980,1208
16025,Idaho,Camas,1980,259
16027,Idaho,Canyon,1980,27046
16029,Idaho,Caribou,1980,3383
16031,Idaho,Cassia,1980,7456
16033,Idaho,Clark,1980,275
16035,Idaho,Clearwater,1980,3334
16037,Idaho,Custer,1980,1048
16039,Idaho,Elmore,1980,6946
16041,Idaho,Franklin,1980,3581
16043,Idaho,Fremont,1980,4294
16045,Idaho,Gem,1980,3775
16047,Idaho,Gooding,1980,3664
16049,Idaho,Idaho,1980,4649
16051,Idaho,Jefferson,1980,6164
16053,Idaho,Jerome,1980,4951
16055,Idaho,Kootenai,1980,18366
16057,Idaho,Latah,1980,6651
16059,Idaho,Lemhi,1980,2355
16061,Idaho,Lewis,1980,1247
16063,Idaho,Lincoln,1980,1114
16065,Idaho,Madison,1980,6432
16067,Idaho,Minidoka,1980,7257
16069,Idaho,Nez Perce,1980,9472
16071,Idaho,Oneida,1980,1140
16073,Idaho,Owyhee,1980,2942
16075,Idaho,Payette,1980,5031
16077,Idaho,Power,1980,2520
16079,Idaho,Shoshone,1980,6223
16081,Idaho,Teton,1980,1058
16083,Idaho,Twin Falls,1980,16359
16085,Idaho,Valley,1980,1640
16087,Idaho,Washington,1980,2726
17001,Illinois,Adams,1980,19758
17003,Illinois,Alexander,1980,3588
17005,Illinois,Bond,1980,4252
17007,Illinois,Boone,1980,9115
17009,Illinois,Brown,1980,1472
17011,Illinois,Bureau,1980,11224
17013,Illinois,Calhoun,1980,1621
17015,Illinois,Carroll,1980,5243
17017,Illinois,Cass,1980,4294
17019,Illinois,Champaign,1980,38085
17021,Illinois,Christian,1980,10323
17023,Illinois,Clark,1980,4520
17025,Illinois,Clay,1980,4143
17027,Illinois,Clinton,1980,10240
17029,Illinois,Coles,1980,11704
17031,Illinois,Cook,1980,1461856
17033,Illinois,Crawford,1980,5405
17035,Illinois,Cumberland,1980,3315
17037,Illinois,DeKalb,1980,17149
17039,Illinois,De Witt,1980,5117
17041,Illinois,Douglas,1980,5670
17043,Illinois,Dupage,1980,195390
17045,Illinois,Edgar,1980,5964
17047,Illinois,Edwards,1980,2134
17049,Illinois,Effingham,1980,9679
17051,Illinois,Fayette,1980,6021
17053,Illinois,Ford,1980,4162
17055,Illinois,Franklin,1980,11441
17057,Illinois,Fulton,1980,12332
17059,Illinois,Gallatin,1980,2120
17061,Illinois,Greene,1980,4680
17063,Illinois,Grundy,1980,9317
17065,Illinois,Hamilton,1980,2277
17067,Illinois,Hancock,1980,6596
17069,Illinois,Hardin,1980,1446
17071,Illinois,Henderson,1980,2670
17073,Illinois,Henry,1980,17560
17075,Illinois,Iroquois,1980,9315
17077,Illinois,Jackson,1980,12597
17079,Illinois,Jasper,1980,3317
17081,Illinois,Jefferson,1980,10196
17083,Illinois,Jersey,1980,5950
17085,Illinois,Jo Daviess,1980,7212
17087,Illinois,Johnson,1980,2409
17089,Illinois,Kane,1980,87736
17091,Illinois,Kankakee,1980,31770
17093,Illinois,Kendall,1980,12487
17095,Illinois,Knox,1980,16514
17097,Illinois,Lake,1980,133794
17099,Illinois,La Salle,1980,30762
17101,Illinois,Lawrence,1980,4732
17103,Illinois,Lee,1980,10395
17105,Illinois,Livingston,1980,11237
17107,Illinois,Logan,1980,8016
17109,Illinois,McDonough,1980,7824
17111,Illinois,McHenry,1980,46997
17113,Illinois,McLean,1980,29278
17115,Illinois,Macon,1980,38168
17117,Illinois,Macoupin,1980,13701
17119,Illinois,Madison,1980,70055
17121,Illinois,Marion,1980,12297
17123,Illinois,Marshall,1980,4207
17125,Illinois,Mason,1980,5914
17127,Illinois,Massac,1980,3912
17129,Illinois,Menard,1980,3416
17131,Illinois,Mercer,1980,5900
17133,Illinois,Monroe,1980,5833
17135,Illinois,Montgomery,1980,8698
17137,Illinois,Morgan,1980,10094
17139,Illinois,Moultrie,1980,4005
17141,Illinois,Ogle,1980,14094
17143,Illinois,Peoria,1980,56807
17145,Illinois,Perry,1980,6169
17147,Illinois,Piatt,1980,4895
17149,Illinois,Pike,1980,5034
17151,Illinois,Pope,1980,1205
17153,Illinois,Pulaski,1980,2643
17155,Illinois,Putnam,1980,1823
17157,Illinois,Randolph,1980,9410
17159,Illinois,Richland,1980,4720
17161,Illinois,Rock Island,1980,46877
17163,Illinois,St Clair,1980,84063
17165,Illinois,Saline,1980,7065
17167,Illinois,Sangamon,1980,48356
17169,Illinois,Schuyler,1980,2259
17171,Illinois,Scott,1980,1642
17173,Illinois,Shelby,1980,6889
17175,Illinois,Stark,1980,2144
17177,Illinois,Stephenson,1980,13994
17179,Illinois,Tazewell,1980,40054
17181,Illinois,Union,1980,4136
17183,Illinois,Vermilion,1980,27355
17185,Illinois,Wabash,1980,3798
17187,Illinois,Warren,1980,6239
17189,Illinois,Washington,1980,4217
17191,Illinois,Wayne,1980,4754
17193,Illinois,White,1980,4322
17195,Illinois,Whiteside,1980,20125
17197,Illinois,Will,1980,107733
17199,Illinois,Williamson,1980,14800
17201,Illinois,Winnebago,1980,74341
17203,Illinois,Woodford,1980,10453
18001,Indiana,Adams,1980,10069
18003,Indiana,Allen,1980,89497
18005,Indiana,Bartholomew,1980,20326
18007,Indiana,Benton,1980,3090
18009,Indiana,Blackford,1980,4659
18011,Indiana,Boone,1980,10990
18013,Indiana,Brown,1980,3609
18015,Indiana,Carroll,1980,5826
18017,Indiana,Cass,1980,11992
18019,Indiana,Clark,1980,27344
18021,Indiana,Clay,1980,6929
18023,Indiana,Clinton,1980,9171
18025,Indiana,Crawford,1980,3022
18027,Indiana,Daviess,1980,8359
18029,Indiana,Dearborn,1980,10962
18031,Indiana,Decatur,1980,7658
18033,Indiana,DeKalb,1980,10733
18035,Indiana,Delaware,1980,34649
18037,Indiana,Dubois,1980,10763
18039,Indiana,Elkhart,1980,42416
18041,Indiana,Fayette,1980,8945
18043,Indiana,Floyd,1980,18079
18045,Indiana,Fountain,1980,5533
18047,Indiana,Franklin,1980,6703
18049,Indiana,Fulton,1980,5513
18051,Indiana,Gibson,1980,9201
18053,Indiana,Grant,1980,23823
18055,Indiana,Greene,1980,8429
18057,Indiana,Hamilton,1980,26667
18059,Indiana,Hancock,1980,14413
18061,Indiana,Harrison,1980,8662
18063,Indiana,Hendricks,1980,22565
18065,Indiana,Henry,1980,16136
18067,Indiana,Howard,1980,27102
18069,Indiana,Huntington,1980,10569
18071,Indiana,Jackson,1980,11023
18073,Indiana,Jasper,1980,8467
18075,Indiana,Jay,1980,7093
18077,Indiana,Jefferson,1980,8834
18079,Indiana,Jennings,1980,7344
18081,Indiana,Johnson,1980,24469
18083,Indiana,Knox,1980,10581
18085,Indiana,Kosciusko,1980,17969
18087,Indiana,Lagrange,1980,9504
18089,Indiana,Lake,1980,164402
18091,Indiana,LaPorte,1980,32336
18093,Indiana,Lawrence,1980,12437
18095,Indiana,Madison,1980,41460
18097,Indiana,Marion,1980,216403
18099,Indiana,Marshall,1980,11895
18101,Indiana,Martin,1980,3469
18103,Indiana,Miami,1980,12560
18105,Indiana,Monroe,1980,20719
18107,Indiana,Montgomery,1980,9927
18109,Indiana,Morgan,1980,17041
18111,Indiana,Newton,1980,4810
18113,Indiana,Noble,1980,11196
18115,Indiana,Ohio,1980,1516
18117,Indiana,Orange,1980,5413
18119,Indiana,Owen,1980,4767
18121,Indiana,Parke,1980,4704
18123,Indiana,Perry,1980,5760
18125,Indiana,Pike,1980,3718
18127,Indiana,Porter,1980,38157
18129,Indiana,Posey,1980,8109
18131,Indiana,Pulaski,1980,4097
18133,Indiana,Putnam,1980,7636
18135,Indiana,Randolph,1980,9080
18137,Indiana,Ripley,1980,7811
18139,Indiana,Rush,1980,6190
18141,Indiana,St Joseph,1980,65954
18143,Indiana,Scott,1980,6715
18145,Indiana,Shelby,1980,12399
18147,Indiana,Spencer,1980,5753
18149,Indiana,Starke,1980,7052
18151,Indiana,Steuben,1980,7005
18153,Indiana,Sullivan,1980,5847
18155,Indiana,Switzerland,1980,2120
18157,Indiana,Tippecanoe,1980,27938
18159,Indiana,Tipton,1980,5012
18161,Indiana,Union,1980,2155
18163,Indiana,Vanderburgh,1980,42698
18165,Indiana,Vermillion,1980,5093
18167,Indiana,Vigo,1980,28227
18169,Indiana,Wabash,1980,10845
18171,Indiana,Warren,1980,2756
18173,Indiana,Warrick,1980,13500
18175,Indiana,Washington,1980,6868
18177,Indiana,Wayne,1980,22189
18179,Indiana,Wells,1980,7832
18181,Indiana,White,1980,7009
18183,Indiana,Whitley,1980,8050
19001,Iowa,Adair,1980,2548
19003,Iowa,Adams,1980,1513
19005,Iowa,Allamakee,1980,4613
19007,Iowa,Appanoose,1980,4267
19009,Iowa,Audubon,1980,2361
19011,Iowa,Benton,1980,7097
19013,Iowa,Black Hawk,1980,39006
19015,Iowa,Boone,1980,6770
19017,Iowa,Bremer,1980,7263
19019,Iowa,Buchanan,1980,7634
19021,Iowa,Buena Vista,1980,5416
19023,Iowa,Butler,1980,5150
19025,Iowa,Calhoun,1980,3579
19027,Iowa,Carroll,1980,7350
19029,Iowa,Cass,1980,4520
19031,Iowa,Cedar,1980,5450
19033,Iowa,Cerro Gordo,1980,12493
19035,Iowa,Cherokee,1980,4539
19037,Iowa,Chickasaw,1980,4892
19039,Iowa,Clarke,1980,2370
19041,Iowa,Clay,1980,5572
19043,Iowa,Clayton,1980,6244
19045,Iowa,Clinton,1980,17020
19047,Iowa,Crawford,1980,5802
19049,Iowa,Dallas,1980,8803
19051,Iowa,Davis,1980,2620
19053,Iowa,Decatur,1980,2375
19055,Iowa,Delaware,1980,6405
19057,Iowa,Des Moines,1980,13071
19059,Iowa,Dickinson,1980,4176
19061,Iowa,Dubuque,1980,29953
19063,Iowa,Emmet,1980,3856
19065,Iowa,Fayette,1980,7464
19067,Iowa,Floyd,1980,5754
19069,Iowa,Franklin,1980,3500
19071,Iowa,Fremont,1980,2559
19073,Iowa,Greene,1980,3313
19075,Iowa,Grundy,1980,4102
19077,Iowa,Guthrie,1980,3203
19079,Iowa,Hamilton,1980,4912
19081,Iowa,Hancock,1980,4054
19083,Iowa,Hardin,1980,5872
19085,Iowa,Harrison,1980,4765
19087,Iowa,Henry,1980,5123
19089,Iowa,Howard,1980,3185
19091,Iowa,Humboldt,1980,3366
19093,Iowa,Ida,1980,2425
19095,Iowa,Iowa,1980,4257
19097,Iowa,Jackson,1980,7265
19099,Iowa,Jasper,1980,10271
19101,Iowa,Jefferson,1980,4064
19103,Iowa,Johnson,1980,17948
19105,Iowa,Jones,1980,5993
19107,Iowa,Keokuk,1980,3508
19109,Iowa,Kossuth,1980,6652
19111,Iowa,Lee,1980,12140
19113,Iowa,Linn,1980,49395
19115,Iowa,Louisa,1980,3718
19117,Iowa,Lucas,1980,2759
19119,Iowa,Lyon,1980,4013
19121,Iowa,Madison,1980,3678
19123,Iowa,Mahaska,1980,6029
19125,Iowa,Marion,1980,8192
19127,Iowa,Marshall,1980,11722
19129,Iowa,Mills,1980,3971
19131,Iowa,Mitchell,1980,3551
19133,Iowa,Monona,1980,3062
19135,Iowa,Monroe,1980,2486
19137,Iowa,Montgomery,1980,3468
19139,Iowa,Muscatine,1980,12480
19141,Iowa,O Brien,1980,4669
19143,Iowa,Osceola,1980,2408
19145,Iowa,Page,1980,4953
19147,Iowa,Palo Alto,1980,3648
19149,Iowa,Plymouth,1980,7493
19151,Iowa,Pocahontas,1980,3152
19153,Iowa,Polk,1980,83422
19155,Iowa,Pottawattamie,1980,26346
19157,Iowa,Poweshiek,1980,5077
19159,Iowa,Ringgold,1980,1510
19161,Iowa,Sac,1980,3820
19163,Iowa,Scott,1980,49364
19165,Iowa,Shelby,1980,4585
19167,Iowa,Sioux,1980,9508
19169,Iowa,Story,1980,15075
19171,Iowa,Tama,1980,5663
19173,Iowa,Taylor,1980,2148
19175,Iowa,Union,1980,3810
19177,Iowa,Van Buren,1980,2434
19179,Iowa,Wapello,1980,10570
19181,Iowa,Warren,1980,11397
19183,Iowa,Washington,1980,5788
19185,Iowa,Wayne,1980,1976
19187,Iowa,Webster,1980,12727
19189,Iowa,Winnebago,1980,3461
19191,Iowa,Winneshiek,1980,6012
19193,Iowa,Woodbury,1980,29187
19195,Iowa,Worth,1980,2395
19197,Iowa,Wright,1980,4328
20001,Kansas,Allen,1980,4289
20003,Kansas,Anderson,1980,2406
20005,Kansas,Atchison,1980,5232
20007,Kansas,Barber,1980,1605
20009,Kansas,Barton,1980,8678
20011,Kansas,Bourbon,1980,3992
20013,Kansas,Brown,1980,3192
20015,Kansas,Butler,1980,13152
20017,Kansas,Chase,1980,813
20019,Kansas,Chautauqua,1980,1156
20021,Kansas,Cherokee,1980,6259
20023,Kansas,Cheyenne,1980,902
20025,Kansas,Clark,1980,642
20027,Kansas,Clay,1980,2527
20029,Kansas,Cloud,1980,3010
20031,Kansas,Coffey,1980,2587
20033,Kansas,Comanche,1980,632
20035,Kansas,Cowley,1980,9865
20037,Kansas,Crawford,1980,8845
20039,Kansas,Decatur,1980,1148
20041,Kansas,Dickinson,1980,5442
20043,Kansas,Doniphan,1980,2621
20045,Kansas,Douglas,1980,14058
20047,Kansas,Edwards,1980,1077
20049,Kansas,Elk,1980,912
20051,Kansas,Ellis,1980,6888
20053,Kansas,Ellsworth,1980,1686
20055,Kansas,Finney,1980,7980
20057,Kansas,Ford,1980,7056
20059,Kansas,Franklin,1980,6065
20061,Kansas,Geary,1980,8620
20063,Kansas,Gove,1980,1131
20065,Kansas,Graham,1980,1121
20067,Kansas,Grant,1980,2388
20069,Kansas,Gray,1980,1583
20071,Kansas,Greeley,1980,543
20073,Kansas,Greenwood,1980,2162
20075,Kansas,Hamilton,1980,685
20077,Kansas,Harper,1980,1892
20079,Kansas,Harvey,1980,8064
20081,Kansas,Haskell,1980,1268
20083,Kansas,Hodgeman,1980,600
20085,Kansas,Jackson,1980,3538
20087,Kansas,Jefferson,1980,4545
20089,Kansas,Jewell,1980,1310
20091,Kansas,Johnson,1980,78665
20093,Kansas,Kearny,1980,1169
20095,Kansas,Kingman,1980,2411
20097,Kansas,Kiowa,1980,1024
20099,Kansas,Labette,1980,7342
20101,Kansas,Lane,1980,705
20103,Kansas,Leavenworth,1980,15980
20105,Kansas,Lincoln,1980,962
20107,Kansas,Linn,1980,2173
20109,Kansas,Logan,1980,979
20111,Kansas,Lyon,1980,8823
20113,Kansas,McPherson,1980,6761
20115,Kansas,Marion,1980,3158
20117,Kansas,Marshall,1980,3129
20119,Kansas,Meade,1980,1302
20121,Kansas,Miami,1980,6308
20123,Kansas,Mitchell,1980,2207
20125,Kansas,Montgomery,1980,11469
20127,Kansas,Morris,1980,1606
20129,Kansas,Morton,1980,1094
20131,Kansas,Nemaha,1980,3257
20133,Kansas,Neosho,1980,5227
20135,Kansas,Ness,1980,1136
20137,Kansas,Norton,1980,1637
20139,Kansas,Osage,1980,4343
20141,Kansas,Osborne,1980,1468
20143,Kansas,Ottawa,1980,1551
20145,Kansas,Pawnee,1980,2052
20147,Kansas,Phillips,1980,1933
20149,Kansas,Pottawatomie,1980,4229
20151,Kansas,Pratt,1980,2520
20153,Kansas,Rawlins,1980,1129
20155,Kansas,Reno,1980,17619
20157,Kansas,Republic,1980,1716
20159,Kansas,Rice,1980,3013
20161,Kansas,Riley,1980,13744
20163,Kansas,Rooks,1980,1962
20165,Kansas,Rush,1980,1086
20167,Kansas,Russell,1980,2165
20169,Kansas,Saline,1980,13422
20171,Kansas,Scott,1980,1813
20173,Kansas,Sedgwick,1980,102623
20175,Kansas,Seward,1980,5345
20177,Kansas,Shawnee,1980,42451
20179,Kansas,Sheridan,1980,1113
20181,Kansas,Sherman,1980,2253
20183,Kansas,Smith,1980,1384
20185,Kansas,Stafford,1980,1351
20187,Kansas,Stanton,1980,775
20189,Kansas,Stevens,1980,1474
20191,Kansas,Sumner,1980,6917
20193,Kansas,Thomas,1980,2432
20195,Kansas,Trego,1980,1143
20197,Kansas,Wabaunsee,1980,1928
20199,Kansas,Wallace,1980,608
20201,Kansas,Washington,1980,2259
20203,Kansas,Wichita,1980,1014
20205,Kansas,Wilson,1980,3298
20207,Kansas,Woodson,1980,1054
20209,Kansas,Wyandotte,1980,51157
21001,Kentucky,Adair,1980,4297
21003,Kentucky,Allen,1980,3857
21005,Kentucky,Anderson,1980,3805
21007,Kentucky,Ballard,1980,2415
21009,Kentucky,Barren,1980,9527
21011,Kentucky,Bath,1980,2989
21013,Kentucky,Bell,1980,11073
21015,Kentucky,Boone,1980,15271
21017,Kentucky,Bourbon,1980,5694
21019,Kentucky,Boyd,1980,15330
21021,Kentucky,Boyle,1980,7313
21023,Kentucky,Bracken,1980,2287
21025,Kentucky,Breathitt,1980,5973
21027,Kentucky,Breckinridge,1980,5119
21029,Kentucky,Bullitt,1980,16248
21031,Kentucky,Butler,1980,3293
21033,Kentucky,Caldwell,1980,3474
21035,Kentucky,Calloway,1980,6455
21037,Kentucky,Campbell,1980,25020
21039,Kentucky,Carlisle,1980,1482
21041,Kentucky,Carroll,1980,2696
21043,Kentucky,Carter,1980,8102
21045,Kentucky,Casey,1980,4563
21047,Kentucky,Christian,1980,19799
21049,Kentucky,Clark,1980,8679
21051,Kentucky,Clay,1980,8237
21053,Kentucky,Clinton,1980,2677
21055,Kentucky,Crittenden,1980,2450
21057,Kentucky,Cumberland,1980,1954
21059,Kentucky,Daviess,1980,25931
21061,Kentucky,Edmonson,1980,3070
21063,Kentucky,Elliott,1980,2374
21065,Kentucky,Estill,1980,4592
21067,Kentucky,Fayette,1980,51667
21069,Kentucky,Fleming,1980,3655
21071,Kentucky,Floyd,1980,15997
21073,Kentucky,Franklin,1980,11566
21075,Kentucky,Fulton,1980,2561
21077,Kentucky,Gallatin,1980,1543
21079,Kentucky,Garrard,1980,2958
21081,Kentucky,Grant,1980,4280
21083,Kentucky,Graves,1980,8828
21085,Kentucky,Grayson,1980,6324
21087,Kentucky,Green,1980,2992
21089,Kentucky,Greenup,1980,12428
21091,Kentucky,Hancock,1980,2608
21093,Kentucky,Hardin,1980,26613
21095,Kentucky,Harlan,1980,13917
21097,Kentucky,Harrison,1980,4267
21099,Kentucky,Hart,1980,4572
21101,Kentucky,Henderson,1980,12120
21103,Kentucky,Henry,1980,3625
21105,Kentucky,Hickman,1980,1611
21107,Kentucky,Hopkins,1980,13500
21109,Kentucky,Jackson,1980,3933
21111,Kentucky,Jefferson,1980,189633
21113,Kentucky,Jessamine,1980,7933
21115,Kentucky,Johnson,1980,7642
21117,Kentucky,Kenton,1980,41442
21119,Kentucky,Knott,1980,6340
21121,Kentucky,Knox,1980,10181
21123,Kentucky,Larue,1980,3383
21125,Kentucky,Laurel,1980,12645
21127,Kentucky,Lawrence,1980,4547
21129,Kentucky,Lee,1980,2401
21131,Kentucky,Leslie,1980,5427
21133,Kentucky,Letcher,1980,10451
21135,Kentucky,Lewis,1980,5012
21137,Kentucky,Lincoln,1980,5930
21139,Kentucky,Livingston,1980,2508
21141,Kentucky,Logan,1980,6949
21143,Kentucky,Lyon,1980,1327
21145,Kentucky,McCracken,1980,16298
21147,Kentucky,McCreary,1980,5637
21149,Kentucky,McLean,1980,2908
21151,Kentucky,Madison,1980,13205
21153,Kentucky,Magoffin,1980,4959
21155,Kentucky,Marion,1980,6176
21157,Kentucky,Marshall,1980,6722
21159,Kentucky,Martin,1980,5287
21161,Kentucky,Mason,1980,5094
21163,Kentucky,Meade,1980,8296
21165,Kentucky,Menifee,1980,1702
21167,Kentucky,Mercer,1980,5467
21169,Kentucky,Metcalfe,1980,2733
21171,Kentucky,Monroe,1980,3549
21173,Kentucky,Montgomery,1980,6365
21175,Kentucky,Morgan,1980,3891
21177,Kentucky,Muhlenberg,1980,9572
21179,Kentucky,Nelson,1980,9299
21181,Kentucky,Nicholas,1980,2051
21183,Kentucky,Ohio,1980,6559
21185,Kentucky,Oldham,1980,8949
21187,Kentucky,Owen,1980,2617
21189,Kentucky,Owsley,1980,1851
21191,Kentucky,Pendleton,1980,3498
21193,Kentucky,Perry,1980,11654
21195,Kentucky,Pike,1980,27349
21197,Kentucky,Powell,1980,3835
21199,Kentucky,Pulaski,1980,13335
21201,Kentucky,Robertson,1980,624
21203,Kentucky,Rockcastle,1980,4436
21205,Kentucky,Rowan,1980,4885
21207,Kentucky,Russell,1980,3842
21209,Kentucky,Scott,1980,6490
21211,Kentucky,Shelby,1980,6750
21213,Kentucky,Simpson,1980,4449
21215,Kentucky,Spencer,1980,1828
21217,Kentucky,Taylor,1980,5901
21219,Kentucky,Todd,1980,3476
21221,Kentucky,Trigg,1980,2576
21223,Kentucky,Trimble,1980,1901
21225,Kentucky,Union,1980,5685
21227,Kentucky,Warren,1980,18744
21229,Kentucky,Washington,1980,3361
21231,Kentucky,Wayne,1980,5306
21233,Kentucky,Webster,1980,4265
21235,Kentucky,Whitley,1980,10282
21237,Kentucky,Wolfe,1980,2179
21239,Kentucky,Woodford,1980,5530
22001,Louisiana,Acadia,1980,19407
22003,Louisiana,Allen,1980,7047
22005,Louisiana,Ascension,1980,17993
22007,Louisiana,Assumption,1980,8089
22009,Louisiana,Avoyelles,1980,13691
22011,Louisiana,Beauregard,1980,9843
22013,Louisiana,Bienville,1980,4938
22015,Louisiana,Bossier,1980,26176
22017,Louisiana,Caddo,1980,76563
22019,Louisiana,Calcasieu,1980,52722
22021,Louisiana,Caldwell,1980,3349
22023,Louisiana,Cameron,1980,3037
22025,Louisiana,Catahoula,1980,4007
22027,Louisiana,Claiborne,1980,5126
22029,Louisiana,Concordia,1980,7772
22031,Louisiana,De Soto,1980,7998
22033,Louisiana,East Baton Rouge,1980,110494
22035,Louisiana,East Carroll,1980,4565
22037,Louisiana,East Feliciana,1980,5955
22039,Louisiana,Evangeline,1980,11415
22041,Louisiana,Franklin,1980,8018
22043,Louisiana,Grant,1980,5259
22045,Louisiana,Iberia,1980,21976
22047,Louisiana,Iberville,1980,10660
22049,Louisiana,Jackson,1980,5283
22051,Louisiana,Jefferson,1980,140258
22053,Louisiana,Jefferson Davis,1980,10957
22055,Louisiana,Lafayette,1980,46153
22057,Louisiana,Lafourche,1980,27865
22059,Louisiana,La Salle,1980,5130
22061,Louisiana,Lincoln,1980,9326
22063,Louisiana,Livingston,1980,20521
22065,Louisiana,Madison,1980,5952
22067,Louisiana,Morehouse,1980,11661
22069,Louisiana,Natchitoches,1980,12309
22071,Louisiana,Orleans,1980,160332
22073,Louisiana,Ouachita,1980,44508
22075,Louisiana,Plaquemines,1980,9146
22077,Louisiana,Pointe Coupee,1980,8055
22079,Louisiana,Rapides,1980,42770
22081,Louisiana,Red River,1980,3407
22083,Louisiana,Richland,1980,7299
22085,Louisiana,Sabine,1980,7789
22087,Louisiana,St Bernard,1980,19745
22089,Louisiana,St Charles,1980,12991
22091,Louisiana,St Helena,1980,3545
22093,Louisiana,St James,1980,7622
22095,Louisiana,St John The Baptist,1980,11539
22097,Louisiana,St Landry,1980,29214
22099,Louisiana,St Martin,1980,14535
22101,Louisiana,St Mary,1980,22609
22103,Louisiana,St Tammany,1980,37230
22105,Louisiana,Tangipahoa,1980,26240
22107,Louisiana,Tensas,1980,2942
22109,Louisiana,Terrebonne,1980,33780
22111,Louisiana,Union,1980,6317
22113,Louisiana,Vermilion,1980,15904
22115,Louisiana,Vernon,1980,16354
22117,Louisiana,Washington,1980,13890
22119,Louisiana,Webster,1980,12621
22121,Louisiana,West Baton Rouge,1980,6630
22123,Louisiana,West Carroll,1980,4065
22125,Louisiana,West Feliciana,1980,2507
22127,Louisiana,Winn,1980,5367
23001,Maine,Androscoggin,1980,29093
23003,Maine,Aroostook,1980,28860
23005,Maine,Cumberland,1980,57771
23007,Maine,Franklin,1980,7983
23009,Maine,Hancock,1980,11019
23011,Maine,Kennebec,1980,31589
23013,Maine,Knox,1980,8713
23015,Maine,Lincoln,1980,7100
23017,Maine,Oxford,1980,14258
23019,Maine,Penobscot,1980,38065
23021,Maine,Piscataquis,1980,5154
23023,Maine,Sagadahoc,1980,8675
23025,Maine,Somerset,1980,14019
23027,Maine,Waldo,1980,8673
23029,Maine,Washington,1980,10111
23031,Maine,York,1980,40304
24001,Maryland,Allegany,1980,20136
24003,Maryland,Anne Arundel,1980,105986
24005,Maryland,Baltimore,1980,159574
24009,Maryland,Calvert,1980,11532
24011,Maryland,Caroline,1980,6603
24013,Maryland,Carroll,1980,28385
24015,Maryland,Cecil,1980,19093
24017,Maryland,Charles,1980,26101
24019,Maryland,Dorchester,1980,7860
24021,Maryland,Frederick,1980,34270
24023,Maryland,Garrett,1980,8238
24025,Maryland,Harford,1980,45622
24027,Maryland,Howard,1980,36491
24029,Maryland,Kent,1980,4041
24031,Maryland,Montgomery,1980,154311
24033,Maryland,Prince Georges,1980,194624
24035,Maryland,Queen Anne's,1980,6969
24037,Maryland,St Mary's,1980,19995
24039,Maryland,Somerset,1980,5012
24041,Maryland,Talbot,1980,6016
24043,Maryland,Washington,1980,29821
24045,Maryland,Wicomico,1980,17026
24047,Maryland,Worcester,1980,7881
24510,Maryland,Baltimore City,1980,211943
25001,Massachusetts,Barnstable,1980,34606
25003,Massachusetts,Berkshire,1980,37286
25005,Massachusetts,Bristol,1980,132784
25007,Massachusetts,Dukes,1980,2011
25009,Massachusetts,Essex,1980,168455
25011,Massachusetts,Franklin,1980,16629
25013,Massachusetts,Hampden,1980,120079
25015,Massachusetts,Hampshire,1980,30133
25017,Massachusetts,Middlesex,1980,346842
25019,Massachusetts,Nantucket,1980,1097
25021,Massachusetts,Norfolk,1980,155162
25023,Massachusetts,Plymouth,1980,127566
25025,Massachusetts,Suffolk,1980,141499
25027,Massachusetts,Worcester,1980,176240
26001,Michigan,Alcona,1980,2541
26003,Michigan,Alger,1980,2779
26005,Michigan,Allegan,1980,26093
26007,Michigan,Alpena,1980,9950
26009,Michigan,Antrim,1980,4764
26011,Michigan,Arenac,1980,4510
26013,Michigan,Baraga,1980,2627
26015,Michigan,Barry,1980,14402
26017,Michigan,Bay,1980,36632
26019,Michigan,Benzie,1980,3230
26021,Michigan,Berrien,1980,52681
26023,Michigan,Branch,1980,12051
26025,Michigan,Calhoun,1980,40895
26027,Michigan,Cass,1980,15206
26029,Michigan,Charlevoix,1980,5991
26031,Michigan,Cheboygan,1980,6297
26033,Michigan,Chippewa,1980,8026
26035,Michigan,Clare,1980,6892
26037,Michigan,Clinton,1980,19263
26039,Michigan,Crawford,1980,2913
26041,Michigan,Delta,1980,12160
26043,Michigan,Dickinson,1980,6847
26045,Michigan,Eaton,1980,27863
26047,Michigan,Emmet,1980,6717
26049,Michigan,Genesee,1980,144817
26051,Michigan,Gladwin,1980,5883
26053,Michigan,Gogebic,1980,4838
26055,Michigan,Grand Traverse,1980,16112
26057,Michigan,Gratiot,1980,12622
26059,Michigan,Hillsdale,1980,12767
26061,Michigan,Houghton,1980,8688
26063,Michigan,Huron,1980,11070
26065,Michigan,Ingham,1980,72174
26067,Michigan,Ionia,1980,16488
26069,Michigan,Iosco,1980,8120
26071,Michigan,Iron,1980,3222
26073,Michigan,Isabella,1980,13410
26075,Michigan,Jackson,1980,44126
26077,Michigan,Kalamazoo,1980,56736
26079,Michigan,Kalkaska,1980,3586
26081,Michigan,Kent,1980,131473
26083,Michigan,Keweenaw,1980,405
26085,Michigan,Lake,1980,2058
26087,Michigan,Lapeer,1980,24991
26089,Michigan,Leelanau,1980,3994
26091,Michigan,Lenawee,1980,28165
26093,Michigan,Livingston,1980,34455
26095,Michigan,Luce,1980,1942
26097,Michigan,Mackinac,1980,3042
26099,Michigan,Macomb,1980,207459
26101,Michigan,Manistee,1980,6420
26103,Michigan,Marquette,1980,20780
26105,Michigan,Mason,1980,7368
26107,Michigan,Mecosta,1980,8630
26109,Michigan,Menominee,1980,7894
26111,Michigan,Midland,1980,23693
26113,Michigan,Missaukee,1980,3226
26115,Michigan,Monroe,1980,44881
26117,Michigan,Montcalm,1980,15087
26119,Michigan,Montmorency,1980,2074
26121,Michigan,Muskegon,1980,48438
26123,Michigan,Newaygo,1980,11017
26125,Michigan,Oakland,1980,289910
26127,Michigan,Oceana,1980,7124
26129,Michigan,Ogemaw,1980,4782
26131,Michigan,Ontonagon,1980,2975
26133,Michigan,Osceola,1980,6016
26135,Michigan,Oscoda,1980,1924
26137,Michigan,Otsego,1980,4907
26139,Michigan,Ottawa,1980,50071
26141,Michigan,Presque Isle,1980,4248
26143,Michigan,Roscommon,1980,3996
26145,Michigan,Saginaw,1980,74267
26147,Michigan,St Clair,1980,44181
26149,Michigan,St Joseph,1980,17185
26151,Michigan,Sanilac,1980,12745
26153,Michigan,Schoolcraft,1980,2530
26155,Michigan,Shiawassee,1980,24000
26157,Michigan,Tuscola,1980,19033
26159,Michigan,Van Buren,1980,21146
26161,Michigan,Washtenaw,1980,64188
26163,Michigan,Wayne,1980,685609
26165,Michigan,Wexford,1980,7668
27001,Minnesota,Aitkin,1980,3725
27003,Minnesota,Anoka,1980,69521
27005,Minnesota,Becker,1980,9281
27007,Minnesota,Beltrami,1980,9019
27009,Minnesota,Benton,1980,8245
27011,Minnesota,Big Stone,1980,2113
27013,Minnesota,Blue Earth,1980,12974
27015,Minnesota,Brown,1980,8214
27017,Minnesota,Carlton,1980,9278
27019,Minnesota,Carver,1980,11964
27021,Minnesota,Cass,1980,6088
27023,Minnesota,Chippewa,1980,4208
27025,Minnesota,Chisago,1980,8624
27027,Minnesota,Clay,1980,12729
27029,Minnesota,Clearwater,1980,2792
27031,Minnesota,Cook,1980,1074
27033,Minnesota,Cottonwood,1980,4273
27035,Minnesota,Crow Wing,1980,12144
27037,Minnesota,Dakota,1980,65924
27039,Minnesota,Dodge,1980,4809
27041,Minnesota,Douglas,1980,7876
27043,Minnesota,Faribault,1980,5444
27045,Minnesota,Fillmore,1980,6348
27047,Minnesota,Freeborn,1980,10329
27049,Minnesota,Goodhue,1980,11547
27051,Minnesota,Grant,1980,1929
27053,Minnesota,Hennepin,1980,233317
27055,Minnesota,Houston,1980,5597
27057,Minnesota,Hubbard,1980,4248
27059,Minnesota,Isanti,1980,8062
27061,Minnesota,Itasca,1980,13461
27063,Minnesota,Jackson,1980,3792
27065,Minnesota,Kanabec,1980,3910
27067,Minnesota,Kandiyohi,1980,10330
27069,Minnesota,Kittson,1980,1826
27071,Minnesota,Koochiching,1980,5467
27073,Minnesota,Lac Qui Parle,1980,2887
27075,Minnesota,Lake,1980,3796
27077,Minnesota,Lake Of The Woods,1980,1085
27079,Minnesota,Le Sueur,1980,7468
27081,Minnesota,Lincoln,1980,2424
27083,Minnesota,Lyon,1980,7285
27085,Minnesota,McLeod,1980,8989
27087,Minnesota,Mahnomen,1980,1946
27089,Minnesota,Marshall,1980,4173
27091,Minnesota,Martin,1980,6806
27093,Minnesota,Meeker,1980,6299
27095,Minnesota,Mille Lacs,1980,5730
27097,Minnesota,Morrison,1980,10125
27099,Minnesota,Mower,1980,11174
27101,Minnesota,Murray,1980,3530
27103,Minnesota,Nicollet,1980,7612
27105,Minnesota,Nobles,1980,6357
27107,Minnesota,Norman,1980,2686
27109,Minnesota,Olmsted,1980,27180
27111,Minnesota,Otter Tail,1980,14404
27113,Minnesota,Pennington,1980,4477
27115,Minnesota,Pine,1980,6143
27117,Minnesota,Pipestone,1980,3321
27119,Minnesota,Polk,1980,10221
27121,Minnesota,Pope,1980,3259
27123,Minnesota,Ramsey,1980,120418
27125,Minnesota,Red Lake,1980,1819
27127,Minnesota,Redwood,1980,5741
27129,Minnesota,Renville,1980,5965
27131,Minnesota,Rice,1980,13095
27133,Minnesota,Rock,1980,3203
27135,Minnesota,Roseau,1980,3945
27137,Minnesota,St Louis,1980,60155
27139,Minnesota,Scott,1980,15488
27141,Minnesota,Sherburne,1980,10408
27143,Minnesota,Sibley,1980,4615
27145,Minnesota,Stearns,1980,33387
27147,Minnesota,Steele,1980,9062
27149,Minnesota,Stevens,1980,3062
27151,Minnesota,Swift,1980,3869
27153,Minnesota,Todd,1980,8123
27155,Minnesota,Traverse,1980,1556
27157,Minnesota,Wabasha,1980,5931
27159,Minnesota,Wadena,1980,4478
27161,Minnesota,Waseca,1980,5509
27163,Minnesota,Washington,1980,39530
27165,Minnesota,Watonwan,1980,3374
27167,Minnesota,Wilkin,1980,2541
27169,Minnesota,Winona,1980,12127
27171,Minnesota,Wright,1980,20829
27173,Minnesota,Yellow Medicine,1980,3719
28001,Mississippi,Adams,1980,12100
28003,Mississippi,Alcorn,1980,9931
28005,Mississippi,Amite,1980,4455
28007,Mississippi,Attala,1980,6172
28009,Mississippi,Benton,1980,2753
28011,Mississippi,Bolivar,1980,17339
28013,Mississippi,Calhoun,1980,4759
28015,Mississippi,Carroll,1980,3163
28017,Mississippi,Chickasaw,1980,5894
28019,Mississippi,Choctaw,1980,2954
28021,Mississippi,Claiborne,1980,3730
28023,Mississippi,Clarke,1980,5397
28025,Mississippi,Clay,1980,7018
28027,Mississippi,Coahoma,1980,13671
28029,Mississippi,Copiah,1980,8465
28031,Mississippi,Covington,1980,5329
28033,Mississippi,DeSoto,1980,19372
28035,Mississippi,Forrest,1980,18446
28037,Mississippi,Franklin,1980,2514
28039,Mississippi,George,1980,5395
28041,Mississippi,Greene,1980,3421
28043,Mississippi,Grenada,1980,6850
28045,Mississippi,Hancock,1980,7990
28047,Mississippi,Harrison,1980,48027
28049,Mississippi,Hinds,1980,75592
28051,Mississippi,Holmes,1980,8400
28053,Mississippi,Humphreys,1980,5397
28055,Mississippi,Issaquena,1980,944
28057,Mississippi,Itawamba,1980,5900
28059,Mississippi,Jackson,1980,40875
28061,Mississippi,Jasper,1980,5738
28063,Mississippi,Jefferson,1980,3343
28065,Mississippi,Jefferson Davis,1980,4899
28067,Mississippi,Jones,1980,18098
28069,Mississippi,Kemper,1980,3391
28071,Mississippi,Lafayette,1980,7767
28073,Mississippi,Lamar,1980,7924
28075,Mississippi,Lauderdale,1980,23081
28077,Mississippi,Lawrence,1980,4174
28079,Mississippi,Leake,1980,5801
28081,Mississippi,Lee,1980,17613
28083,Mississippi,Leflore,1980,14318
28085,Mississippi,Lincoln,1980,9683
28087,Mississippi,Lowndes,1980,18389
28089,Mississippi,Madison,1980,14482
28091,Mississippi,Marion,1980,8421
28093,Mississippi,Marshall,1980,10391
28095,Mississippi,Monroe,1980,11809
28097,Mississippi,Montgomery,1980,4130
28099,Mississippi,Neshoba,1980,7647
28101,Mississippi,Newton,1980,5776
28103,Mississippi,Noxubee,1980,4775
28105,Mississippi,Oktibbeha,1980,9475
28107,Mississippi,Panola,1980,9836
28109,Mississippi,Pearl River,1980,11139
28111,Mississippi,Perry,1980,3431
28113,Mississippi,Pike,1980,11797
28115,Mississippi,Pontotoc,1980,6331
28117,Mississippi,Prentiss,1980,7140
28119,Mississippi,Quitman,1980,4708
28121,Mississippi,Rankin,1980,22656
28123,Mississippi,Scott,1980,8168
28125,Mississippi,Sharkey,1980,3101
28127,Mississippi,Simpson,1980,7653
28129,Mississippi,Smith,1980,4797
28131,Mississippi,Stone,1980,2964
28133,Mississippi,Sunflower,1980,12307
28135,Mississippi,Tallahatchie,1980,6369
28137,Mississippi,Tate,1980,6494
28139,Mississippi,Tippah,1980,5694
28141,Mississippi,Tishomingo,1980,5101
28143,Mississippi,Tunica,1980,3958
28145,Mississippi,Union,1980,6413
28147,Mississippi,Walthall,1980,4707
28149,Mississippi,Warren,1980,17033
28151,Mississippi,Washington,1980,26708
28153,Mississippi,Wayne,1980,6569
28155,Mississippi,Webster,1980,2936
28157,Mississippi,Wilkinson,1980,3224
28159,Mississippi,Winston,1980,6234
28161,Mississippi,Yalobusha,1980,3983
28163,Mississippi,Yazoo,1980,9368
29001,Missouri,Adair,1980,5453
29003,Missouri,Andrew,1980,4110
29005,Missouri,Atchison,1980,2203
29007,Missouri,Audrain,1980,7672
29009,Missouri,Barry,1980,6560
29011,Missouri,Barton,1980,2912
29013,Missouri,Bates,1980,4214
29015,Missouri,Benton,1980,2996
29017,Missouri,Bollinger,1980,2954
29019,Missouri,Boone,1980,22407
29021,Missouri,Buchanan,1980,23843
29023,Missouri,Butler,1980,10665
29025,Missouri,Caldwell,1980,2365
29027,Missouri,Callaway,1980,9107
29029,Missouri,Camden,1980,4770
29031,Missouri,Cape Girardeau,1980,14629
29033,Missouri,Carroll,1980,3263
29035,Missouri,Carter,1980,1635
29037,Missouri,Cass,1980,16443
29039,Missouri,Cedar,1980,2859
29041,Missouri,Chariton,1980,2680
29043,Missouri,Christian,1980,6858
29045,Missouri,Clark,1980,2531
29047,Missouri,Clay,1980,38474
29049,Missouri,Clinton,1980,4905
29051,Missouri,Cole,1980,15326
29053,Missouri,Cooper,1980,4128
29055,Missouri,Crawford,1980,5385
29057,Missouri,Dade,1980,1798
29059,Missouri,Dallas,1980,3317
29061,Missouri,Daviess,1980,2436
29063,Missouri,DeKalb,1980,2233
29065,Missouri,Dent,1980,4072
29067,Missouri,Douglas,1980,3352
29069,Missouri,Dunklin,1980,10884
29071,Missouri,Franklin,1980,22746
29073,Missouri,Gasconade,1980,3312
29075,Missouri,Gentry,1980,1941
29077,Missouri,Greene,1980,47369
29079,Missouri,Grundy,1980,2994
29081,Missouri,Harrison,1980,2378
29083,Missouri,Henry,1980,5156
29085,Missouri,Hickory,1980,1461
29087,Missouri,Holt,1980,1744
29089,Missouri,Howard,1980,2531
29091,Missouri,Howell,1980,8083
29093,Missouri,Iron,1980,3297
29095,Missouri,Jackson,1980,170902
29097,Missouri,Jasper,1980,23453
29099,Missouri,Jefferson,1980,48469
29101,Missouri,Johnson,1980,9710
29103,Missouri,Knox,1980,1486
29105,Missouri,Laclede,1980,7037
29107,Missouri,Lafayette,1980,8221
29109,Missouri,Lawrence,1980,8278
29111,Missouri,Lewis,1980,3010
29113,Missouri,Lincoln,1980,6655
29115,Missouri,Linn,1980,3693
29117,Missouri,Livingston,1980,4314
29119,Missouri,McDonald,1980,4381
29121,Missouri,Macon,1980,4287
29123,Missouri,Madison,1980,2828
29125,Missouri,Maries,1980,2144
29127,Missouri,Marion,1980,7993
29129,Missouri,Mercer,1980,1053
29131,Missouri,Miller,1980,5384
29133,Missouri,Mississippi,1980,5010
29135,Missouri,Moniteau,1980,3383
29137,Missouri,Monroe,1980,2708
29139,Missouri,Montgomery,1980,3238
29141,Missouri,Morgan,1980,3535
29143,Missouri,New Madrid,1980,7556
29145,Missouri,Newton,1980,11626
29147,Missouri,Nodaway,1980,5414
29149,Missouri,Oregon,1980,2845
29151,Missouri,Osage,1980,3820
29153,Missouri,Ozark,1980,2118
29155,Missouri,Pemiscot,1980,8301
29157,Missouri,Perry,1980,5053
29159,Missouri,Pettis,1980,9868
29161,Missouri,Phelps,1980,8557
29163,Missouri,Pike,1980,5267
29165,Missouri,Platte,1980,14226
29167,Missouri,Polk,1980,4945
29169,Missouri,Pulaski,1980,11551
29171,Missouri,Putnam,1980,1603
29173,Missouri,Ralls,1980,2590
29175,Missouri,Randolph,1980,6822
29177,Missouri,Ray,1980,6444
29179,Missouri,Reynolds,1980,2155
29181,Missouri,Ripley,1980,3471
29183,Missouri,St Charles,1980,48280
29185,Missouri,St Clair,1980,2222
29186,Missouri,Ste Genevieve,1980,4789
29187,Missouri,St Francois,1980,12227
29189,Missouri,St Louis,1980,267700
29195,Missouri,Saline,1980,6555
29197,Missouri,Schuyler,1980,1324
29199,Missouri,Scotland,1980,1482
29201,Missouri,Scott,1980,12484
29203,Missouri,Shannon,1980,2312
29205,Missouri,Shelby,1980,2008
29207,Missouri,Stoddard,1980,8130
29209,Missouri,Stone,1980,3805
29211,Missouri,Sullivan,1980,1831
29213,Missouri,Taney,1980,4446
29215,Missouri,Texas,1980,5980
29217,Missouri,Vernon,1980,5285
29219,Missouri,Warren,1980,4337
29221,Missouri,Washington,1980,6088
29223,Missouri,Wayne,1980,2998
29225,Missouri,Webster,1980,6498
29227,Missouri,Worth,1980,763
29229,Missouri,Wright,1980,4648
29510,Missouri,St Louis City,1980,118436
30001,Montana,Beaverhead,1980,2365
30003,Montana,Big Horn,1980,4058
30005,Montana,Blaine,1980,2408
30007,Montana,Broadwater,1980,1015
30009,Montana,Carbon,1980,2235
30011,Montana,Carter,1980,499
30013,Montana,Cascade,1980,23544
30015,Montana,Chouteau,1980,1787
30017,Montana,Custer,1980,3858
30019,Montana,Daniels,1980,799
30021,Montana,Dawson,1980,3651
30023,Montana,Deer Lodge,1980,3604
30025,Montana,Fallon,1980,1205
30027,Montana,Fergus,1980,3705
30029,Montana,Flathead,1980,15734
30031,Montana,Gallatin,1980,10204
30033,Montana,Garfield,1980,499
30035,Montana,Glacier,1980,3719
30037,Montana,Golden Valley,1980,321
30039,Montana,Granite,1980,795
30041,Montana,Hill,1980,5451
30043,Montana,Jefferson,1980,2300
30045,Montana,Judith Basin,1980,787
30047,Montana,Lake,1980,6070
30049,Montana,Lewis And Clark,1980,12598
30051,Montana,Liberty,1980,701
30053,Montana,Lincoln,1980,6011
30055,Montana,McCone,1980,915
30057,Montana,Madison,1980,1485
30059,Montana,Meagher,1980,618
30061,Montana,Mineral,1980,1170
30063,Montana,Missoula,1980,20242
30065,Montana,Musselshell,1980,1313
30067,Montana,Park,1980,3446
30069,Montana,Petroleum,1980,208
30071,Montana,Phillips,1980,1671
30073,Montana,Pondera,1980,2145
30075,Montana,Powder River,1980,774
30077,Montana,Powell,1980,1918
30079,Montana,Prairie,1980,531
30081,Montana,Ravalli,1980,6920
30083,Montana,Richland,1980,3839
30085,Montana,Roosevelt,1980,3601
30087,Montana,Rosebud,1980,3681
30089,Montana,Sanders,1980,2654
30091,Montana,Sheridan,1980,1452
30093,Montana,Silver Bow,1980,10807
30095,Montana,Stillwater,1980,1597
30097,Montana,Sweet Grass,1980,866
30099,Montana,Teton,1980,1955
30101,Montana,Toole,1980,1680
30103,Montana,Treasure,1980,291
30105,Montana,Valley,1980,3299
30107,Montana,Wheatland,1980,675
30109,Montana,Wibaux,1980,480
30111,Montana,Yellowstone,1980,31678
30113,Montana,Yellowstone National Park,1980,61
31001,Nebraska,Adams,1980,7825
31003,Nebraska,Antelope,1980,2583
31005,Nebraska,Arthur,1980,136
31007,Nebraska,Banner,1980,269
31009,Nebraska,Blaine,1980,270
31011,Nebraska,Boone,1980,2179
31013,Nebraska,Box Butte,1980,4068
31015,Nebraska,Boyd,1980,807
31017,Nebraska,Brown,1980,1248
31019,Nebraska,Buffalo,1980,9133
31021,Nebraska,Burt,1980,2312
31023,Nebraska,Butler,1980,2635
31025,Nebraska,Cass,1980,6154
31027,Nebraska,Cedar,1980,3705
31029,Nebraska,Chase,1980,1459
31031,Nebraska,Cherry,1980,1905
31033,Nebraska,Cheyenne,1980,2769
31035,Nebraska,Clay,1980,2335
31037,Nebraska,Colfax,1980,2800
31039,Nebraska,Cuming,1980,3530
31041,Nebraska,Custer,1980,3782
31043,Nebraska,Dakota,1980,5415
31045,Nebraska,Dawes,1980,2402
31047,Nebraska,Dawson,1980,6715
31049,Nebraska,Deuel,1980,666
31051,Nebraska,Dixon,1980,2119
31053,Nebraska,Dodge,1980,10053
31055,Nebraska,Douglas,1980,115538
31057,Nebraska,Dundy,1980,698
31059,Nebraska,Fillmore,1980,2145
31061,Nebraska,Franklin,1980,1070
31063,Nebraska,Frontier,1980,1010
31065,Nebraska,Furnas,1980,1570
31067,Nebraska,Gage,1980,6129
31069,Nebraska,Garden,1980,658
31071,Nebraska,Garfield,1980,640
31073,Nebraska,Gosper,1980,590
31075,Nebraska,Grant,1980,267
31077,Nebraska,Greeley,1980,1077
31079,Nebraska,Hall,1980,14357
31081,Nebraska,Hamilton,1980,2814
31083,Nebraska,Harlan,1980,1086
31085,Nebraska,Hayes,1980,393
31087,Nebraska,Hitchcock,1980,1146
31089,Nebraska,Holt,1980,4207
31091,Nebraska,Hooker,1980,261
31093,Nebraska,Howard,1980,2080
31095,Nebraska,Jefferson,1980,2345
31097,Nebraska,Johnson,1980,1370
31099,Nebraska,Kearney,1980,1935
31101,Nebraska,Keith,1980,2724
31103,Nebraska,Keya Paha,1980,385
31105,Nebraska,Kimball,1980,1438
31107,Nebraska,Knox,1980,3294
31109,Nebraska,Lancaster,1980,47045
31111,Nebraska,Lincoln,1980,11184
31113,Nebraska,Logan,1980,309
31115,Nebraska,Loup,1980,241
31117,Nebraska,McPherson,1980,161
31119,Nebraska,Madison,1980,8606
31121,Nebraska,Merrick,1980,2750
31123,Nebraska,Morrill,1980,1757
31125,Nebraska,Nance,1980,1392
31127,Nebraska,Nemaha,1980,2079
31129,Nebraska,Nuckolls,1980,1815
31131,Nebraska,Otoe,1980,4096
31133,Nebraska,Pawnee,1980,908
31135,Nebraska,Perkins,1980,1030
31137,Nebraska,Phelps,1980,2639
31139,Nebraska,Pierce,1980,2484
31141,Nebraska,Platte,1980,9002
31143,Nebraska,Polk,1980,1820
31145,Nebraska,Red Willow,1980,3499
31147,Nebraska,Richardson,1980,2811
31149,Nebraska,Rock,1980,714
31151,Nebraska,Saline,1980,3239
31153,Nebraska,Sarpy,1980,30659
31155,Nebraska,Saunders,1980,5565
31157,Nebraska,Scotts Bluff,1980,11563
31159,Nebraska,Seward,1980,4205
31161,Nebraska,Sheridan,1980,2169
31163,Nebraska,Sherman,1980,1250
31165,Nebraska,Sioux,1980,518
31167,Nebraska,Stanton,1980,2226
31169,Nebraska,Thayer,1980,1940
31171,Nebraska,Thomas,1980,297
31173,Nebraska,Thurston,1980,2450
31175,Nebraska,Valley,1980,1540
31177,Nebraska,Washington,1980,4659
31179,Nebraska,Wayne,1980,2320
31181,Nebraska,Webster,1980,1258
31183,Nebraska,Wheeler,1980,352
31185,Nebraska,York,1980,4117
32001,Nevada,Churchill,1980,4039
32003,Nevada,Clark,1980,128637
32005,Nevada,Douglas,1980,5041
32007,Nevada,Elko,1980,5396
32009,Nevada,Esmeralda,1980,197
32011,Nevada,Eureka,1980,357
32013,Nevada,Humboldt,1980,2812
32015,Nevada,Lander,1980,1299
32017,Nevada,Lincoln,1980,1346
32019,Nevada,Lyon,1980,3956
32021,Nevada,Mineral,1980,1877
32023,Nevada,Nye,1980,2601
32027,Nevada,Pershing,1980,952
32029,Nevada,Storey,1980,363
32031,Nevada,Washoe,1980,46280
32033,Nevada,White Pine,1980,2472
32510,Nevada,Carson City,1980,8174
33001,New Hampshire,Belknap,1980,11850
33003,New Hampshire,Carroll,1980,6953
33005,New Hampshire,Cheshire,1980,16727
33007,New Hampshire,Coos,1980,9839
33009,New Hampshire,Grafton,1980,16249
33011,New Hampshire,Hillsborough,1980,81027
33013,New Hampshire,Merrimack,1980,26825
33015,New Hampshire,Rockingham,1980,55977
33017,New Hampshire,Strafford,1980,22360
33019,New Hampshire,Sullivan,1980,10275
34001,New Jersey,Atlantic,1980,51062
34003,New Jersey,Bergen,1980,199135
34005,New Jersey,Burlington,1980,107342
34007,New Jersey,Camden,1980,137437
34009,New Jersey,Cape May,1980,19331
34011,New Jersey,Cumberland,1980,40431
34013,New Jersey,Essex,1980,240472
34015,New Jersey,Gloucester,1980,60200
34017,New Jersey,Hudson,1980,144823
34019,New Jersey,Hunterdon,1980,25735
34021,New Jersey,Mercer,1980,78416
34023,New Jersey,Middlesex,1980,154336
34025,New Jersey,Monmouth,1980,143921
34027,New Jersey,Morris,1980,115709
34029,New Jersey,Ocean,1980,91166
34031,New Jersey,Passaic,1980,122996
34033,New Jersey,Salem,1980,19151
34035,New Jersey,Somerset,1980,54312
34037,New Jersey,Sussex,1980,37253
34039,New Jersey,Union,1980,123877
34041,New Jersey,Warren,1980,23756
35001,New Mexico,Bernalillo,1980,121853
35003,New Mexico,Catron,1980,854
35005,New Mexico,Chaves,1980,15418
35007,New Mexico,Colfax,1980,4405
35009,New Mexico,Curry,1980,13765
35011,New Mexico,De Baca,1980,626
35013,New Mexico,Dona Ana,1980,31148
35015,New Mexico,Eddy,1980,15138
35017,New Mexico,Grant,1980,8852
35019,New Mexico,Guadalupe,1980,1556
35021,New Mexico,Harding,1980,290
35023,New Mexico,Hidalgo,1980,2265
35025,New Mexico,Lea,1980,19127
35027,New Mexico,Lincoln,1980,3139
35028,New Mexico,Los Alamos,1980,5581
35029,New Mexico,Luna,1980,4789
35031,New Mexico,McKinley,1980,23592
35033,New Mexico,Mora,1980,1413
35035,New Mexico,Otero,1980,14657
35037,New Mexico,Quay,1980,3242
35039,New Mexico,Rio Arriba,1980,10702
35041,New Mexico,Roosevelt,1980,4269
35043,New Mexico,Sandoval,1980,11829
35045,New Mexico,San Juan,1980,30638
35047,New Mexico,San Miguel,1980,7251
35049,New Mexico,Santa Fe,1980,22749
35051,New Mexico,Sierra,1980,1868
35053,New Mexico,Socorro,1980,4211
35055,New Mexico,Taos,1980,6672
35057,New Mexico,Torrance,1980,2459
35059,New Mexico,Union,1980,1426
35061,New Mexico,Valencia,1980,22123
36001,New York,Albany,1980,69165
36003,New York,Allegany,1980,14639
36005,New York,Bronx,1980,341710
36007,New York,Broome,1980,55545
36009,New York,Cattaraugus,1980,25684
36011,New York,Cayuga,1980,23403
36013,New York,Chautauqua,1980,40263
36015,New York,Chemung,1980,27481
36017,New York,Chenango,1980,15400
36019,New York,Clinton,1980,22905
36021,New York,Columbia,1980,16161
36023,New York,Cortland,1980,13503
36025,New York,Delaware,1980,12727
36027,New York,Dutchess,1980,68463
36029,New York,Erie,1980,270138
36031,New York,Essex,1980,10387
36033,New York,Franklin,1980,13696
36035,New York,Fulton,1980,15878
36037,New York,Genesee,1980,17958
36039,New York,Greene,1980,10834
36041,New York,Hamilton,1980,1359
36043,New York,Herkimer,1980,19048
36045,New York,Jefferson,1980,27103
36047,New York,Kings,1980,631515
36049,New York,Lewis,1980,8378
36051,New York,Livingston,1980,16009
36053,New York,Madison,1980,19179
36055,New York,Monroe,1980,191828
36057,New York,Montgomery,1980,13950
36059,New York,Nassau,1980,339028
36061,New York,New York,1980,253244
36063,New York,Niagara,1980,63344
36065,New York,Oneida,1980,70688
36067,New York,Onondaga,1980,128109
36069,New York,Ontario,1980,25153
36071,New York,Orange,1980,79238
36073,New York,Orleans,1980,11809
36075,New York,Oswego,1980,35293
36077,New York,Otsego,1980,14495
36079,New York,Putnam,1980,24550
36081,New York,Queens,1980,436474
36083,New York,Rensselaer,1980,41968
36085,New York,Richmond,1980,102524
36087,New York,Rockland,1980,80249
36089,New York,St Lawrence,1980,33272
36091,New York,Saratoga,1980,47637
36093,New York,Schenectady,1980,38397
36095,New York,Schoharie,1980,8011
36097,New York,Schuyler,1980,5416
36099,New York,Seneca,1980,9377
36101,New York,Steuben,1980,29710
36103,New York,Suffolk,1980,405724
36105,New York,Sullivan,1980,16987
36107,New York,Tioga,1980,16319
36109,New York,Tompkins,1980,18832
36111,New York,Ulster,1980,42370
36113,New York,Warren,1980,16362
36115,New York,Washington,1980,16899
36117,New York,Wayne,1980,26464
36119,New York,Westchester,1980,217456
36121,New York,Wyoming,1980,12138
36123,New York,Yates,1980,6017
37001,North Carolina,Alamance,1980,26103
37003,North Carolina,Alexander,1980,7438
37005,North Carolina,Alleghany,1980,2515
37007,North Carolina,Anson,1980,8153
37009,North Carolina,Ashe,1980,6036
37011,North Carolina,Avery,1980,3980
37013,North Carolina,Beaufort,1980,12005
37015,North Carolina,Bertie,1980,6672
37017,North Carolina,Bladen,1980,9462
37019,North Carolina,Brunswick,1980,10820
37021,North Carolina,Buncombe,1980,41594
37023,North Carolina,Burke,1980,20796
37025,North Carolina,Cabarrus,1980,23795
37027,North Carolina,Caldwell,1980,20116
37029,North Carolina,Camden,1980,1735
37031,North Carolina,Carteret,1980,10855
37033,North Carolina,Caswell,1980,6140
37035,North Carolina,Catawba,1980,30095
37037,North Carolina,Chatham,1980,8861
37039,North Carolina,Cherokee,1980,5309
37041,North Carolina,Chowan,1980,3611
37043,North Carolina,Clay,1980,1685
37045,North Carolina,Cleveland,1980,24873
37047,North Carolina,Columbus,1980,15689
37049,North Carolina,Craven,1980,21130
37051,North Carolina,Cumberland,1980,76583
37053,North Carolina,Currituck,1980,3174
37055,North Carolina,Dare,1980,3110
37057,North Carolina,Davidson,1980,32572
37059,North Carolina,Davie,1980,7096
37061,North Carolina,Duplin,1980,12431
37063,North Carolina,Durham,1980,38764
37065,North Carolina,Edgecombe,1980,17844
37067,North Carolina,Forsyth,1980,64304
37069,North Carolina,Franklin,1980,8417
37071,North Carolina,Gaston,1980,47846
37073,North Carolina,Gates,1980,2498
37075,North Carolina,Graham,1980,2149
37077,North Carolina,Granville,1980,9763
37079,North Carolina,Greene,1980,5065
37081,North Carolina,Guilford,1980,84659
37083,North Carolina,Halifax,1980,17074
37085,North Carolina,Harnett,1980,17213
37087,North Carolina,Haywood,1980,12144
37089,North Carolina,Henderson,1980,15031
37091,North Carolina,Hertford,1980,6901
37093,North Carolina,Hoke,1980,7098
37095,North Carolina,Hyde,1980,1736
37097,North Carolina,Iredell,1980,23610
37099,North Carolina,Jackson,1980,6210
37101,North Carolina,Johnston,1980,20441
37103,North Carolina,Jones,1980,2974
37105,North Carolina,Lee,1980,10732
37107,North Carolina,Lenoir,1980,17820
37109,North Carolina,Lincoln,1980,12531
37111,North Carolina,McDowell,1980,10222
37113,North Carolina,Macon,1980,4919
37115,North Carolina,Madison,1980,4262
37117,North Carolina,Martin,1980,7942
37119,North Carolina,Mecklenburg,1980,112387
37121,North Carolina,Mitchell,1980,3646
37123,North Carolina,Montgomery,1980,6595
37125,North Carolina,Moore,1980,13611
37127,North Carolina,Nash,1980,19804
37129,North Carolina,New Hanover,1980,28788
37131,North Carolina,Northampton,1980,6614
37133,North Carolina,Onslow,1980,30224
37135,North Carolina,Orange,1980,15879
37137,North Carolina,Pamlico,1980,2960
37139,North Carolina,Pasquotank,1980,7891
37141,North Carolina,Pender,1980,6720
37143,North Carolina,Perquimans,1980,2616
37145,North Carolina,Person,1980,8423
37147,North Carolina,Pitt,1980,23481
37149,North Carolina,Polk,1980,3087
37151,North Carolina,Randolph,1980,25955
37153,North Carolina,Richmond,1980,13606
37155,North Carolina,Robeson,1980,35367
37157,North Carolina,Rockingham,1980,23652
37159,North Carolina,Rowan,1980,25770
37161,North Carolina,Rutherford,1980,15331
37163,North Carolina,Sampson,1980,14885
37165,North Carolina,Scotland,1980,10655
37167,North Carolina,Stanly,1980,13139
37169,North Carolina,Stokes,1980,9951
37171,North Carolina,Surry,1980,16550
37173,North Carolina,Swain,1980,2990
37175,North Carolina,Transylvania,1980,6379
37177,North Carolina,Tyrrell,1980,1172
37179,North Carolina,Union,1980,22153
37181,North Carolina,Vance,1980,11316
37183,North Carolina,Wake,1980,78833
37185,North Carolina,Warren,1980,4813
37187,North Carolina,Washington,1980,4809
37189,North Carolina,Watauga,1980,6697
37191,North Carolina,Wayne,1980,29320
37193,North Carolina,Wilkes,1980,16760
37195,North Carolina,Wilson,1980,18615
37197,North Carolina,Yadkin,1980,7589
37199,North Carolina,Yancey,1980,4099
38001,North Dakota,Adams,1980,1021
38003,North Dakota,Barnes,1980,3644
38005,North Dakota,Benson,1980,2845
38007,North Dakota,Billings,1980,380
38009,North Dakota,Bottineau,1980,2601
38011,North Dakota,Bowman,1980,1361
38013,North Dakota,Burke,1980,1040
38015,North Dakota,Burleigh,1980,16383
38017,North Dakota,Cass,1980,23021
38019,North Dakota,Cavalier,1980,2263
38021,North Dakota,Dickey,1980,2090
38023,North Dakota,Divide,1980,897
38025,North Dakota,Dunn,1980,1493
38027,North Dakota,Eddy,1980,980
38029,North Dakota,Emmons,1980,1940
38031,North Dakota,Foster,1980,1415
38033,North Dakota,Golden Valley,1980,752
38035,North Dakota,Grand Forks,1980,18276
38037,North Dakota,Grant,1980,1341
38039,North Dakota,Griggs,1980,958
38041,North Dakota,Hettinger,1980,1269
38043,North Dakota,Kidder,1980,1201
38045,North Dakota,LaMoure,1980,1893
38047,North Dakota,Logan,1980,1034
38049,North Dakota,McHenry,1980,2311
38051,North Dakota,McIntosh,1980,1145
38053,North Dakota,McKenzie,1980,2382
38055,North Dakota,McLean,1980,3832
38057,North Dakota,Mercer,1980,2928
38059,North Dakota,Morton,1980,8275
38061,North Dakota,Mountrail,1980,2392
38063,North Dakota,Nelson,1980,1304
38065,North Dakota,Oliver,1980,842
38067,North Dakota,Pembina,1980,3033
38069,North Dakota,Pierce,1980,1935
38071,North Dakota,Ramsey,1980,3811
38073,North Dakota,Ransom,1980,1911
38075,North Dakota,Renville,1980,1097
38077,North Dakota,Richland,1980,4805
38079,North Dakota,Rolette,1980,4899
38081,North Dakota,Sargent,1980,1681
38083,North Dakota,Sheridan,1980,777
38085,North Dakota,Sioux,1980,1602
38087,North Dakota,Slope,1980,367
38089,North Dakota,Stark,1980,7443
38091,North Dakota,Steele,1980,895
38093,North Dakota,Stutsman,1980,6743
38095,North Dakota,Towner,1980,1118
38097,North Dakota,Traill,1980,2525
38099,North Dakota,Walsh,1980,4343
38101,North Dakota,Ward,1980,17918
38103,North Dakota,Wells,1980,1973
38105,North Dakota,Williams,1980,6606
39001,Ohio,Adams,1980,7900
39003,Ohio,Allen,1980,34319
39005,Ohio,Ashland,1980,13431
39007,Ohio,Ashtabula,1980,31898
39009,Ohio,Athens,1980,13135
39011,Ohio,Auglaize,1980,13163
39013,Ohio,Belmont,1980,22272
39015,Ohio,Brown,1980,10297
39017,Ohio,Butler,1980,74472
39019,Ohio,Carroll,1980,8026
39021,Ohio,Champaign,1980,10097
39023,Ohio,Clark,1980,43616
39025,Ohio,Clermont,1980,42646
39027,Ohio,Clinton,1980,10341
39029,Ohio,Columbiana,1980,33301
39031,Ohio,Coshocton,1980,10616
39033,Ohio,Crawford,1980,14817
39035,Ohio,Cuyahoga,1980,388302
39037,Ohio,Darke,1980,17217
39039,Ohio,Defiance,1980,13067
39041,Ohio,Delaware,1980,16032
39043,Ohio,Erie,1980,23673
39045,Ohio,Fairfield,1980,29623
39047,Ohio,Fayette,1980,8121
39049,Ohio,Franklin,1980,236015
39051,Ohio,Fulton,1980,12297
39053,Ohio,Gallia,1980,8706
39055,Ohio,Geauga,1980,24660
39057,Ohio,Greene,1980,37983
39059,Ohio,Guernsey,1980,12326
39061,Ohio,Hamilton,1980,243172
39063,Ohio,Hancock,1980,19279
39065,Ohio,Hardin,1980,9316
39067,Ohio,Harrison,1980,5293
39069,Ohio,Henry,1980,8750
39071,Ohio,Highland,1980,10036
39073,Ohio,Hocking,1980,7339
39075,Ohio,Holmes,1980,11013
39077,Ohio,Huron,1980,17593
39079,Ohio,Jackson,1980,9280
39081,Ohio,Jefferson,1980,24787
39083,Ohio,Knox,1980,12709
39085,Ohio,Lake,1980,63355
39087,Ohio,Lawrence,1980,19702
39089,Ohio,Licking,1980,35682
39091,Ohio,Logan,1980,11648
39093,Ohio,Lorain,1980,87607
39095,Ohio,Lucas,1980,135867
39097,Ohio,Madison,1980,9798
39099,Ohio,Mahoning,1980,77813
39101,Ohio,Marion,1980,20339
39103,Ohio,Medina,1980,37745
39105,Ohio,Meigs,1980,7054
39107,Ohio,Mercer,1980,12649
39109,Ohio,Miami,1980,27064
39111,Ohio,Monroe,1980,5261
39113,Ohio,Montgomery,1980,159953
39115,Ohio,Morgan,1980,4404
39117,Ohio,Morrow,1980,8722
39119,Ohio,Muskingum,1980,24912
39121,Ohio,Noble,1980,3443
39123,Ohio,Ottawa,1980,11684
39125,Ohio,Paulding,1980,7199
39127,Ohio,Perry,1980,10090
39129,Ohio,Pickaway,1980,13226
39131,Ohio,Pike,1980,7157
39133,Ohio,Portage,1980,39313
39135,Ohio,Preble,1980,11662
39137,Ohio,Putnam,1980,11299
39139,Ohio,Richland,1980,38463
39141,Ohio,Ross,1980,18644
39143,Ohio,Sandusky,1980,19952
39145,Ohio,Scioto,1980,25223
39147,Ohio,Seneca,1980,19313
39149,Ohio,Shelby,1980,14130
39151,Ohio,Stark,1980,107676
39153,Ohio,Summit,1980,143719
39155,Ohio,Trumbull,1980,70131
39157,Ohio,Tuscarawas,1980,24027
39159,Ohio,Union,1980,9027
39161,Ohio,Van Wert,1980,8910
39163,Ohio,Vinton,1980,3632
39165,Ohio,Warren,1980,30953
39167,Ohio,Washington,1980,18873
39169,Ohio,Wayne,1980,29692
39171,Ohio,Williams,1980,11102
39173,Ohio,Wood,1980,28488
39175,Ohio,Wyandot,1980,6781
40001,Oklahoma,Adair,1980,6163
40003,Oklahoma,Alfalfa,1980,1788
40005,Oklahoma,Atoka,1980,3488
40007,Oklahoma,Beaver,1980,2026
40009,Oklahoma,Beckham,1980,5255
40011,Oklahoma,Blaine,1980,3805
40013,Oklahoma,Bryan,1980,8106
40015,Oklahoma,Caddo,1980,9366
40017,Oklahoma,Canadian,1980,18662
40019,Oklahoma,Carter,1980,12441
40021,Oklahoma,Cherokee,1980,9066
40023,Oklahoma,Choctaw,1980,5204
40025,Oklahoma,Cimarron,1980,1056
40027,Oklahoma,Cleveland,1980,37910
40029,Oklahoma,Coal,1980,1737
40031,Oklahoma,Comanche,1980,34206
40033,Oklahoma,Cotton,1980,2006
40035,Oklahoma,Craig,1980,3900
40037,Oklahoma,Creek,1980,18204
40039,Oklahoma,Custer,1980,6629
40041,Oklahoma,Delaware,1980,6642
40043,Oklahoma,Dewey,1980,1575
40045,Oklahoma,Ellis,1980,1547
40047,Oklahoma,Garfield,1980,17302
40049,Oklahoma,Garvin,1980,7566
40051,Oklahoma,Grady,1980,11810
40053,Oklahoma,Grant,1980,1605
40055,Oklahoma,Greer,1980,1522
40057,Oklahoma,Harmon,1980,1224
40059,Oklahoma,Harper,1980,1190
40061,Oklahoma,Haskell,1980,3101
40063,Oklahoma,Hughes,1980,3776
40065,Oklahoma,Jackson,1980,9469
40067,Oklahoma,Jefferson,1980,2268
40069,Oklahoma,Johnston,1980,2922
40071,Oklahoma,Kay,1980,13168
40073,Oklahoma,Kingfisher,1980,4193
40075,Oklahoma,Kiowa,1980,3284
40077,Oklahoma,Latimer,1980,2759
40079,Oklahoma,Le Flore,1980,12250
40081,Oklahoma,Lincoln,1980,7896
40083,Oklahoma,Logan,1980,7837
40085,Oklahoma,Love,1980,2142
40087,Oklahoma,McClain,1980,6284
40089,Oklahoma,McCurtain,1980,12011
40091,Oklahoma,McIntosh,1980,3939
40093,Oklahoma,Major,1980,2494
40095,Oklahoma,Marshall,1980,2618
40097,Oklahoma,Mayes,1980,9574
40099,Oklahoma,Murray,1980,3464
40101,Oklahoma,Muskogee,1980,19476
40103,Oklahoma,Noble,1980,3210
40105,Oklahoma,Nowata,1980,3160
40107,Oklahoma,Okfuskee,1980,3252
40109,Oklahoma,Oklahoma,1980,156315
40111,Oklahoma,Okmulgee,1980,10761
40113,Oklahoma,Osage,1980,11351
40115,Oklahoma,Ottawa,1980,9006
40117,Oklahoma,Pawnee,1980,4315
40119,Oklahoma,Payne,1980,12676
40121,Oklahoma,Pittsburg,1980,10947
40123,Oklahoma,Pontotoc,1980,8368
40125,Oklahoma,Pottawatomie,1980,15777
40127,Oklahoma,Pushmataha,1980,3419
40129,Oklahoma,Roger Mills,1980,1347
40131,Oklahoma,Rogers,1980,14905
40133,Oklahoma,Seminole,1980,7815
40135,Oklahoma,Sequoyah,1980,9973
40137,Oklahoma,Stephens,1980,11809
40139,Oklahoma,Texas,1980,5370
40141,Oklahoma,Tillman,1980,3703
40143,Oklahoma,Tulsa,1980,129514
40145,Oklahoma,Wagoner,1980,14372
40147,Oklahoma,Washington,1980,12910
40149,Oklahoma,Washita,1980,3829
40151,Oklahoma,Woods,1980,2380
40153,Oklahoma,Woodward,1980,6474
41001,Oregon,Baker,1980,4541
41003,Oregon,Benton,1980,15431
41005,Oregon,Clackamas,1980,72965
41007,Oregon,Clatsop,1980,8585
41009,Oregon,Columbia,1980,11209
41011,Oregon,Coos,1980,18204
41013,Oregon,Crook,1980,3786
41015,Oregon,Curry,1980,4289
41017,Oregon,Deschutes,1980,18012
41019,Oregon,Douglas,1980,28641
41021,Oregon,Gilliam,1980,566
41023,Oregon,Grant,1980,2420
41025,Oregon,Harney,1980,2536
41027,Oregon,Hood River,1980,4496
41029,Oregon,Jackson,1980,36629
41031,Oregon,Jefferson,1980,3826
41033,Oregon,Josephine,1980,16501
41035,Oregon,Klamath,1980,17758
41037,Oregon,Lake,1980,2263
41039,Oregon,Lane,1980,73540
41041,Oregon,Lincoln,1980,8342
41043,Oregon,Linn,1980,26808
41045,Oregon,Malheur,1980,8595
41047,Oregon,Marion,1980,57911
41049,Oregon,Morrow,1980,2421
41051,Oregon,Multnomah,1980,132981
41053,Oregon,Polk,1980,12742
41055,Oregon,Sherman,1980,640
41057,Oregon,Tillamook,1980,5514
41059,Oregon,Umatilla,1980,17530
41061,Oregon,Union,1980,7119
41063,Oregon,Wallowa,1980,2014
41065,Oregon,Wasco,1980,6271
41067,Oregon,Washington,1980,71207
41069,Oregon,Wheeler,1980,420
41071,Oregon,Yamhill,1980,16344
42001,Pennsylvania,Adams,1980,19430
42003,Pennsylvania,Allegheny,1980,345486
42005,Pennsylvania,Armstrong,1980,21007
42007,Pennsylvania,Beaver,1980,54404
42009,Pennsylvania,Bedford,1980,13806
42011,Pennsylvania,Berks,1980,79022
42013,Pennsylvania,Blair,1980,37521
42015,Pennsylvania,Bradford,1980,19669
42017,Pennsylvania,Bucks,1980,142725
42019,Pennsylvania,Butler,1980,42473
42021,Pennsylvania,Cambria,1980,49477
42023,Pennsylvania,Cameron,1980,1821
42025,Pennsylvania,Carbon,1980,13556
42027,Pennsylvania,Centre,1980,24308
42029,Pennsylvania,Chester,1980,90306
42031,Pennsylvania,Clarion,1980,11844
42033,Pennsylvania,Clearfield,1980,24710
42035,Pennsylvania,Clinton,1980,10380
42037,Pennsylvania,Columbia,1980,15548
42039,Pennsylvania,Crawford,1980,25781
42041,Pennsylvania,Cumberland,1980,45870
42043,Pennsylvania,Dauphin,1980,60721
42045,Pennsylvania,Delaware,1980,141042
42047,Pennsylvania,Elk,1980,11577
42049,Pennsylvania,Erie,1980,81026
42051,Pennsylvania,Fayette,1980,44189
42053,Pennsylvania,Forest,1980,1359
42055,Pennsylvania,Franklin,1980,32147
42057,Pennsylvania,Fulton,1980,3951
42059,Pennsylvania,Greene,1980,11807
42061,Pennsylvania,Huntingdon,1980,11863
42063,Pennsylvania,Indiana,1980,24485
42065,Pennsylvania,Jefferson,1980,13669
42067,Pennsylvania,Juniata,1980,5581
42069,Pennsylvania,Lackawanna,1980,55554
42071,Pennsylvania,Lancaster,1980,102346
42073,Pennsylvania,Lawrence,1980,27789
42075,Pennsylvania,Lebanon,1980,29843
42077,Pennsylvania,Lehigh,1980,67194
42079,Pennsylvania,Luzerne,1980,83551
42081,Pennsylvania,Lycoming,1980,32788
42083,Pennsylvania,McKean,1980,14459
42085,Pennsylvania,Mercer,1980,34291
42087,Pennsylvania,Mifflin,1980,13586
42089,Pennsylvania,Monroe,1980,17828
42091,Pennsylvania,Montgomery,1980,163417
42093,Pennsylvania,Montour,1980,4305
42095,Pennsylvania,Northampton,1980,57144
42097,Pennsylvania,Northumberland,1980,25994
42099,Pennsylvania,Perry,1980,10798
42101,Pennsylvania,Philadelphia,1980,437158
42103,Pennsylvania,Pike,1980,4402
42105,Pennsylvania,Potter,1980,5553
42107,Pennsylvania,Schuylkill,1980,40014
42109,Pennsylvania,Snyder,1980,9336
42111,Pennsylvania,Somerset,1980,22765
42113,Pennsylvania,Sullivan,1980,1780
42115,Pennsylvania,Susquehanna,1980,11407
42117,Pennsylvania,Tioga,1980,12198
42119,Pennsylvania,Union,1980,8238
42121,Pennsylvania,Venango,1980,18181
42123,Pennsylvania,Warren,1980,13444
42125,Pennsylvania,Washington,1980,56111
42127,Pennsylvania,Wayne,1980,10029
42129,Pennsylvania,Westmoreland,1980,104361
42131,Pennsylvania,Wyoming,1980,8426
42133,Pennsylvania,York,1980,86445
44001,Rhode Island,Bristol,1980,12152
44003,Rhode Island,Kent,1980,42209
44005,Rhode Island,Newport,1980,22207
44007,Rhode Island,Providence,1980,141044
44009,Rhode Island,Washington,1980,25239
45001,South Carolina,Abbeville,1980,6588
45003,South Carolina,Aiken,1980,32361
45005,South Carolina,Allendale,1980,3620
45007,South Carolina,Anderson,1980,38678
45009,South Carolina,Bamberg,1980,5770
45011,South Carolina,Barnwell,1980,6712
45013,South Carolina,Beaufort,1980,18188
45015,South Carolina,Berkeley,1980,33682
45017,South Carolina,Calhoun,1980,3929
45019,South Carolina,Charleston,1980,77551
45021,South Carolina,Cherokee,1980,12700
45023,South Carolina,Chester,1980,9354
45025,South Carolina,Chesterfield,1980,12271
45027,South Carolina,Clarendon,1980,9170
45029,South Carolina,Colleton,1980,10338
45031,South Carolina,Darlington,1980,20730
45033,South Carolina,Dillon,1980,11210
45035,South Carolina,Dorchester,1980,20168
45037,South Carolina,Edgefield,1980,5681
45039,South Carolina,Fairfield,1980,6764
45041,South Carolina,Florence,1980,35539
45043,South Carolina,Georgetown,1980,14578
45045,South Carolina,Greenville,1980,80923
45047,South Carolina,Greenwood,1980,16676
45049,South Carolina,Hampton,1980,6120
45051,South Carolina,Horry,1980,30490
45053,South Carolina,Jasper,1980,5155
45055,South Carolina,Kershaw,1980,12260
45057,South Carolina,Lancaster,1980,16616
45059,South Carolina,Laurens,1980,15024
45061,South Carolina,Lee,1980,6611
45063,South Carolina,Lexington,1980,43423
45065,South Carolina,McCormick,1980,2568
45067,South Carolina,Marion,1980,11620
45069,South Carolina,Marlboro,1980,10983
45071,South Carolina,Newberry,1980,8470
45073,South Carolina,Oconee,1980,14205
45075,South Carolina,Orangeburg,1980,26163
45077,South Carolina,Pickens,1980,20916
45079,South Carolina,Richland,1980,71113
45081,South Carolina,Saluda,1980,4957
45083,South Carolina,Spartanburg,1980,57724
45085,South Carolina,Sumter,1980,29360
45087,South Carolina,Union,1980,8863
45089,South Carolina,Williamsburg,1980,13765
45091,South Carolina,York,1980,32379
46003,South Dakota,Aurora,1980,1114
46005,South Dakota,Beadle,1980,5251
46007,South Dakota,Bennett,1980,1120
46009,South Dakota,Bon Homme,1980,2104
46011,South Dakota,Brookings,1980,5591
46013,South Dakota,Brown,1980,10459
46015,South Dakota,Brule,1980,1649
46017,South Dakota,Buffalo,1980,823
46019,South Dakota,Butte,1980,2535
46021,South Dakota,Campbell,1980,613
46023,South Dakota,Charles Mix,1980,3256
46025,South Dakota,Clark,1980,1343
46027,South Dakota,Clay,1980,2899
46029,South Dakota,Codington,1980,6160
46031,South Dakota,Corson,1980,2031
46033,South Dakota,Custer,1980,1784
46035,South Dakota,Davison,1980,4990
46037,South Dakota,Day,1980,2343
46039,South Dakota,Deuel,1980,1566
46041,South Dakota,Dewey,1980,2170
46043,South Dakota,Douglas,1980,1296
46045,South Dakota,Edmunds,1980,1582
46047,South Dakota,Fall River,1980,2322
46049,South Dakota,Faulk,1980,990
46051,South Dakota,Grant,1980,2848
46053,South Dakota,Gregory,1980,1728
46055,South Dakota,Haakon,1980,959
46057,South Dakota,Hamlin,1980,1535
46059,South Dakota,Hand,1980,1442
46061,South Dakota,Hanson,1980,1137
46063,South Dakota,Harding,1980,518
46065,South Dakota,Hughes,1980,4535
46067,South Dakota,Hutchinson,1980,2538
46069,South Dakota,Hyde,1980,626
46071,South Dakota,Jackson,1980,1346
46073,South Dakota,Jerauld,1980,842
46075,South Dakota,Jones,1980,441
46077,South Dakota,Kingsbury,1980,1751
46079,South Dakota,Lake,1980,2774
46081,South Dakota,Lawrence,1980,5011
46083,South Dakota,Lincoln,1980,4355
46085,South Dakota,Lyman,1980,1366
46087,South Dakota,McCook,1980,1956
46089,South Dakota,McPherson,1980,1039
46091,South Dakota,Marshall,1980,1581
46093,South Dakota,Meade,1980,6900
46095,South Dakota,Mellette,1980,837
46097,South Dakota,Miner,1980,1020
46099,South Dakota,Minnehaha,1980,31444
46101,South Dakota,Moody,1980,2063
46103,South Dakota,Pennington,1980,21113
46105,South Dakota,Perkins,1980,1324
46107,South Dakota,Potter,1980,1126
46109,South Dakota,Roberts,1980,3578
46111,South Dakota,Sanborn,1980,882
46113,South Dakota,Shannon,1980,5351
46115,South Dakota,Spink,1980,2505
46117,South Dakota,Stanley,1980,863
46119,South Dakota,Sully,1980,646
46121,South Dakota,Todd,1980,3264
46123,South Dakota,Tripp,1980,2258
46125,South Dakota,Turner,1980,2443
46127,South Dakota,Union,1980,3385
46129,South Dakota,Walworth,1980,2030
46135,South Dakota,Yankton,1980,5251
46137,South Dakota,Ziebach,1980,1004
47001,Tennessee,Anderson,1980,18584
47003,Tennessee,Bedford,1980,7950
47005,Tennessee,Benton,1980,3982
47007,Tennessee,Bledsoe,1980,2846
47009,Tennessee,Blount,1980,20974
47011,Tennessee,Bradley,1980,20386
47013,Tennessee,Campbell,1980,10716
47015,Tennessee,Cannon,1980,2823
47017,Tennessee,Carroll,1980,7745
47019,Tennessee,Carter,1980,13583
47021,Tennessee,Cheatham,1980,6990
47023,Tennessee,Chester,1980,3332
47025,Tennessee,Claiborne,1980,7410
47027,Tennessee,Clay,1980,2146
47029,Tennessee,Cocke,1980,8465
47031,Tennessee,Coffee,1980,11085
47033,Tennessee,Crockett,1980,4308
47035,Tennessee,Cumberland,1980,8587
47037,Tennessee,Davidson,1980,119677
47039,Tennessee,Decatur,1980,2919
47041,Tennessee,DeKalb,1980,3788
47043,Tennessee,Dickson,1980,9039
47045,Tennessee,Dyer,1980,10161
47047,Tennessee,Fayette,1980,8783
47049,Tennessee,Fentress,1980,4670
47051,Tennessee,Franklin,1980,9122
47053,Tennessee,Gibson,1980,13666
47055,Tennessee,Giles,1980,6826
47057,Tennessee,Grainger,1980,5011
47059,Tennessee,Greene,1980,15108
47061,Tennessee,Grundy,1980,4566
47063,Tennessee,Hamblen,1980,14578
47065,Tennessee,Hamilton,1980,78901
47067,Tennessee,Hancock,1980,2021
47069,Tennessee,Hardeman,1980,7599
47071,Tennessee,Hardin,1980,6446
47073,Tennessee,Hawkins,1980,12892
47075,Tennessee,Haywood,1980,6760
47077,Tennessee,Henderson,1980,6160
47079,Tennessee,Henry,1980,7441
47081,Tennessee,Hickman,1980,4224
47083,Tennessee,Houston,1980,1985
47085,Tennessee,Humphreys,1980,4809
47087,Tennessee,Jackson,1980,2592
47089,Tennessee,Jefferson,1980,8492
47091,Tennessee,Johnson,1980,4036
47093,Tennessee,Knox,1980,80636
47095,Tennessee,Lake,1980,2226
47097,Tennessee,Lauderdale,1980,7498
47099,Tennessee,Lawrence,1980,10254
47101,Tennessee,Lewis,1980,3145
47103,Tennessee,Lincoln,1980,7318
47105,Tennessee,Loudon,1980,7695
47107,Tennessee,McMinn,1980,12158
47109,Tennessee,McNairy,1980,6347
47111,Tennessee,Macon,1980,4468
47113,Tennessee,Madison,1980,21210
47115,Tennessee,Marion,1980,7460
47117,Tennessee,Marshall,1980,5413
47119,Tennessee,Maury,1980,14512
47121,Tennessee,Meigs,1980,2333
47123,Tennessee,Monroe,1980,8776
47125,Tennessee,Montgomery,1980,23848
47127,Tennessee,Moore,1980,1359
47129,Tennessee,Morgan,1980,5171
47131,Tennessee,Obion,1980,9352
47133,Tennessee,Overton,1980,5110
47135,Tennessee,Perry,1980,1697
47137,Tennessee,Pickett,1980,1228
47139,Tennessee,Polk,1980,4249
47141,Tennessee,Putnam,1980,11741
47143,Tennessee,Rhea,1980,7363
47145,Tennessee,Roane,1980,14005
47147,Tennessee,Robertson,1980,11098
47149,Tennessee,Rutherford,1980,23891
47151,Tennessee,Scott,1980,6576
47153,Tennessee,Sequatchie,1980,2728
47155,Tennessee,Sevier,1980,11700
47157,Tennessee,Shelby,1980,230671
47159,Tennessee,Smith,1980,4102
47161,Tennessee,Stewart,1980,2316
47163,Tennessee,Sullivan,1980,39583
47165,Tennessee,Sumner,1980,27204
47167,Tennessee,Tipton,1980,10863
47169,Tennessee,Trousdale,1980,1654
47171,Tennessee,Unicoi,1980,4362
47173,Tennessee,Union,1980,3579
47175,Tennessee,Van Buren,1980,1467
47177,Tennessee,Warren,1980,9471
47179,Tennessee,Washington,1980,23304
47181,Tennessee,Wayne,1980,4248
47183,Tennessee,Weakley,1980,7857
47185,Tennessee,White,1980,5464
47187,Tennessee,Williamson,1980,18451
47189,Tennessee,Wilson,1980,17215
48001,Texas,Anderson,1980,10014
48003,Texas,Andrews,1980,4499
48005,Texas,Angelina,1980,20378
48007,Texas,Aransas,1980,4053
48009,Texas,Archer,1980,2119
48011,Texas,Armstrong,1980,509
48013,Texas,Atascosa,1980,8638
48015,Texas,Austin,1980,4973
48017,Texas,Bailey,1980,2782
48019,Texas,Bandera,1980,1747
48021,Texas,Bastrop,1980,7165
48023,Texas,Baylor,1980,1174
48025,Texas,Bee,1980,8519
48027,Texas,Bell,1980,46076
48029,Texas,Bexar,1980,316573
48031,Texas,Blanco,1980,1178
48033,Texas,Borden,1980,272
48035,Texas,Bosque,1980,2970
48037,Texas,Bowie,1980,22331
48039,Texas,Brazoria,1980,52798
48041,Texas,Brazos,1980,21007
48043,Texas,Brewster,1980,2010
48045,Texas,Briscoe,1980,765
48047,Texas,Brooks,1980,2841
48049,Texas,Brown,1980,9202
48051,Texas,Burleson,1980,3440
48053,Texas,Burnet,1980,4403
48055,Texas,Caldwell,1980,7381
48057,Texas,Calhoun,1980,6406
48059,Texas,Callahan,1980,2928
48061,Texas,Cameron,1980,80400
48063,Texas,Camp,1980,2674
48065,Texas,Carson,1980,2004
48067,Texas,Cass,1980,8825
48069,Texas,Castro,1980,4198
48071,Texas,Chambers,1980,6117
48073,Texas,Cherokee,1980,10498
48075,Texas,Childress,1980,1783
48077,Texas,Clay,1980,2502
48079,Texas,Cochran,1980,1776
48081,Texas,Coke,1980,746
48083,Texas,Coleman,1980,2551
48085,Texas,Collin,1980,50956
48087,Texas,Collingsworth,1980,1320
48089,Texas,Colorado,1980,5120
48091,Texas,Comal,1980,10019
48093,Texas,Comanche,1980,3133
48095,Texas,Concho,1980,804
48097,Texas,Cooke,1980,7997
48099,Texas,Coryell,1980,15620
48101,Texas,Cottle,1980,781
48103,Texas,Crane,1980,1585
48105,Texas,Crockett,1980,1577
48107,Texas,Crosby,1980,3055
48109,Texas,Culberson,1980,1291
48111,Texas,Dallam,1980,2163
48113,Texas,Dallas,1980,449560
48115,Texas,Dawson,1980,5390
48117,Texas,Deaf Smith,1980,8118
48119,Texas,Delta,1980,1206
48121,Texas,Denton,1980,41676
48123,Texas,DeWitt,1980,5094
48125,Texas,Dickens,1980,978
48127,Texas,Dimmit,1980,4397
48129,Texas,Donley,1980,944
48131,Texas,Duval,1980,4342
48133,Texas,Eastland,1980,4443
48135,Texas,Ector,1980,35846
48137,Texas,Edwards,1980,728
48139,Texas,Ellis,1980,18678
48141,Texas,El Paso,1980,168990
48143,Texas,Erath,1980,5238
48145,Texas,Falls,1980,4660
48147,Texas,Fannin,1980,6078
48149,Texas,Fayette,1980,4336
48151,Texas,Fisher,1980,1631
48153,Texas,Floyd,1980,3319
48155,Texas,Foard,1980,532
48157,Texas,Fort Bend,1980,45571
48159,Texas,Franklin,1980,1822
48161,Texas,Freestone,1980,4178
48163,Texas,Frio,1980,5361
48165,Texas,Gaines,1980,4791
48167,Texas,Galveston,1980,58210
48169,Texas,Garza,1980,1725
48171,Texas,Gillespie,1980,3283
48173,Texas,Glasscock,1980,503
48175,Texas,Goliad,1980,1577
48177,Texas,Gonzales,1980,5045
48179,Texas,Gray,1980,7189
48181,Texas,Grayson,1980,23715
48183,Texas,Gregg,1980,28830
48185,Texas,Grimes,1980,3972
48187,Texas,Guadalupe,1980,13997
48189,Texas,Hale,1980,12616
48191,Texas,Hall,1980,1521
48193,Texas,Hamilton,1980,1819
48195,Texas,Hansford,1980,1949
48197,Texas,Hardeman,1980,1725
48199,Texas,Hardin,1980,13148
48201,Texas,Harris,1980,724466
48203,Texas,Harrison,1980,15902
48205,Texas,Hartley,1980,1249
48207,Texas,Haskell,1980,2034
48209,Texas,Hays,1980,9971
48211,Texas,Hemphill,1980,1730
48213,Texas,Henderson,1980,11041
48215,Texas,Hidalgo,1980,111316
48217,Texas,Hill,1980,6339
48219,Texas,Hockley,1980,7827
48221,Texas,Hood,1980,4483
48223,Texas,Hopkins,1980,6979
48225,Texas,Houston,1980,5437
48227,Texas,Howard,1980,9449
48229,Texas,Hudspeth,1980,1021
48231,Texas,Hunt,1980,14848
48233,Texas,Hutchinson,1980,7302
48235,Texas,Irion,1980,425
48237,Texas,Jack,1980,1942
48239,Texas,Jackson,1980,4001
48241,Texas,Jasper,1980,9657
48243,Texas,Jeff Davis,1980,473
48245,Texas,Jefferson,1980,71207
48247,Texas,Jim Hogg,1980,1824
48249,Texas,Jim Wells,1980,12817
48251,Texas,Johnson,1980,20750
48253,Texas,Jones,1980,4918
48255,Texas,Karnes,1980,4287
48257,Texas,Kaufman,1980,11488
48259,Texas,Kendall,1980,2969
48261,Texas,Kenedy,1980,167
48263,Texas,Kent,1980,283
48265,Texas,Kerr,1980,6574
48267,Texas,Kimble,1980,1095
48269,Texas,King,1980,135
48271,Texas,Kinney,1980,728
48273,Texas,Kleberg,1980,10599
48275,Texas,Knox,1980,1443
48277,Texas,Lamar,1980,12075
48279,Texas,Lamb,1980,6132
48281,Texas,Lampasas,1980,3519
48283,Texas,La Salle,1980,1998
48285,Texas,Lavaca,1980,4901
48287,Texas,Lee,1980,3268
48289,Texas,Leon,1980,2412
48291,Texas,Liberty,1980,14878
48293,Texas,Limestone,1980,5078
48295,Texas,Lipscomb,1980,1160
48297,Texas,Live Oak,1980,2891
48299,Texas,Llano,1980,1663
48301,Texas,Loving,1980,12
48303,Texas,Lubbock,1980,60937
48305,Texas,Lynn,1980,2983
48307,Texas,McCulloch,1980,2307
48309,Texas,McLennan,1980,45596
48311,Texas,McMullen,1980,199
48313,Texas,Madison,1980,2495
48315,Texas,Marion,1980,2907
48317,Texas,Martin,1980,1585
48319,Texas,Mason,1980,892
48321,Texas,Matagorda,1980,11894
48323,Texas,Maverick,1980,13141
48325,Texas,Medina,1980,7512
48327,Texas,Menard,1980,617
48329,Texas,Midland,1980,24850
48331,Texas,Milam,1980,6673
48333,Texas,Mills,1980,994
48335,Texas,Mitchell,1980,2705
48337,Texas,Montague,1980,4349
48339,Texas,Montgomery,1980,43752
48341,Texas,Moore,1980,5700
48343,Texas,Morris,1980,4320
48345,Texas,Motley,1980,479
48347,Texas,Nacogdoches,1980,11248
48349,Texas,Navarro,1980,9629
48351,Texas,Newton,1980,4425
48353,Texas,Nolan,1980,5099
48355,Texas,Nueces,1980,88431
48357,Texas,Ochiltree,1980,2969
48359,Texas,Oldham,1980,955
48361,Texas,Orange,1980,27362
48363,Texas,Palo Pinto,1980,6662
48365,Texas,Panola,1980,5887
48367,Texas,Parker,1980,12977
48369,Texas,Parmer,1980,4004
48371,Texas,Pecos,1980,5399
48373,Texas,Polk,1980,6962
48375,Texas,Potter,1980,28331
48377,Texas,Presidio,1980,1843
48379,Texas,Rains,1980,1214
48381,Texas,Randall,1980,21561
48383,Texas,Reagan,1980,1538
48385,Texas,Real,1980,747
48387,Texas,Red River,1980,4495
48389,Texas,Reeves,1980,5987
48391,Texas,Refugio,1980,2894
48393,Texas,Roberts,1980,392
48395,Texas,Robertson,1980,4317
48397,Texas,Rockwall,1980,4614
48399,Texas,Runnels,1980,3325
48401,Texas,Rusk,1980,11672
48403,Texas,Sabine,1980,2263
48405,Texas,San Augustine,1980,2490
48407,Texas,San Jacinto,1980,3502
48409,Texas,San Patricio,1980,21067
48411,Texas,San Saba,1980,1661
48413,Texas,Schleicher,1980,876
48415,Texas,Scurry,1980,5477
48417,Texas,Shackelford,1980,1085
48419,Texas,Shelby,1980,6487
48421,Texas,Sherman,1980,968
48423,Texas,Smith,1980,37185
48425,Texas,Somervell,1980,1210
48427,Texas,Starr,1980,11337
48429,Texas,Stephens,1980,2705
48431,Texas,Sterling,1980,377
48433,Texas,Stonewall,1980,601
48435,Texas,Sutton,1980,1745
48437,Texas,Swisher,1980,3243
48439,Texas,Tarrant,1980,247118
48441,Texas,Taylor,1980,30875
48443,Texas,Terrell,1980,497
48445,Texas,Terry,1980,5045
48447,Texas,Throckmorton,1980,479
48449,Texas,Titus,1980,6314
48451,Texas,Tom Green,1980,23162
48453,Texas,Travis,1980,107171
48455,Texas,Trinity,1980,2506
48457,Texas,Tyler,1980,4700
48459,Texas,Upshur,1980,8545
48461,Texas,Upton,1980,1595
48463,Texas,Uvalde,1980,7720
48465,Texas,Val Verde,1980,13436
48467,Texas,Van Zandt,1980,8482
48469,Texas,Victoria,1980,22313
48471,Texas,Walker,1980,7683
48473,Texas,Waller,1980,5316
48475,Texas,Ward,1980,4744
48477,Texas,Washington,1980,5661
48479,Texas,Webb,1980,39188
48481,Texas,Wharton,1980,12392
48483,Texas,Wheeler,1980,1988
48485,Texas,Wichita,1980,32584
48487,Texas,Wilbarger,1980,4213
48489,Texas,Willacy,1980,6743
48491,Texas,Williamson,1980,25325
48493,Texas,Wilson,1980,5429
48495,Texas,Winkler,1980,3323
48497,Texas,Wise,1980,7773
48499,Texas,Wood,1980,6190
48501,Texas,Yoakum,1980,2902
48503,Texas,Young,1980,5055
48505,Texas,Zapata,1980,2286
48507,Texas,Zavala,1980,4708
49001,Utah,Beaver,1980,1583
49003,Utah,Box Elder,1980,13346
49005,Utah,Cache,1980,19653
49007,Utah,Carbon,1980,7712
49009,Utah,Daggett,1980,291
49011,Utah,Davis,1980,60779
49013,Utah,Duchesne,1980,5450
49015,Utah,Emery,1980,4887
49017,Utah,Garfield,1980,1257
49019,Utah,Grand,1980,2917
49021,Utah,Iron,1980,6544
49023,Utah,Juab,1980,2111
49025,Utah,Kane,1980,1560
49027,Utah,Millard,1980,3599
49029,Utah,Morgan,1980,2061
49031,Utah,Piute,1980,481
49033,Utah,Rich,1980,832
49035,Utah,Salt Lake,1980,220176
49037,Utah,San Juan,1980,5805
49039,Utah,Sanpete,1980,5516
49041,Utah,Sevier,1980,5731
49043,Utah,Summit,1980,3605
49045,Utah,Tooele,1980,10300
49047,Utah,Uintah,1980,8499
49049,Utah,Utah,1980,81726
49051,Utah,Wasatch,1980,3363
49053,Utah,Washington,1980,9876
49055,Utah,Wayne,1980,713
49057,Utah,Weber,1980,49732
50001,Vermont,Addison,1980,8616
50003,Vermont,Bennington,1980,9330
50005,Vermont,Caledonia,1980,7585
50007,Vermont,Chittenden,1980,31792
50009,Vermont,Essex,1980,1939
50011,Vermont,Franklin,1980,11258
50013,Vermont,Grand Isle,1980,1380
50015,Vermont,Lamoille,1980,4830
50017,Vermont,Orange,1980,6845
50019,Vermont,Orleans,1980,7328
50021,Vermont,Rutland,1980,15825
50023,Vermont,Washington,1980,14642
50025,Vermont,Windham,1980,10055
50027,Vermont,Windsor,1980,13893
51001,Virginia,Accomack,1980,8354
51003,Virginia,Albemarle,1980,13544
51005,Virginia,Alleghany,1980,4319
51007,Virginia,Amelia,1980,2466
51009,Virginia,Amherst,1980,7946
51011,Virginia,Appomattox,1980,3549
51013,Virginia,Arlington,1980,24969
51015,Virginia,Augusta,1980,14972
51017,Virginia,Bath,1980,1515
51019,Virginia,Bedford,1980,9971
51021,Virginia,Bland,1980,1665
51023,Virginia,Botetourt,1980,6576
51025,Virginia,Brunswick,1980,4518
51027,Virginia,Buchanan,1980,13208
51029,Virginia,Buckingham,1980,3562
51031,Virginia,Campbell,1980,13775
51033,Virginia,Caroline,1980,5584
51035,Virginia,Carroll,1980,7437
51036,Virginia,Charles City,1980,2101
51037,Virginia,Charlotte,1980,3659
51041,Virginia,Chesterfield,1980,45454
51043,Virginia,Clarke,1980,2688
51045,Virginia,Craig,1980,1041
51047,Virginia,Culpeper,1980,6660
51049,Virginia,Cumberland,1980,2547
51051,Virginia,Dickenson,1980,6515
51053,Virginia,Dinwiddie,1980,6519
51057,Virginia,Essex,1980,2481
51059,Virginia,Fairfax,1980,175434
51061,Virginia,Fauquier,1980,10776
51063,Virginia,Floyd,1980,3018
51065,Virginia,Fluvanna,1980,3047
51067,Virginia,Franklin,1980,9793
51069,Virginia,Frederick,1980,10598
51071,Virginia,Giles,1980,5037
51073,Virginia,Gloucester,1980,5571
51075,Virginia,Goochland,1980,3171
51077,Virginia,Grayson,1980,4413
51079,Virginia,Greene,1980,2318
51081,Virginia,Greensville,1980,3651
51083,Virginia,Halifax,1980,8855
51085,Virginia,Hanover,1980,14532
51087,Virginia,Henrico,1980,46880
51089,Virginia,Henry,1980,17061
51091,Virginia,Highland,1980,687
51093,Virginia,Isle Of Wight,1980,6425
51095,Virginia,James City,1980,6427
51097,Virginia,King And Queen,1980,1630
51099,Virginia,King George,1980,3444
51101,Virginia,King William,1980,2797
51103,Virginia,Lancaster,1980,2292
51105,Virginia,Lee,1980,7853
51107,Virginia,Loudoun,1980,18837
51109,Virginia,Louisa,1980,5243
51111,Virginia,Lunenburg,1980,3468
51113,Virginia,Madison,1980,2900
51115,Virginia,Mathews,1980,1803
51117,Virginia,Mecklenburg,1980,8154
51119,Virginia,Middlesex,1980,1830
51121,Virginia,Montgomery,1980,12973
51125,Virginia,Nelson,1980,3308
51127,Virginia,New Kent,1980,2625
51131,Virginia,Northampton,1980,3952
51133,Virginia,Northumberland,1980,2192
51135,Virginia,Nottoway,1980,3943
51137,Virginia,Orange,1980,5096
51139,Virginia,Page,1980,5364
51141,Virginia,Patrick,1980,4922
51143,Virginia,Pittsylvania,1980,19173
51145,Virginia,Powhatan,1980,3916
51147,Virginia,Prince Edward,1980,3977
51149,Virginia,Prince George,1980,7834
51153,Virginia,Prince William,1980,52505
51155,Virginia,Pulaski,1980,10184
51157,Virginia,Rappahannock,1980,1615
51159,Virginia,Richmond,1980,1829
51161,Virginia,Roanoke,1980,19979
51163,Virginia,Rockbridge,1980,4892
51165,Virginia,Rockingham,1980,15373
51167,Virginia,Russell,1980,9537
51169,Virginia,Scott,1980,6886
51171,Virginia,Shenandoah,1980,7209
51173,Virginia,Smyth,1980,9121
51175,Virginia,Southampton,1980,5134
51177,Virginia,Spotsylvania,1980,12034
51179,Virginia,Stafford,1980,13395
51181,Virginia,Surry,1980,1822
51183,Virginia,Sussex,1980,3279
51185,Virginia,Tazewell,1980,15309
51187,Virginia,Warren,1980,5859
51191,Virginia,Washington,1980,13125
51193,Virginia,Westmoreland,1980,3826
51195,Virginia,Wise,1980,13468
51197,Virginia,Wythe,1980,7211
51199,Virginia,York,1980,11415
51510,Virginia,Alexandria City,1980,18938
51515,Virginia,Bedford City,1980,1307
51520,Virginia,Bristol City,1980,4707
51530,Virginia,Buena Vista City,1980,1904
51540,Virginia,Charlottesville City,1980,7636
51550,Virginia,Chesapeake City,1980,36559
51560,Virginia,Clifton Forge City,1980,1221
51570,Virginia,Colonial Heights City,1980,4437
51580,Virginia,Covington City,1980,2221
51590,Virginia,Danville City,1980,11038
51595,Virginia,Emporia City,1980,1243
51600,Virginia,Fairfax City,1980,4973
51610,Virginia,Falls Church City,1980,1808
51620,Virginia,Franklin City,1980,2119
51630,Virginia,Fredericksburg City,1980,3089
51640,Virginia,Galax City,1980,1497
51650,Virginia,Hampton City,1980,35639
51660,Virginia,Harrisonburg City,1980,3180
51670,Virginia,Hopewell City,1980,6738
51678,Virginia,Lexington City,1980,1136
51680,Virginia,Lynchburg City,1980,16231
51683,Virginia,Manassas City,1980,5048
51685,Virginia,Manassas Park City,1980,2495
51690,Virginia,Martinsville City,1980,4590
51700,Virginia,Newport News City,1980,41223
51710,Virginia,Norfolk City,1980,65613
51720,Virginia,Norton City,1980,1379
51730,Virginia,Petersburg City,1980,11432
51735,Virginia,Poquoson City,1980,2856
51740,Virginia,Portsmouth City,1980,30024
51750,Virginia,Radford City,1980,2391
51760,Virginia,Richmond City,1980,49025
51770,Virginia,Roanoke City,1980,24415
51775,Virginia,Salem City,1980,5501
51780,Virginia,South Boston City,1980,1914
51790,Virginia,Staunton City,1980,4844
51800,Virginia,Suffolk City,1980,14072
51810,Virginia,Virginia Beach City,1980,80529
51820,Virginia,Waynesboro City,1980,3981
51830,Virginia,Williamsburg City,1980,893
51840,Virginia,Winchester City,1980,4666
53001,Washington,Adams,1980,4625
53003,Washington,Asotin,1980,4908
53005,Washington,Benton,1980,34276
53007,Washington,Chelan,1980,11629
53009,Washington,Clallam,1980,13966
53011,Washington,Clark,1980,60572
53013,Washington,Columbia,1980,1092
53015,Washington,Cowlitz,1980,23974
53017,Washington,Douglas,1980,6672
53019,Washington,Ferry,1980,1957
53021,Washington,Franklin,1980,11654
53023,Washington,Garfield,1980,677
53025,Washington,Grant,1980,15806
53027,Washington,Grays Harbor,1980,18968
53029,Washington,Island,1980,12315
53031,Washington,Jefferson,1980,3978
53033,Washington,King,1980,311476
53035,Washington,Kitsap,1980,42290
53037,Washington,Kittitas,1980,5773
53039,Washington,Klickitat,1980,4842
53041,Washington,Lewis,1980,16880
53043,Washington,Lincoln,1980,2658
53045,Washington,Mason,1980,8404
53047,Washington,Okanogan,1980,9301
53049,Washington,Pacific,1980,4409
53051,Washington,Pend Oreille,1980,2773
53053,Washington,Pierce,1980,137323
53055,Washington,San Juan,1980,1709
53057,Washington,Skagit,1980,17569
53059,Washington,Skamania,1980,2469
53061,Washington,Snohomish,1980,99940
53063,Washington,Spokane,1980,95733
53065,Washington,Stevens,1980,9931
53067,Washington,Thurston,1980,36727
53069,Washington,Wahkiakum,1980,1182
53071,Washington,Walla Walla,1980,11885
53073,Washington,Whatcom,1980,28349
53075,Washington,Whitman,1980,7540
53077,Washington,Yakima,1980,53128
54001,West Virginia,Barbour,1980,4825
54003,West Virginia,Berkeley,1980,13776
54005,West Virginia,Boone,1980,9947
54007,West Virginia,Braxton,1980,4005
54009,West Virginia,Brooke,1980,8496
54011,West Virginia,Cabell,1980,27193
54013,West Virginia,Calhoun,1980,2411
54015,West Virginia,Clay,1980,3882
54017,West Virginia,Doddridge,1980,2292
54019,West Virginia,Fayette,1980,17154
54021,West Virginia,Gilmer,1980,2262
54023,West Virginia,Grant,1980,3117
54025,West Virginia,Greenbrier,1980,10666
54027,West Virginia,Hampshire,1980,4593
54029,West Virginia,Hancock,1980,11311
54031,West Virginia,Hardy,1980,2797
54033,West Virginia,Harrison,1980,21248
54035,West Virginia,Jackson,1980,7868
54037,West Virginia,Jefferson,1980,8915
54039,West Virginia,Kanawha,1980,60714
54041,West Virginia,Lewis,1980,5165
54043,West Virginia,Lincoln,1980,7909
54045,West Virginia,Logan,1980,16758
54047,West Virginia,McDowell,1980,17225
54049,West Virginia,Marion,1980,17369
54051,West Virginia,Marshall,1980,12020
54053,West Virginia,Mason,1980,8041
54055,West Virginia,Mercer,1980,20938
54057,West Virginia,Mineral,1980,8150
54059,West Virginia,Mingo,1980,13126
54061,West Virginia,Monongalia,1980,16658
54063,West Virginia,Monroe,1980,3805
54065,West Virginia,Morgan,1980,3022
54067,West Virginia,Nicholas,1980,9088
54069,West Virginia,Ohio,1980,14700
54071,West Virginia,Pendleton,1980,2151
54073,West Virginia,Pleasants,1980,2510
54075,West Virginia,Pocahontas,1980,2738
54077,West Virginia,Preston,1980,9392
54079,West Virginia,Putnam,1980,11616
54081,West Virginia,Raleigh,1980,26270
54083,West Virginia,Randolph,1980,8071
54085,West Virginia,Ritchie,1980,3261
54087,West Virginia,Roane,1980,4543
54089,West Virginia,Summers,1980,4304
54091,West Virginia,Taylor,1980,4900
54093,West Virginia,Tucker,1980,2509
54095,West Virginia,Tyler,1980,3520
54097,West Virginia,Upshur,1980,6630
54099,West Virginia,Wayne,1980,14134
54101,West Virginia,Webster,1980,3997
54103,West Virginia,Wetzel,1980,6724
54105,West Virginia,Wirt,1980,1514
54107,West Virginia,Wood,1980,26934
54109,West Virginia,Wyoming,1980,12472
55001,Wisconsin,Adams,1980,3385
55003,Wisconsin,Ashland,1980,4741
55005,Wisconsin,Barron,1980,11207
55007,Wisconsin,Bayfield,1980,4001
55009,Wisconsin,Brown,1980,54840
55011,Wisconsin,Buffalo,1980,4267
55013,Wisconsin,Burnett,1980,3389
55015,Wisconsin,Calumet,1980,10481
55017,Wisconsin,Chippewa,1980,16781
55019,Wisconsin,Clark,1980,10618
55021,Wisconsin,Columbia,1980,12561
55023,Wisconsin,Crawford,1980,5212
55025,Wisconsin,Dane,1980,80759
55027,Wisconsin,Dodge,1980,22037
55029,Wisconsin,Door,1980,6898
55031,Wisconsin,Douglas,1980,12206
55033,Wisconsin,Dunn,1980,8710
55035,Wisconsin,Eau Claire,1980,20579
55037,Wisconsin,Florence,1980,1249
55039,Wisconsin,Fond du Lac,1980,26650
55041,Wisconsin,Forest,1980,2791
55043,Wisconsin,Grant,1980,15330
55045,Wisconsin,Green,1980,8947
55047,Wisconsin,Green Lake,1980,5151
55049,Wisconsin,Iowa,1980,6225
55051,Wisconsin,Iron,1980,1630
55053,Wisconsin,Jackson,1980,4932
55055,Wisconsin,Jefferson,1980,18908
55057,Wisconsin,Juneau,1980,6285
55059,Wisconsin,Kenosha,1980,36117
55061,Wisconsin,Kewaunee,1980,6157
55063,Wisconsin,La Crosse,1980,23483
55065,Wisconsin,Lafayette,1980,5522
55067,Wisconsin,Langlade,1980,6044
55069,Wisconsin,Lincoln,1980,8011
55071,Wisconsin,Manitowoc,1980,24677
55073,Wisconsin,Marathon,1980,34600
55075,Wisconsin,Marinette,1980,11467
55077,Wisconsin,Marquette,1980,3185
55078,Wisconsin,Menominee,1980,1480
55079,Wisconsin,Milwaukee,1980,255082
55081,Wisconsin,Monroe,1980,10641
55083,Wisconsin,Oconto,1980,8902
55085,Wisconsin,Oneida,1980,8550
55087,Wisconsin,Outagamie,1980,41024
55089,Wisconsin,Ozaukee,1980,20945
55091,Wisconsin,Pepin,1980,2325
55093,Wisconsin,Pierce,1980,9011
55095,Wisconsin,Polk,1980,9702
55097,Wisconsin,Portage,1980,16213
55099,Wisconsin,Price,1980,4716
55101,Wisconsin,Racine,1980,53348
55103,Wisconsin,Richland,1980,5008
55105,Wisconsin,Rock,1980,42401
55107,Wisconsin,Rusk,1980,4793
55109,Wisconsin,St Croix,1980,14076
55111,Wisconsin,Sauk,1980,12778
55113,Wisconsin,Sawyer,1980,3662
55115,Wisconsin,Shawano,1980,10865
55117,Wisconsin,Sheboygan,1980,29344
55119,Wisconsin,Taylor,1980,6108
55121,Wisconsin,Trempealeau,1980,7855
55123,Wisconsin,Vernon,1980,7219
55125,Wisconsin,Vilas,1980,4174
55127,Wisconsin,Walworth,1980,19498
55129,Wisconsin,Washburn,1980,3769
55131,Wisconsin,Washington,1980,28596
55133,Wisconsin,Waukesha,1980,90152
55135,Wisconsin,Waupaca,1980,12311
55137,Wisconsin,Waushara,1980,5094
55139,Wisconsin,Winnebago,1980,35625
55141,Wisconsin,Wood,1980,22520
56001,Wyoming,Albany,1980,6632
56003,Wyoming,Big Horn,1980,3903
56005,Wyoming,Campbell,1980,8403
56007,Wyoming,Carbon,1980,7085
56009,Wyoming,Converse,1980,4988
56011,Wyoming,Crook,1980,1759
56013,Wyoming,Fremont,1980,12956
56015,Wyoming,Goshen,1980,3443
56017,Wyoming,Hot Springs,1980,1591
56019,Wyoming,Johnson,1980,2006
56021,Wyoming,Laramie,1980,20317
56023,Wyoming,Lincoln,1980,4670
56025,Wyoming,Natrona,1980,21503
56027,Wyoming,Niobrara,1980,787
56029,Wyoming,Park,1980,6405
56031,Wyoming,Platte,1980,3711
56033,Wyoming,Sheridan,1980,7255
56035,Wyoming,Sublette,1980,1493
56037,Wyoming,Sweetwater,1980,14287
56039,Wyoming,Teton,1980,2266
56041,Wyoming,Uinta,1980,4663
56043,Wyoming,Washakie,1980,3168
56045,Wyoming,Weston,1980,2262
01001,Alabama,Autauga,1990,10098
01003,Alabama,Baldwin,1990,25533
01005,Alabama,Barbour,1990,7464
01007,Alabama,Bibb,1990,4793
01009,Alabama,Blount,1990,10036
01011,Alabama,Bullock,1990,3381
01013,Alabama,Butler,1990,6591
01015,Alabama,Calhoun,1990,28978
01017,Alabama,Chambers,1990,9632
01019,Alabama,Cherokee,1990,4692
01021,Alabama,Chilton,1990,8687
01023,Alabama,Choctaw,1990,4708
01025,Alabama,Clarke,1990,8155
01027,Alabama,Clay,1990,3318
01029,Alabama,Cleburne,1990,3312
01031,Alabama,Coffee,1990,10327
01033,Alabama,Colbert,1990,12548
01035,Alabama,Conecuh,1990,3918
01037,Alabama,Coosa,1990,2882
01039,Alabama,Covington,1990,9237
01041,Alabama,Crenshaw,1990,3644
01043,Alabama,Cullman,1990,17012
01045,Alabama,Dale,1990,13876
01047,Alabama,Dallas,1990,15105
01049,Alabama,DeKalb,1990,13907
01051,Alabama,Elmore,1990,12792
01053,Alabama,Escambia,1990,9467
01055,Alabama,Etowah,1990,24589
01057,Alabama,Fayette,1990,4602
01059,Alabama,Franklin,1990,6904
01061,Alabama,Geneva,1990,5890
01063,Alabama,Greene,1990,3342
01065,Alabama,Hale,1990,4882
01067,Alabama,Henry,1990,4101
01069,Alabama,Houston,1990,22473
01071,Alabama,Jackson,1990,12314
01073,Alabama,Jefferson,1990,162588
01075,Alabama,Lamar,1990,3990
01077,Alabama,Lauderdale,1990,19081
01079,Alabama,Lawrence,1990,8639
01081,Alabama,Lee,1990,19088
01083,Alabama,Limestone,1990,13606
01085,Alabama,Lowndes,1990,4395
01087,Alabama,Macon,1990,6642
01089,Alabama,Madison,1990,58755
01091,Alabama,Marengo,1990,6993
01093,Alabama,Marion,1990,7322
01095,Alabama,Marshall,1990,17466
01097,Alabama,Mobile,1990,108033
01099,Alabama,Monroe,1990,7378
01101,Alabama,Montgomery,1990,57384
01103,Alabama,Morgan,1990,26016
01105,Alabama,Perry,1990,4002
01107,Alabama,Pickens,1990,5894
01109,Alabama,Pike,1990,6866
01111,Alabama,Randolph,1990,5185
01113,Alabama,Russell,1990,12480
01115,Alabama,St Clair,1990,13310
01117,Alabama,Shelby,1990,27191
01119,Alabama,Sumter,1990,4972
01121,Alabama,Talladega,1990,20493
01123,Alabama,Tallapoosa,1990,9927
01125,Alabama,Tuscaloosa,1990,35665
01127,Alabama,Walker,1990,17110
01129,Alabama,Washington,1990,5083
01131,Alabama,Wilcox,1990,4612
01133,Alabama,Winston,1990,5432
02013,Alaska,Aleutians East,1990,547
02016,Alaska,Aleutians West,1990,1883
02020,Alaska,Anchorage,1990,66688
02050,Alaska,Bethel,1990,5332
02060,Alaska,Bristol Bay Borough,1990,382
02070,Alaska,Dillingham,1990,1504
02090,Alaska,Fairbanks North Star,1990,24337
02100,Alaska,Haines,1990,592
02110,Alaska,Juneau,1990,7850
02122,Alaska,Kenai Peninsula,1990,13396
02130,Alaska,Ketchikan Gateway,1990,4122
02150,Alaska,Kodiak Island,1990,4131
02164,Alaska,Lake And Peninsula,1990,634
02170,Alaska,Matanuska-Susitna,1990,14013
02180,Alaska,Nome,1990,3175
02185,Alaska,North Slope,1990,2238
02188,Alaska,Northwest Arctic,1990,2632
02201,Alaska,Prince Of Wales-Outer Ketchikan,1990,2028
02220,Alaska,Sitka,1990,2635
02231,Alaska,Skagway-Yakutat-Angoon,1990,1434
02240,Alaska,Southeast Fairbanks,1990,2108
02261,Alaska,Valdez-Cordova,1990,2904
02270,Alaska,Wade Hampton,1990,2654
02280,Alaska,Wrangell-Petersburg,1990,2172
02290,Alaska,Yukon-Koyukuk,1990,2953
04001,Arizona,Apache,1990,25664
04003,Arizona,Cochise,1990,27567
04005,Arizona,Coconino,1990,29909
04007,Arizona,Gila,1990,10727
04009,Arizona,Graham,1990,8802
04011,Arizona,Greenlee,1990,2739
04012,Arizona,La Paz,1990,3669
04013,Arizona,Maricopa,1990,555791
04015,Arizona,Mohave,1990,21125
04017,Arizona,Navajo,1990,29832
04019,Arizona,Pima,1990,166198
04021,Arizona,Pinal,1990,34098
04023,Arizona,Santa Cruz,1990,10205
04025,Arizona,Yavapai,1990,23184
04027,Arizona,Yuma,1990,31609
05001,Arkansas,Arkansas,1990,5942
05003,Arkansas,Ashley,1990,6851
05005,Arkansas,Baxter,1990,6067
05007,Arkansas,Benton,1990,24184
05009,Arkansas,Boone,1990,7016
05011,Arkansas,Bradley,1990,3047
05013,Arkansas,Calhoun,1990,1568
05015,Arkansas,Carroll,1990,4521
05017,Arkansas,Chicot,1990,5086
05019,Arkansas,Clark,1990,4789
05021,Arkansas,Clay,1990,4173
05023,Arkansas,Cleburne,1990,4218
05025,Arkansas,Cleveland,1990,2046
05027,Arkansas,Columbia,1990,6733
05029,Arkansas,Conway,1990,5206
05031,Arkansas,Craighead,1990,17034
05033,Arkansas,Crawford,1990,12340
05035,Arkansas,Crittenden,1990,15925
05037,Arkansas,Cross,1990,5817
05039,Arkansas,Dallas,1990,2554
05041,Arkansas,Desha,1990,5324
05043,Arkansas,Drew,1990,4829
05045,Arkansas,Faulkner,1990,15345
05047,Arkansas,Franklin,1990,3911
05049,Arkansas,Fulton,1990,2365
05051,Arkansas,Garland,1990,15817
05053,Arkansas,Grant,1990,3744
05055,Arkansas,Greene,1990,8015
05057,Arkansas,Hempstead,1990,5985
05059,Arkansas,Hot Spring,1990,6757
05061,Arkansas,Howard,1990,3751
05063,Arkansas,Independence,1990,8193
05065,Arkansas,Izard,1990,2448
05067,Arkansas,Jackson,1990,4864
05069,Arkansas,Jefferson,1990,24155
05071,Arkansas,Johnson,1990,4509
05073,Arkansas,Lafayette,1990,2667
05075,Arkansas,Lawrence,1990,4300
05077,Arkansas,Lee,1990,4392
05079,Arkansas,Lincoln,1990,3184
05081,Arkansas,Little River,1990,3929
05083,Arkansas,Logan,1990,5551
05085,Arkansas,Lonoke,1990,11566
05087,Arkansas,Madison,1990,3115
05089,Arkansas,Marion,1990,2635
05091,Arkansas,Miller,1990,10927
05093,Arkansas,Mississippi,1990,18002
05095,Arkansas,Monroe,1990,3341
05097,Arkansas,Montgomery,1990,1811
05099,Arkansas,Nevada,1990,2740
05101,Arkansas,Newton,1990,2143
05103,Arkansas,Ouachita,1990,8258
05105,Arkansas,Perry,1990,2020
05107,Arkansas,Phillips,1990,9869
05109,Arkansas,Pike,1990,2633
05111,Arkansas,Poinsett,1990,6576
05113,Arkansas,Polk,1990,4461
05115,Arkansas,Pope,1990,12077
05117,Arkansas,Prairie,1990,2463
05119,Arkansas,Pulaski,1990,91743
05121,Arkansas,Randolph,1990,4248
05123,Arkansas,St Francis,1990,9394
05125,Arkansas,Saline,1990,17528
05127,Arkansas,Scott,1990,2600
05129,Arkansas,Searcy,1990,1908
05131,Arkansas,Sebastian,1990,25950
05133,Arkansas,Sevier,1990,3565
05135,Arkansas,Sharp,1990,3055
05137,Arkansas,Stone,1990,2368
05139,Arkansas,Union,1990,12814
05141,Arkansas,Van Buren,1990,3131
05143,Arkansas,Washington,1990,28040
05145,Arkansas,White,1990,13699
05147,Arkansas,Woodruff,1990,2743
05149,Arkansas,Yell,1990,4556
06001,California,Alameda,1990,303405
06003,California,Alpine,1990,282
06005,California,Amador,1990,5656
06007,California,Butte,1990,42884
06009,California,Calaveras,1990,7937
06011,California,Colusa,1990,5003
06013,California,Contra Costa,1990,202088
06015,California,Del Norte,1990,6327
06017,California,El Dorado,1990,33245
06019,California,Fresno,1990,209036
06021,California,Glenn,1990,7560
06023,California,Humboldt,1990,30607
06025,California,Imperial,1990,37459
06027,California,Inyo,1990,4437
06029,California,Kern,1990,170987
06031,California,Kings,1990,30788
06033,California,Lake,1990,12093
06035,California,Lassen,1990,6823
06037,California,Los Angeles,1990,2326110
06039,California,Madera,1990,27383
06041,California,Marin,1990,43936
06043,California,Mariposa,1990,3266
06045,California,Mendocino,1990,21952
06047,California,Merced,1990,60666
06049,California,Modoc,1990,2623
06051,California,Mono,1990,2434
06053,California,Monterey,1990,97951
06055,California,Napa,1990,25720
06057,California,Nevada,1990,18992
06059,California,Orange,1990,589303
06061,California,Placer,1990,45226
06063,California,Plumas,1990,5039
06065,California,Riverside,1990,333261
06067,California,Sacramento,1990,274979
06069,California,San Benito,1990,11401
06071,California,San Bernardino,1990,439223
06073,California,San Diego,1990,610946
06075,California,San Francisco,1990,116883
06077,California,San Joaquin,1990,142250
06079,California,San Luis Obispo,1990,47531
06081,California,San Mateo,1990,142486
06083,California,Santa Barbara,1990,85887
06085,California,Santa Clara,1990,359207
06087,California,Santa Cruz,1990,54704
06089,California,Shasta,1990,40411
06091,California,Sierra,1990,869
06093,California,Siskiyou,1990,11641
06095,California,Solano,1990,97840
06097,California,Sonoma,1990,95776
06099,California,Stanislaus,1990,113371
06101,California,Sutter,1990,18403
06103,California,Tehama,1990,13515
06105,California,Trinity,1990,3448
06107,California,Tulare,1990,103137
06109,California,Tuolumne,1990,10895
06111,California,Ventura,1990,182986
06113,California,Yolo,1990,34004
06115,California,Yuba,1990,18453
08001,Colorado,Adams,1990,76931
08003,Colorado,Alamosa,1990,3970
08005,Colorado,Arapahoe,1990,106230
08007,Colorado,Archuleta,1990,1581
08009,Colorado,Baca,1990,1151
08011,Colorado,Bent,1990,1326
08013,Colorado,Boulder,1990,51879
08015,Colorado,Chaffee,1990,2891
08017,Colorado,Cheyenne,1990,756
08019,Colorado,Clear Creek,1990,1979
08021,Colorado,Conejos,1990,2583
08023,Colorado,Costilla,1990,912
08025,Colorado,Crowley,1990,829
08027,Colorado,Custer,1990,510
08029,Colorado,Delta,1990,5147
08031,Colorado,Denver,1990,102879
08033,Colorado,Dolores,1990,415
08035,Colorado,Douglas,1990,18720
08037,Colorado,Eagle,1990,5605
08039,Colorado,Elbert,1990,2967
08041,Colorado,El Paso,1990,109426
08043,Colorado,Fremont,1990,7298
08045,Colorado,Garfield,1990,8270
08047,Colorado,Gilpin,1990,735
08049,Colorado,Grand,1990,2015
08051,Colorado,Gunnison,1990,2132
08053,Colorado,Hinsdale,1990,86
08055,Colorado,Huerfano,1990,1552
08057,Colorado,Jackson,1990,411
08059,Colorado,Jefferson,1990,116168
08061,Colorado,Kiowa,1990,485
08063,Colorado,Kit Carson,1990,2083
08065,Colorado,Lake,1990,1674
08067,Colorado,La Plata,1990,8244
08069,Colorado,Larimer,1990,47061
08071,Colorado,Las Animas,1990,3504
08073,Colorado,Lincoln,1990,1193
08075,Colorado,Logan,1990,4682
08077,Colorado,Mesa,1990,25000
08079,Colorado,Mineral,1990,125
08081,Colorado,Moffat,1990,3678
08083,Colorado,Montezuma,1990,5832
08085,Colorado,Montrose,1990,6698
08087,Colorado,Morgan,1990,6507
08089,Colorado,Otero,1990,5839
08091,Colorado,Ouray,1990,570
08093,Colorado,Park,1990,1956
08095,Colorado,Phillips,1990,1100
08097,Colorado,Pitkin,1990,2132
08099,Colorado,Prowers,1990,4165
08101,Colorado,Pueblo,1990,32479
08103,Colorado,Rio Blanco,1990,1794
08105,Colorado,Rio Grande,1990,3251
08107,Colorado,Routt,1990,3547
08109,Colorado,Saguache,1990,1466
08111,Colorado,San Juan,1990,222
08113,Colorado,San Miguel,1990,825
08115,Colorado,Sedgwick,1990,653
08117,Colorado,Summit,1990,2648
08119,Colorado,Teller,1990,3596
08121,Colorado,Washington,1990,1300
08123,Colorado,Weld,1990,37013
08125,Colorado,Yuma,1990,2590
09001,Connecticut,Fairfield,1990,187125
09003,Connecticut,Hartford,1990,192343
09005,Connecticut,Litchfield,1990,40719
09007,Connecticut,Middlesex,1990,31401
09009,Connecticut,New Haven,1990,182618
09011,Connecticut,New London,1990,60006
09013,Connecticut,Tolland,1990,29006
09015,Connecticut,Windham,1990,26363
10001,Delaware,Kent,1990,30174
10003,Delaware,New Castle,1990,106079
10005,Delaware,Sussex,1990,27088
11001,District Of Columbia,District Of Columbia,1990,117092
12001,Florida,Alachua,1990,39515
12003,Florida,Baker,1990,5631
12005,Florida,Bay,1990,32249
12007,Florida,Bradford,1990,5406
12009,Florida,Brevard,1990,87454
12011,Florida,Broward,1990,256618
12013,Florida,Calhoun,1990,2871
12015,Florida,Charlotte,1990,17288
12017,Florida,Citrus,1990,16466
12019,Florida,Clay,1990,30534
12021,Florida,Collier,1990,30340
12023,Florida,Columbia,1990,11901
12025,Florida,Dade,1990,468010
12027,Florida,Desoto,1990,5666
12029,Florida,Dixie,1990,2588
12031,Florida,Duval,1990,174346
12033,Florida,Escambia,1990,66380
12035,Florida,Flagler,1990,5479
12037,Florida,Franklin,1990,2153
12039,Florida,Gadsden,1990,12164
12041,Florida,Gilchrist,1990,2422
12043,Florida,Glades,1990,1856
12045,Florida,Gulf,1990,2823
12047,Florida,Hamilton,1990,3156
12049,Florida,Hardee,1990,5688
12051,Florida,Hendry,1990,8078
12053,Florida,Hernando,1990,18648
12055,Florida,Highlands,1990,12818
12057,Florida,Hillsborough,1990,202274
12059,Florida,Holmes,1990,3921
12061,Florida,Indian River,1990,17486
12063,Florida,Jackson,1990,10279
12065,Florida,Jefferson,1990,3268
12067,Florida,Lafayette,1990,1380
12069,Florida,Lake,1990,30263
12071,Florida,Lee,1990,65570
12073,Florida,Leon,1990,43125
12075,Florida,Levy,1990,6279
12077,Florida,Liberty,1990,1348
12079,Florida,Madison,1990,4560
12081,Florida,Manatee,1990,40616
12083,Florida,Marion,1990,43092
12085,Florida,Martin,1990,17738
12087,Florida,Monroe,1990,13555
12089,Florida,Nassau,1990,11904
12091,Florida,Okaloosa,1990,37315
12093,Florida,Okeechobee,1990,8050
12095,Florida,Orange,1990,161486
12097,Florida,Osceola,1990,27149
12099,Florida,Palm Beach,1990,169553
12101,Florida,Pasco,1990,50223
12103,Florida,Pinellas,1990,151456
12105,Florida,Polk,1990,97742
12107,Florida,Putnam,1990,16542
12109,Florida,St Johns,1990,18633
12111,Florida,St Lucie,1990,34622
12113,Florida,Santa Rosa,1990,22174
12115,Florida,Sarasota,1990,43711
12117,Florida,Seminole,1990,72907
12119,Florida,Sumter,1990,7005
12121,Florida,Suwannee,1990,7098
12123,Florida,Taylor,1990,4823
12125,Florida,Union,1990,2635
12127,Florida,Volusia,1990,73023
12129,Florida,Wakulla,1990,4020
12131,Florida,Walton,1990,6594
12133,Florida,Washington,1990,4270
13001,Georgia,Appling,1990,4584
13003,Georgia,Atkinson,1990,1862
13005,Georgia,Bacon,1990,2858
13007,Georgia,Baker,1990,1080
13009,Georgia,Baldwin,1990,9158
13011,Georgia,Banks,1990,2737
13013,Georgia,Barrow,1990,8314
13015,Georgia,Bartow,1990,15376
13017,Georgia,Ben Hill,1990,4982
13019,Georgia,Berrien,1990,3909
13021,Georgia,Bibb,1990,39863
13023,Georgia,Bleckley,1990,2749
13025,Georgia,Brantley,1990,3365
13027,Georgia,Brooks,1990,4592
13029,Georgia,Bryan,1990,5004
13031,Georgia,Bulloch,1990,9837
13033,Georgia,Burke,1990,6829
13035,Georgia,Butts,1990,3947
13037,Georgia,Calhoun,1990,1456
13039,Georgia,Camden,1990,9150
13043,Georgia,Candler,1990,2104
13045,Georgia,Carroll,1990,19141
13047,Georgia,Catoosa,1990,11023
13049,Georgia,Charlton,1990,2641
13051,Georgia,Chatham,1990,57286
13053,Georgia,Chattahoochee,1990,4730
13055,Georgia,Chattooga,1990,5694
13057,Georgia,Cherokee,1990,25343
13059,Georgia,Clarke,1990,17552
13061,Georgia,Clay,1990,983
13063,Georgia,Clayton,1990,50855
13065,Georgia,Clinch,1990,1844
13067,Georgia,Cobb,1990,113244
13069,Georgia,Coffee,1990,8854
13071,Georgia,Colquitt,1990,10377
13073,Georgia,Columbia,1990,20144
13075,Georgia,Cook,1990,3861
13077,Georgia,Coweta,1990,15351
13079,Georgia,Crawford,1990,2541
13081,Georgia,Crisp,1990,5995
13083,Georgia,Dade,1990,3422
13085,Georgia,Dawson,1990,2615
13087,Georgia,Decatur,1990,7600
13089,Georgia,DeKalb,1990,129553
13091,Georgia,Dodge,1990,4560
13093,Georgia,Dooly,1990,2990
13095,Georgia,Dougherty,1990,29317
13097,Georgia,Douglas,1990,20149
13099,Georgia,Early,1990,3564
13101,Georgia,Echols,1990,697
13103,Georgia,Effingham,1990,7975
13105,Georgia,Elbert,1990,5088
13107,Georgia,Emanuel,1990,6245
13109,Georgia,Evans,1990,2558
13111,Georgia,Fannin,1990,3707
13113,Georgia,Fayette,1990,18227
13115,Georgia,Floyd,1990,19469
13117,Georgia,Forsyth,1990,11373
13119,Georgia,Franklin,1990,3953
13121,Georgia,Fulton,1990,157185
13123,Georgia,Gilmer,1990,3364
13125,Georgia,Glascock,1990,555
13127,Georgia,Glynn,1990,16243
13129,Georgia,Gordon,1990,9498
13131,Georgia,Grady,1990,5726
13133,Georgia,Greene,1990,3610
13135,Georgia,Gwinnett,1990,98714
13137,Georgia,Habersham,1990,6534
13139,Georgia,Hall,1990,24459
13141,Georgia,Hancock,1990,2793
13143,Georgia,Haralson,1990,5822
13145,Georgia,Harris,1990,4500
13147,Georgia,Hart,1990,4891
13149,Georgia,Heard,1990,2449
13151,Georgia,Henry,1990,16216
13153,Georgia,Houston,1990,25182
13155,Georgia,Irwin,1990,2482
13157,Georgia,Jackson,1990,7951
13159,Georgia,Jasper,1990,2385
13161,Georgia,Jeff Davis,1990,3377
13163,Georgia,Jefferson,1990,5248
13165,Georgia,Jenkins,1990,2435
13167,Georgia,Johnson,1990,2439
13169,Georgia,Jones,1990,5788
13171,Georgia,Lamar,1990,3444
13173,Georgia,Lanier,1990,1616
13175,Georgia,Laurens,1990,11258
13177,Georgia,Lee,1990,5216
13179,Georgia,Liberty,1990,16043
13181,Georgia,Lincoln,1990,1988
13183,Georgia,Long,1990,1880
13185,Georgia,Lowndes,1990,21241
13187,Georgia,Lumpkin,1990,3548
13189,Georgia,McDuffie,1990,5911
13191,Georgia,McIntosh,1990,2423
13193,Georgia,Macon,1990,4142
13195,Georgia,Madison,1990,5616
13197,Georgia,Marion,1990,1598
13199,Georgia,Meriwether,1990,6540
13201,Georgia,Miller,1990,1730
13205,Georgia,Mitchell,1990,6428
13207,Georgia,Monroe,1990,4626
13209,Georgia,Montgomery,1990,1862
13211,Georgia,Morgan,1990,3562
13213,Georgia,Murray,1990,7418
13215,Georgia,Muscogee,1990,48441
13217,Georgia,Newton,1990,11676
13219,Georgia,Oconee,1990,5058
13221,Georgia,Oglethorpe,1990,2553
13223,Georgia,Paulding,1990,12111
13225,Georgia,Peach,1990,5765
13227,Georgia,Pickens,1990,3616
13229,Georgia,Pierce,1990,3753
13231,Georgia,Pike,1990,2794
13233,Georgia,Polk,1990,8940
13235,Georgia,Pulaski,1990,2184
13237,Georgia,Putnam,1990,3638
13239,Georgia,Quitman,1990,570
13241,Georgia,Rabun,1990,2558
13243,Georgia,Randolph,1990,2357
13245,Georgia,Richmond,1990,51473
13247,Georgia,Rockdale,1990,15327
13249,Georgia,Schley,1990,1016
13251,Georgia,Screven,1990,4053
13253,Georgia,Seminole,1990,2365
13255,Georgia,Spalding,1990,15310
13257,Georgia,Stephens,1990,5608
13259,Georgia,Stewart,1990,1545
13261,Georgia,Sumter,1990,8835
13263,Georgia,Talbot,1990,1767
13265,Georgia,Taliaferro,1990,530
13267,Georgia,Tattnall,1990,4283
13269,Georgia,Taylor,1990,2136
13271,Georgia,Telfair,1990,3045
13273,Georgia,Terrell,1990,3164
13275,Georgia,Thomas,1990,11159
13277,Georgia,Tift,1990,10058
13279,Georgia,Toombs,1990,7096
13281,Georgia,Towns,1990,1176
13283,Georgia,Treutlen,1990,1703
13285,Georgia,Troup,1990,15506
13287,Georgia,Turner,1990,2720
13289,Georgia,Twiggs,1990,2997
13291,Georgia,Union,1990,2673
13293,Georgia,Upson,1990,6679
13295,Georgia,Walker,1990,15023
13297,Georgia,Walton,1990,10732
13299,Georgia,Ware,1990,9500
13301,Georgia,Warren,1990,1717
13303,Georgia,Washington,1990,5633
13305,Georgia,Wayne,1990,6495
13307,Georgia,Webster,1990,625
13309,Georgia,Wheeler,1990,1408
13311,Georgia,White,1990,2991
13313,Georgia,Whitfield,1990,18935
13315,Georgia,Wilcox,1990,1986
13317,Georgia,Wilkes,1990,2808
13319,Georgia,Wilkinson,1990,3009
13321,Georgia,Worth,1990,5990
15001,Hawaii,Hawaii,1990,34515
15003,Hawaii,Honolulu,1990,204613
15005,Hawaii,Kalawao,1990,0
15007,Hawaii,Kauai,1990,14115
15009,Hawaii,Maui,1990,26883
16001,Idaho,Ada,1990,58243
16003,Idaho,Adams,1990,925
16005,Idaho,Bannock,1990,21482
16007,Idaho,Bear Lake,1990,2277
16009,Idaho,Benewah,1990,2347
16011,Idaho,Bingham,1990,14522
16013,Idaho,Blaine,1990,3605
16015,Idaho,Boise,1990,993
16017,Idaho,Bonner,1990,7593
16019,Idaho,Bonneville,1990,25385
16021,Idaho,Boundary,1990,2700
16023,Idaho,Butte,1990,1024
16025,Idaho,Camas,1990,216
16027,Idaho,Canyon,1990,27712
16029,Idaho,Caribou,1990,2645
16031,Idaho,Cassia,1990,7144
16033,Idaho,Clark,1990,232
16035,Idaho,Clearwater,1990,2147
16037,Idaho,Custer,1990,1261
16039,Idaho,Elmore,1990,6679
16041,Idaho,Franklin,1990,3669
16043,Idaho,Fremont,1990,4140
16045,Idaho,Gem,1990,3337
16047,Idaho,Gooding,1990,3519
16049,Idaho,Idaho,1990,3845
16051,Idaho,Jefferson,1990,6683
16053,Idaho,Jerome,1990,4857
16055,Idaho,Kootenai,1990,18941
16057,Idaho,Latah,1990,7001
16059,Idaho,Lemhi,1990,1898
16061,Idaho,Lewis,1990,990
16063,Idaho,Lincoln,1990,1039
16065,Idaho,Madison,1990,7630
16067,Idaho,Minidoka,1990,6790
16069,Idaho,Nez Perce,1990,8405
16071,Idaho,Oneida,1990,1298
16073,Idaho,Owyhee,1990,2775
16075,Idaho,Payette,1990,4995
16077,Idaho,Power,1990,2482
16079,Idaho,Shoshone,1990,3598
16081,Idaho,Teton,1990,1155
16083,Idaho,Twin Falls,1990,16046
16085,Idaho,Valley,1990,1704
16087,Idaho,Washington,1990,2476
17001,Illinois,Adams,1990,17043
17003,Illinois,Alexander,1990,3065
17005,Illinois,Bond,1990,3681
17007,Illinois,Boone,1990,8607
17009,Illinois,Brown,1990,1281
17011,Illinois,Bureau,1990,9425
17013,Illinois,Calhoun,1990,1291
17015,Illinois,Carroll,1990,4223
17017,Illinois,Cass,1990,3482
17019,Illinois,Champaign,1990,37766
17021,Illinois,Christian,1990,8711
17023,Illinois,Clark,1990,3916
17025,Illinois,Clay,1990,3678
17027,Illinois,Clinton,1990,9165
17029,Illinois,Coles,1990,10706
17031,Illinois,Cook,1990,1280045
17033,Illinois,Crawford,1990,4823
17035,Illinois,Cumberland,1990,2990
17037,Illinois,DeKalb,1990,16682
17039,Illinois,De Witt,1990,4253
17041,Illinois,Douglas,1990,5488
17043,Illinois,Dupage,1990,206416
17045,Illinois,Edgar,1990,5007
17047,Illinois,Edwards,1990,1830
17049,Illinois,Effingham,1990,9559
17051,Illinois,Fayette,1990,5213
17053,Illinois,Ford,1990,3690
17055,Illinois,Franklin,1990,9683
17057,Illinois,Fulton,1990,9304
17059,Illinois,Gallatin,1990,1638
17061,Illinois,Greene,1990,4059
17063,Illinois,Grundy,1990,8936
17065,Illinois,Hamilton,1990,2043
17067,Illinois,Hancock,1990,5486
17069,Illinois,Hardin,1990,1231
17071,Illinois,Henderson,1990,2070
17073,Illinois,Henry,1990,13755
17075,Illinois,Iroquois,1990,7971
17077,Illinois,Jackson,1990,11600
17079,Illinois,Jasper,1990,2998
17081,Illinois,Jefferson,1990,9947
17083,Illinois,Jersey,1990,5508
17085,Illinois,Jo Daviess,1990,5716
17087,Illinois,Johnson,1990,2248
17089,Illinois,Kane,1990,94525
17091,Illinois,Kankakee,1990,27090
17093,Illinois,Kendall,1990,11793
17095,Illinois,Knox,1990,13480
17097,Illinois,Lake,1990,142472
17099,Illinois,La Salle,1990,27194
17101,Illinois,Lawrence,1990,3795
17103,Illinois,Lee,1990,8915
17105,Illinois,Livingston,1990,9811
17107,Illinois,Logan,1990,7332
17109,Illinois,McDonough,1990,6487
17111,Illinois,McHenry,1990,53272
17113,Illinois,McLean,1990,29822
17115,Illinois,Macon,1990,30407
17117,Illinois,Macoupin,1990,12331
17119,Illinois,Madison,1990,63748
17121,Illinois,Marion,1990,11079
17123,Illinois,Marshall,1990,3234
17125,Illinois,Mason,1990,4235
17127,Illinois,Massac,1990,3503
17129,Illinois,Menard,1990,3067
17131,Illinois,Mercer,1990,4603
17133,Illinois,Monroe,1990,5990
17135,Illinois,Montgomery,1990,7821
17137,Illinois,Morgan,1990,8869
17139,Illinois,Moultrie,1990,3662
17141,Illinois,Ogle,1990,12599
17143,Illinois,Peoria,1990,47505
17145,Illinois,Perry,1990,5648
17147,Illinois,Piatt,1990,3989
17149,Illinois,Pike,1990,4365
17151,Illinois,Pope,1990,1008
17153,Illinois,Pulaski,1990,2172
17155,Illinois,Putnam,1990,1498
17157,Illinois,Randolph,1990,8394
17159,Illinois,Richland,1990,4302
17161,Illinois,Rock Island,1990,37909
17163,Illinois,St Clair,1990,74809
17165,Illinois,Saline,1990,6408
17167,Illinois,Sangamon,1990,45551
17169,Illinois,Schuyler,1990,1859
17171,Illinois,Scott,1990,1479
17173,Illinois,Shelby,1990,5751
17175,Illinois,Stark,1990,1680
17177,Illinois,Stephenson,1990,12391
17179,Illinois,Tazewell,1990,32699
17181,Illinois,Union,1990,4087
17183,Illinois,Vermilion,1990,22868
17185,Illinois,Wabash,1990,3410
17187,Illinois,Warren,1990,4974
17189,Illinois,Washington,1990,3931
17191,Illinois,Wayne,1990,4226
17193,Illinois,White,1990,3908
17195,Illinois,Whiteside,1990,16158
17197,Illinois,Will,1990,106447
17199,Illinois,Williamson,1990,13835
17201,Illinois,Winnebago,1990,66304
17203,Illinois,Woodford,1990,9436
18001,Indiana,Adams,1990,9860
18003,Indiana,Allen,1990,83504
18005,Indiana,Bartholomew,1990,16475
18007,Indiana,Benton,1990,2658
18009,Indiana,Blackford,1990,3572
18011,Indiana,Boone,1990,10437
18013,Indiana,Brown,1990,3468
18015,Indiana,Carroll,1990,4976
18017,Indiana,Cass,1990,10157
18019,Indiana,Clark,1990,22549
18021,Indiana,Clay,1990,6452
18023,Indiana,Clinton,1990,8552
18025,Indiana,Crawford,1990,2728
18027,Indiana,Daviess,1990,7955
18029,Indiana,Dearborn,1990,11106
18031,Indiana,Decatur,1990,6822
18033,Indiana,DeKalb,1990,10225
18035,Indiana,Delaware,1990,26415
18037,Indiana,Dubois,1990,10294
18039,Indiana,Elkhart,1990,44477
18041,Indiana,Fayette,1990,6903
18043,Indiana,Floyd,1990,17042
18045,Indiana,Fountain,1990,4612
18047,Indiana,Franklin,1990,5786
18049,Indiana,Fulton,1990,5016
18051,Indiana,Gibson,1990,8199
18053,Indiana,Grant,1990,18370
18055,Indiana,Greene,1990,7729
18057,Indiana,Hamilton,1990,31623
18059,Indiana,Hancock,1990,12545
18061,Indiana,Harrison,1990,8450
18063,Indiana,Hendricks,1990,21112
18065,Indiana,Henry,1990,11837
18067,Indiana,Howard,1990,21542
18069,Indiana,Huntington,1990,9804
18071,Indiana,Jackson,1990,10180
18073,Indiana,Jasper,1990,7173
18075,Indiana,Jay,1990,5700
18077,Indiana,Jefferson,1990,7455
18079,Indiana,Jennings,1990,6386
18081,Indiana,Johnson,1990,23817
18083,Indiana,Knox,1990,9235
18085,Indiana,Kosciusko,1990,18774
18087,Indiana,Lagrange,1990,10342
18089,Indiana,Lake,1990,133167
18091,Indiana,LaPorte,1990,27113
18093,Indiana,Lawrence,1990,10934
18095,Indiana,Madison,1990,32375
18097,Indiana,Marion,1990,203185
18099,Indiana,Marshall,1990,12028
18101,Indiana,Martin,1990,2802
18103,Indiana,Miami,1990,10484
18105,Indiana,Monroe,1990,20067
18107,Indiana,Montgomery,1990,8680
18109,Indiana,Morgan,1990,15569
18111,Indiana,Newton,1990,3924
18113,Indiana,Noble,1990,11113
18115,Indiana,Ohio,1990,1392
18117,Indiana,Orange,1990,4922
18119,Indiana,Owen,1990,4625
18121,Indiana,Parke,1990,3869
18123,Indiana,Perry,1990,4950
18125,Indiana,Pike,1990,3064
18127,Indiana,Porter,1990,35523
18129,Indiana,Posey,1990,7284
18131,Indiana,Pulaski,1990,3619
18133,Indiana,Putnam,1990,7006
18135,Indiana,Randolph,1990,7026
18137,Indiana,Ripley,1990,7019
18139,Indiana,Rush,1990,5060
18141,Indiana,St Joseph,1990,62463
18143,Indiana,Scott,1990,5832
18145,Indiana,Shelby,1990,11005
18147,Indiana,Spencer,1990,5320
18149,Indiana,Starke,1990,6380
18151,Indiana,Steuben,1990,7176
18153,Indiana,Sullivan,1990,4836
18155,Indiana,Switzerland,1990,2092
18157,Indiana,Tippecanoe,1990,27384
18159,Indiana,Tipton,1990,4215
18161,Indiana,Union,1990,1950
18163,Indiana,Vanderburgh,1990,39410
18165,Indiana,Vermillion,1990,4170
18167,Indiana,Vigo,1990,24379
18169,Indiana,Wabash,1990,9217
18171,Indiana,Warren,1990,2141
18173,Indiana,Warrick,1990,12723
18175,Indiana,Washington,1990,6493
18177,Indiana,Wayne,1990,18143
18179,Indiana,Wells,1990,7378
18181,Indiana,White,1990,6288
18183,Indiana,Whitley,1990,7855
19001,Iowa,Adair,1990,2111
19003,Iowa,Adams,1990,1189
19005,Iowa,Allamakee,1990,3774
19007,Iowa,Appanoose,1990,3458
19009,Iowa,Audubon,1990,1873
19011,Iowa,Benton,1990,6219
19013,Iowa,Black Hawk,1990,31402
19015,Iowa,Boone,1990,6169
19017,Iowa,Bremer,1990,5762
19019,Iowa,Buchanan,1990,6419
19021,Iowa,Buena Vista,1990,5175
19023,Iowa,Butler,1990,4149
19025,Iowa,Calhoun,1990,2889
19027,Iowa,Carroll,1990,6359
19029,Iowa,Cass,1990,3880
19031,Iowa,Cedar,1990,4633
19033,Iowa,Cerro Gordo,1990,11570
19035,Iowa,Cherokee,1990,3827
19037,Iowa,Chickasaw,1990,3737
19039,Iowa,Clarke,1990,2168
19041,Iowa,Clay,1990,4804
19043,Iowa,Clayton,1990,5322
19045,Iowa,Clinton,1990,13619
19047,Iowa,Crawford,1990,4617
19049,Iowa,Dallas,1990,8286
19051,Iowa,Davis,1990,2262
19053,Iowa,Decatur,1990,1941
19055,Iowa,Delaware,1990,5540
19057,Iowa,Des Moines,1990,10952
19059,Iowa,Dickinson,1990,3506
19061,Iowa,Dubuque,1990,23401
19063,Iowa,Emmet,1990,3073
19065,Iowa,Fayette,1990,5780
19067,Iowa,Floyd,1990,4425
19069,Iowa,Franklin,1990,2926
19071,Iowa,Fremont,1990,2146
19073,Iowa,Greene,1990,2486
19075,Iowa,Grundy,1990,3077
19077,Iowa,Guthrie,1990,2723
19079,Iowa,Hamilton,1990,4081
19081,Iowa,Hancock,1990,3561
19083,Iowa,Hardin,1990,4775
19085,Iowa,Harrison,1990,3959
19087,Iowa,Henry,1990,4847
19089,Iowa,Howard,1990,2629
19091,Iowa,Humboldt,1990,2742
19093,Iowa,Ida,1990,2334
19095,Iowa,Iowa,1990,3745
19097,Iowa,Jackson,1990,5565
19099,Iowa,Jasper,1990,8912
19101,Iowa,Jefferson,1990,3987
19103,Iowa,Johnson,1990,19347
19105,Iowa,Jones,1990,4990
19107,Iowa,Keokuk,1990,3021
19109,Iowa,Kossuth,1990,5215
19111,Iowa,Lee,1990,9971
19113,Iowa,Linn,1990,42430
19115,Iowa,Louisa,1990,3162
19117,Iowa,Lucas,1990,2234
19119,Iowa,Lyon,1990,3614
19121,Iowa,Madison,1990,3444
19123,Iowa,Mahaska,1990,5624
19125,Iowa,Marion,1990,7684
19127,Iowa,Marshall,1990,9598
19129,Iowa,Mills,1990,3625
19131,Iowa,Mitchell,1990,2848
19133,Iowa,Monona,1990,2456
19135,Iowa,Monroe,1990,2059
19137,Iowa,Montgomery,1990,2974
19139,Iowa,Muscatine,1990,11140
19141,Iowa,O Brien,1990,4124
19143,Iowa,Osceola,1990,1979
19145,Iowa,Page,1990,4214
19147,Iowa,Palo Alto,1990,2848
19149,Iowa,Plymouth,1990,6792
19151,Iowa,Pocahontas,1990,2478
19153,Iowa,Polk,1990,81971
19155,Iowa,Pottawattamie,1990,22527
19157,Iowa,Poweshiek,1990,4663
19159,Iowa,Ringgold,1990,1298
19161,Iowa,Sac,1990,3278
19163,Iowa,Scott,1990,42187
19165,Iowa,Shelby,1990,3586
19167,Iowa,Sioux,1990,8941
19169,Iowa,Story,1990,14680
19171,Iowa,Tama,1990,4548
19173,Iowa,Taylor,1990,1822
19175,Iowa,Union,1990,3292
19177,Iowa,Van Buren,1990,2015
19179,Iowa,Wapello,1990,8568
19181,Iowa,Warren,1990,10186
19183,Iowa,Washington,1990,5254
19185,Iowa,Wayne,1990,1657
19187,Iowa,Webster,1990,10483
19189,Iowa,Winnebago,1990,3090
19191,Iowa,Winneshiek,1990,5131
19193,Iowa,Woodbury,1990,27579
19195,Iowa,Worth,1990,1982
19197,Iowa,Wright,1990,3485
20001,Kansas,Allen,1990,3984
20003,Kansas,Anderson,1990,2062
20005,Kansas,Atchison,1990,4677
20007,Kansas,Barber,1990,1569
20009,Kansas,Barton,1990,7925
20011,Kansas,Bourbon,1990,3877
20013,Kansas,Brown,1990,3059
20015,Kansas,Butler,1990,14607
20017,Kansas,Chase,1990,754
20019,Kansas,Chautauqua,1990,1033
20021,Kansas,Cherokee,1990,5641
20023,Kansas,Cheyenne,1990,782
20025,Kansas,Clark,1990,606
20027,Kansas,Clay,1990,2340
20029,Kansas,Cloud,1990,2523
20031,Kansas,Coffey,1990,2288
20033,Kansas,Comanche,1990,564
20035,Kansas,Cowley,1990,9786
20037,Kansas,Crawford,1990,8284
20039,Kansas,Decatur,1990,1038
20041,Kansas,Dickinson,1990,4945
20043,Kansas,Doniphan,1990,2119
20045,Kansas,Douglas,1990,16728
20047,Kansas,Edwards,1990,947
20049,Kansas,Elk,1990,717
20051,Kansas,Ellis,1990,6731
20053,Kansas,Ellsworth,1990,1559
20055,Kansas,Finney,1990,11302
20057,Kansas,Ford,1990,7955
20059,Kansas,Franklin,1990,6159
20061,Kansas,Geary,1990,8996
20063,Kansas,Gove,1990,869
20065,Kansas,Graham,1990,927
20067,Kansas,Grant,1990,2468
20069,Kansas,Gray,1990,1728
20071,Kansas,Greeley,1990,547
20073,Kansas,Greenwood,1990,1866
20075,Kansas,Hamilton,1990,616
20077,Kansas,Harper,1990,1806
20079,Kansas,Harvey,1990,8170
20081,Kansas,Haskell,1990,1265
20083,Kansas,Hodgeman,1990,611
20085,Kansas,Jackson,1990,3302
20087,Kansas,Jefferson,1990,4362
20089,Kansas,Jewell,1990,1016
20091,Kansas,Johnson,1990,95116
20093,Kansas,Kearny,1990,1342
20095,Kansas,Kingman,1990,2296
20097,Kansas,Kiowa,1990,949
20099,Kansas,Labette,1990,6292
20101,Kansas,Lane,1990,655
20103,Kansas,Leavenworth,1990,17164
20105,Kansas,Lincoln,1990,873
20107,Kansas,Linn,1990,2107
20109,Kansas,Logan,1990,816
20111,Kansas,Lyon,1990,9290
20113,Kansas,McPherson,1990,7105
20115,Kansas,Marion,1990,3013
20117,Kansas,Marshall,1990,3098
20119,Kansas,Meade,1990,1157
20121,Kansas,Miami,1990,6518
20123,Kansas,Mitchell,1990,1924
20125,Kansas,Montgomery,1990,10023
20127,Kansas,Morris,1990,1558
20129,Kansas,Morton,1990,1058
20131,Kansas,Nemaha,1990,3001
20133,Kansas,Neosho,1990,4398
20135,Kansas,Ness,1990,1060
20137,Kansas,Norton,1990,1323
20139,Kansas,Osage,1990,4120
20141,Kansas,Osborne,1990,1177
20143,Kansas,Ottawa,1990,1437
20145,Kansas,Pawnee,1990,1957
20147,Kansas,Phillips,1990,1652
20149,Kansas,Pottawatomie,1990,4744
20151,Kansas,Pratt,1990,2498
20153,Kansas,Rawlins,1990,901
20155,Kansas,Reno,1990,15891
20157,Kansas,Republic,1990,1474
20159,Kansas,Rice,1990,2789
20161,Kansas,Riley,1990,14457
20163,Kansas,Rooks,1990,1612
20165,Kansas,Rush,1990,876
20167,Kansas,Russell,1990,1811
20169,Kansas,Saline,1990,12974
20171,Kansas,Scott,1990,1531
20173,Kansas,Sedgwick,1990,111959
20175,Kansas,Seward,1990,5878
20177,Kansas,Shawnee,1990,41693
20179,Kansas,Sheridan,1990,873
20181,Kansas,Sherman,1990,1839
20183,Kansas,Smith,1990,1138
20185,Kansas,Stafford,1990,1377
20187,Kansas,Stanton,1990,751
20189,Kansas,Stevens,1990,1545
20191,Kansas,Sumner,1990,7494
20193,Kansas,Thomas,1990,2336
20195,Kansas,Trego,1990,966
20197,Kansas,Wabaunsee,1990,1786
20199,Kansas,Wallace,1990,529
20201,Kansas,Washington,1990,1737
20203,Kansas,Wichita,1990,874
20205,Kansas,Wilson,1990,2639
20207,Kansas,Woodson,1990,988
20209,Kansas,Wyandotte,1990,46065
21001,Kentucky,Adair,1990,3778
21003,Kentucky,Allen,1990,3867
21005,Kentucky,Anderson,1990,3851
21007,Kentucky,Ballard,1990,1848
21009,Kentucky,Barren,1990,8462
21011,Kentucky,Bath,1990,2439
21013,Kentucky,Bell,1990,8537
21015,Kentucky,Boone,1990,16913
21017,Kentucky,Bourbon,1990,5051
21019,Kentucky,Boyd,1990,11983
21021,Kentucky,Boyle,1990,6195
21023,Kentucky,Bracken,1990,2019
21025,Kentucky,Breathitt,1990,4500
21027,Kentucky,Breckinridge,1990,4335
21029,Kentucky,Bullitt,1990,13923
21031,Kentucky,Butler,1990,2992
21033,Kentucky,Caldwell,1990,3151
21035,Kentucky,Calloway,1990,5991
21037,Kentucky,Campbell,1990,22499
21039,Kentucky,Carlisle,1990,1265
21041,Kentucky,Carroll,1990,2521
21043,Kentucky,Carter,1990,6504
21045,Kentucky,Casey,1990,3778
21047,Kentucky,Christian,1990,17955
21049,Kentucky,Clark,1990,7629
21051,Kentucky,Clay,1990,6586
21053,Kentucky,Clinton,1990,2269
21055,Kentucky,Crittenden,1990,2290
21057,Kentucky,Cumberland,1990,1612
21059,Kentucky,Daviess,1990,23683
21061,Kentucky,Edmonson,1990,2723
21063,Kentucky,Elliott,1990,1879
21065,Kentucky,Estill,1990,3901
21067,Kentucky,Fayette,1990,50416
21069,Kentucky,Fleming,1990,3121
21071,Kentucky,Floyd,1990,12562
21073,Kentucky,Franklin,1990,10566
21075,Kentucky,Fulton,1990,2068
21077,Kentucky,Gallatin,1990,1536
21079,Kentucky,Garrard,1990,2787
21081,Kentucky,Grant,1990,4544
21083,Kentucky,Graves,1990,8139
21085,Kentucky,Grayson,1990,5494
21087,Kentucky,Green,1990,2407
21089,Kentucky,Greenup,1990,9422
21091,Kentucky,Hancock,1990,2294
21093,Kentucky,Hardin,1990,25264
21095,Kentucky,Harlan,1990,10517
21097,Kentucky,Harrison,1990,4340
21099,Kentucky,Hart,1990,3881
21101,Kentucky,Henderson,1990,11448
21103,Kentucky,Henry,1990,3255
21105,Kentucky,Hickman,1990,1287
21107,Kentucky,Hopkins,1990,12045
21109,Kentucky,Jackson,1990,3420
21111,Kentucky,Jefferson,1990,162576
21113,Kentucky,Jessamine,1990,8348
21115,Kentucky,Johnson,1990,6336
21117,Kentucky,Kenton,1990,39221
21119,Kentucky,Knott,1990,5248
21121,Kentucky,Knox,1990,8427
21123,Kentucky,Larue,1990,2925
21125,Kentucky,Laurel,1990,11991
21127,Kentucky,Lawrence,1990,3960
21129,Kentucky,Lee,1990,2059
21131,Kentucky,Leslie,1990,4136
21133,Kentucky,Letcher,1990,7755
21135,Kentucky,Lewis,1990,3610
21137,Kentucky,Lincoln,1990,5343
21139,Kentucky,Livingston,1990,2064
21141,Kentucky,Logan,1990,6412
21143,Kentucky,Lyon,1990,1090
21145,Kentucky,McCracken,1990,15320
21147,Kentucky,McCreary,1990,4749
21149,Kentucky,McLean,1990,2404
21151,Kentucky,Madison,1990,12856
21153,Kentucky,Magoffin,1990,4052
21155,Kentucky,Marion,1990,4518
21157,Kentucky,Marshall,1990,6307
21159,Kentucky,Martin,1990,3973
21161,Kentucky,Mason,1990,4278
21163,Kentucky,Meade,1990,7986
21165,Kentucky,Menifee,1990,1399
21167,Kentucky,Mercer,1990,4694
21169,Kentucky,Metcalfe,1990,2214
21171,Kentucky,Monroe,1990,2824
21173,Kentucky,Montgomery,1990,5159
21175,Kentucky,Morgan,1990,3211
21177,Kentucky,Muhlenberg,1990,8058
21179,Kentucky,Nelson,1990,8641
21181,Kentucky,Nicholas,1990,1712
21183,Kentucky,Ohio,1990,5726
21185,Kentucky,Oldham,1990,9529
21187,Kentucky,Owen,1990,2410
21189,Kentucky,Owsley,1990,1336
21191,Kentucky,Pendleton,1990,3497
21193,Kentucky,Perry,1990,8620
21195,Kentucky,Pike,1990,20181
21197,Kentucky,Powell,1990,3476
21199,Kentucky,Pulaski,1990,12217
21201,Kentucky,Robertson,1990,509
21203,Kentucky,Rockcastle,1990,3949
21205,Kentucky,Rowan,1990,4198
21207,Kentucky,Russell,1990,3476
21209,Kentucky,Scott,1990,6394
21211,Kentucky,Shelby,1990,6270
21213,Kentucky,Simpson,1990,4034
21215,Kentucky,Spencer,1990,1831
21217,Kentucky,Taylor,1990,5248
21219,Kentucky,Todd,1990,2877
21221,Kentucky,Trigg,1990,2357
21223,Kentucky,Trimble,1990,1610
21225,Kentucky,Union,1990,4713
21227,Kentucky,Warren,1990,18641
21229,Kentucky,Washington,1990,2817
21231,Kentucky,Wayne,1990,4717
21233,Kentucky,Webster,1990,3666
21235,Kentucky,Whitley,1990,9050
21237,Kentucky,Wolfe,1990,1877
21239,Kentucky,Woodford,1990,5270
22001,Louisiana,Acadia,1990,17880
22003,Louisiana,Allen,1990,6108
22005,Louisiana,Ascension,1990,18651
22007,Louisiana,Assumption,1990,7214
22009,Louisiana,Avoyelles,1990,11504
22011,Louisiana,Beauregard,1990,8789
22013,Louisiana,Bienville,1990,4513
22015,Louisiana,Bossier,1990,25184
22017,Louisiana,Caddo,1990,70899
22019,Louisiana,Calcasieu,1990,49135
22021,Louisiana,Caldwell,1990,2831
22023,Louisiana,Cameron,1990,2839
22025,Louisiana,Catahoula,1990,3386
22027,Louisiana,Claiborne,1990,4446
22029,Louisiana,Concordia,1990,6375
22031,Louisiana,De Soto,1990,7550
22033,Louisiana,East Baton Rouge,1990,104581
22035,Louisiana,East Carroll,1990,3500
22037,Louisiana,East Feliciana,1990,5727
22039,Louisiana,Evangeline,1990,10490
22041,Louisiana,Franklin,1990,6880
22043,Louisiana,Grant,1990,5224
22045,Louisiana,Iberia,1990,21940
22047,Louisiana,Iberville,1990,9240
22049,Louisiana,Jackson,1990,4469
22051,Louisiana,Jefferson,1990,120439
22053,Louisiana,Jefferson Davis,1990,9561
22055,Louisiana,Lafayette,1990,47895
22057,Louisiana,Lafourche,1990,25814
22059,Louisiana,La Salle,1990,3750
22061,Louisiana,Lincoln,1990,9594
22063,Louisiana,Livingston,1990,22176
22065,Louisiana,Madison,1990,4332
22067,Louisiana,Morehouse,1990,9807
22069,Louisiana,Natchitoches,1990,10976
22071,Louisiana,Orleans,1990,136462
22073,Louisiana,Ouachita,1990,41746
22075,Louisiana,Plaquemines,1990,8016
22077,Louisiana,Pointe Coupee,1990,6831
22079,Louisiana,Rapides,1990,38198
22081,Louisiana,Red River,1990,2925
22083,Louisiana,Richland,1990,6334
22085,Louisiana,Sabine,1990,6454
22087,Louisiana,St Bernard,1990,18139
22089,Louisiana,St Charles,1990,13379
22091,Louisiana,St Helena,1990,3110
22093,Louisiana,St James,1990,6635
22095,Louisiana,St John The Baptist,1990,13648
22097,Louisiana,St Landry,1990,25527
22099,Louisiana,St Martin,1990,14235
22101,Louisiana,St Mary,1990,18698
22103,Louisiana,St Tammany,1990,44048
22105,Louisiana,Tangipahoa,1990,25923
22107,Louisiana,Tensas,1990,2304
22109,Louisiana,Terrebonne,1990,31384
22111,Louisiana,Union,1990,5802
22113,Louisiana,Vermilion,1990,15377
22115,Louisiana,Vernon,1990,18123
22117,Louisiana,Washington,1990,12419
22119,Louisiana,Webster,1990,11473
22121,Louisiana,West Baton Rouge,1990,5779
22123,Louisiana,West Carroll,1990,3526
22125,Louisiana,West Feliciana,1990,2549
22127,Louisiana,Winn,1990,4526
23001,Maine,Androscoggin,1990,27155
23003,Maine,Aroostook,1990,22352
23005,Maine,Cumberland,1990,56928
23007,Maine,Franklin,1990,7599
23009,Maine,Hancock,1990,11335
23011,Maine,Kennebec,1990,29252
23013,Maine,Knox,1990,8864
23015,Maine,Lincoln,1990,7621
23017,Maine,Oxford,1990,13876
23019,Maine,Penobscot,1990,35611
23021,Maine,Piscataquis,1990,4880
23023,Maine,Sagadahoc,1990,8937
23025,Maine,Somerset,1990,13646
23027,Maine,Waldo,1990,8931
23029,Maine,Washington,1990,9040
23031,Maine,York,1990,42975
24001,Maryland,Allegany,1990,16365
24003,Maryland,Anne Arundel,1990,105188
24005,Maryland,Baltimore,1990,151162
24009,Maryland,Calvert,1990,14600
24011,Maryland,Caroline,1990,7100
24013,Maryland,Carroll,1990,32770
24015,Maryland,Cecil,1990,19508
24017,Maryland,Charles,1990,29756
24019,Maryland,Dorchester,1990,6917
24021,Maryland,Frederick,1990,39731
24023,Maryland,Garrett,1990,7620
24025,Maryland,Harford,1990,48782
24027,Maryland,Howard,1990,48482
24029,Maryland,Kent,1990,3805
24031,Maryland,Montgomery,1990,178244
24033,Maryland,Prince Georges,1990,177945
24035,Maryland,Queen Anne's,1990,8341
24037,Maryland,St Mary's,1990,21553
24039,Maryland,Somerset,1990,4727
24041,Maryland,Talbot,1990,6433
24043,Maryland,Washington,1990,27536
24045,Maryland,Wicomico,1990,18110
24047,Maryland,Worcester,1990,7697
24510,Maryland,Baltimore City,1990,179869
25001,Massachusetts,Barnstable,1990,39230
25003,Massachusetts,Berkshire,1990,31689
25005,Massachusetts,Bristol,1990,123881
25007,Massachusetts,Dukes,1990,2704
25009,Massachusetts,Essex,1990,158577
25011,Massachusetts,Franklin,1990,17304
25013,Massachusetts,Hampden,1990,113862
25015,Massachusetts,Hampshire,1990,28234
25017,Massachusetts,Middlesex,1990,290992
25019,Massachusetts,Nantucket,1990,1254
25021,Massachusetts,Norfolk,1990,129687
25023,Massachusetts,Plymouth,1990,114277
25025,Massachusetts,Suffolk,1990,128185
25027,Massachusetts,Worcester,1990,173199
26001,Michigan,Alcona,1990,2142
26003,Michigan,Alger,1990,2240
26005,Michigan,Allegan,1990,26865
26007,Michigan,Alpena,1990,8066
26009,Michigan,Antrim,1990,4677
26011,Michigan,Arenac,1990,3990
26013,Michigan,Baraga,1990,2106
26015,Michigan,Barry,1990,13989
26017,Michigan,Bay,1990,29379
26019,Michigan,Benzie,1990,2956
26021,Michigan,Berrien,1990,43519
26023,Michigan,Branch,1990,11567
26025,Michigan,Calhoun,1990,36193
26027,Michigan,Cass,1990,13365
26029,Michigan,Charlevoix,1990,5792
26031,Michigan,Cheboygan,1990,5605
26033,Michigan,Chippewa,1990,8080
26035,Michigan,Clare,1990,6535
26037,Michigan,Clinton,1990,16652
26039,Michigan,Crawford,1990,3201
26041,Michigan,Delta,1990,10174
26043,Michigan,Dickinson,1990,6972
26045,Michigan,Eaton,1990,25629
26047,Michigan,Emmet,1990,6677
26049,Michigan,Genesee,1990,120663
26051,Michigan,Gladwin,1990,5762
26053,Michigan,Gogebic,1990,4031
26055,Michigan,Grand Traverse,1990,17412
26057,Michigan,Gratiot,1990,10578
26059,Michigan,Hillsdale,1990,12256
26061,Michigan,Houghton,1990,7942
26063,Michigan,Huron,1990,9377
26065,Michigan,Ingham,1990,68365
26067,Michigan,Ionia,1990,16104
26069,Michigan,Iosco,1990,7964
26071,Michigan,Iron,1990,2930
26073,Michigan,Isabella,1990,12526
26075,Michigan,Jackson,1990,38567
26077,Michigan,Kalamazoo,1990,54473
26079,Michigan,Kalkaska,1990,3954
26081,Michigan,Kent,1990,141576
26083,Michigan,Keweenaw,1990,339
26085,Michigan,Lake,1990,2155
26087,Michigan,Lapeer,1990,22109
26089,Michigan,Leelanau,1990,4310
26091,Michigan,Lenawee,1990,25778
26093,Michigan,Livingston,1990,33132
26095,Michigan,Luce,1990,1568
26097,Michigan,Mackinac,1990,2766
26099,Michigan,Macomb,1990,171653
26101,Michigan,Manistee,1990,5101
26103,Michigan,Marquette,1990,18399
26105,Michigan,Mason,1990,6711
26107,Michigan,Mecosta,1990,8183
26109,Michigan,Menominee,1990,6589
26111,Michigan,Midland,1990,20708
26113,Michigan,Missaukee,1990,3603
26115,Michigan,Monroe,1990,38244
26117,Michigan,Montcalm,1990,15201
26119,Michigan,Montmorency,1990,2100
26121,Michigan,Muskegon,1990,44664
26123,Michigan,Newaygo,1990,11292
26125,Michigan,Oakland,1990,268058
26127,Michigan,Oceana,1990,6642
26129,Michigan,Ogemaw,1990,4925
26131,Michigan,Ontonagon,1990,2109
26133,Michigan,Osceola,1990,5973
26135,Michigan,Oscoda,1990,1886
26137,Michigan,Otsego,1990,5118
26139,Michigan,Ottawa,1990,55078
26141,Michigan,Presque Isle,1990,3503
26143,Michigan,Roscommon,1990,4173
26145,Michigan,Saginaw,1990,59577
26147,Michigan,St Clair,1990,40411
26149,Michigan,St Joseph,1990,16978
26151,Michigan,Sanilac,1990,11293
26153,Michigan,Schoolcraft,1990,2130
26155,Michigan,Shiawassee,1990,19935
26157,Michigan,Tuscola,1990,15826
26159,Michigan,Van Buren,1990,20396
26161,Michigan,Washtenaw,1990,61096
26163,Michigan,Wayne,1990,570637
26165,Michigan,Wexford,1990,7565
27001,Minnesota,Aitkin,1990,2959
27003,Minnesota,Anoka,1990,74369
27005,Minnesota,Becker,1990,8108
27007,Minnesota,Beltrami,1990,10228
27009,Minnesota,Benton,1990,9044
27011,Minnesota,Big Stone,1990,1641
27013,Minnesota,Blue Earth,1990,12391
27015,Minnesota,Brown,1990,7397
27017,Minnesota,Carlton,1990,8211
27019,Minnesota,Carver,1990,14507
27021,Minnesota,Cass,1990,5929
27023,Minnesota,Chippewa,1990,3581
27025,Minnesota,Chisago,1990,9404
27027,Minnesota,Clay,1990,12625
27029,Minnesota,Clearwater,1990,2419
27031,Minnesota,Cook,1990,936
27033,Minnesota,Cottonwood,1990,3305
27035,Minnesota,Crow Wing,1990,11928
27037,Minnesota,Dakota,1990,82146
27039,Minnesota,Dodge,1990,4949
27041,Minnesota,Douglas,1990,7780
27043,Minnesota,Faribault,1990,4494
27045,Minnesota,Fillmore,1990,5781
27047,Minnesota,Freeborn,1990,8530
27049,Minnesota,Goodhue,1990,11450
27051,Minnesota,Grant,1990,1617
27053,Minnesota,Hennepin,1990,238809
27055,Minnesota,Houston,1990,5312
27057,Minnesota,Hubbard,1990,4089
27059,Minnesota,Isanti,1990,8112
27061,Minnesota,Itasca,1990,11558
27063,Minnesota,Jackson,1990,3136
27065,Minnesota,Kanabec,1990,3885
27067,Minnesota,Kandiyohi,1990,11037
27069,Minnesota,Kittson,1990,1506
27071,Minnesota,Koochiching,1990,4149
27073,Minnesota,Lac Qui Parle,1990,2359
27075,Minnesota,Lake,1990,2535
27077,Minnesota,Lake Of The Woods,1990,1128
27079,Minnesota,Le Sueur,1990,6865
27081,Minnesota,Lincoln,1990,1801
27083,Minnesota,Lyon,1990,6739
27085,Minnesota,McLeod,1990,9282
27087,Minnesota,Mahnomen,1990,1574
27089,Minnesota,Marshall,1990,3169
27091,Minnesota,Martin,1990,6143
27093,Minnesota,Meeker,1990,6127
27095,Minnesota,Mille Lacs,1990,5437
27097,Minnesota,Morrison,1990,9258
27099,Minnesota,Mower,1990,9555
27101,Minnesota,Murray,1990,2620
27103,Minnesota,Nicollet,1990,7347
27105,Minnesota,Nobles,1990,5331
27107,Minnesota,Norman,1990,2153
27109,Minnesota,Olmsted,1990,29528
27111,Minnesota,Otter Tail,1990,13443
27113,Minnesota,Pennington,1990,3562
27115,Minnesota,Pine,1990,6043
27117,Minnesota,Pipestone,1990,2949
27119,Minnesota,Polk,1990,9143
27121,Minnesota,Pope,1990,2960
27123,Minnesota,Ramsey,1990,120104
27125,Minnesota,Red Lake,1990,1354
27127,Minnesota,Redwood,1990,4846
27129,Minnesota,Renville,1990,4922
27131,Minnesota,Rice,1990,12908
27133,Minnesota,Rock,1990,2786
27135,Minnesota,Roseau,1990,4683
27137,Minnesota,St Louis,1990,48321
27139,Minnesota,Scott,1990,18001
27141,Minnesota,Sherburne,1990,13318
27143,Minnesota,Sibley,1990,4082
27145,Minnesota,Stearns,1990,33009
27147,Minnesota,Steele,1990,8792
27149,Minnesota,Stevens,1990,2500
27151,Minnesota,Swift,1990,2882
27153,Minnesota,Todd,1990,7131
27155,Minnesota,Traverse,1990,1171
27157,Minnesota,Wabasha,1990,5712
27159,Minnesota,Wadena,1990,3712
27161,Minnesota,Waseca,1990,5184
27163,Minnesota,Washington,1990,44315
27165,Minnesota,Watonwan,1990,3281
27167,Minnesota,Wilkin,1990,2126
27169,Minnesota,Winona,1990,11730
27171,Minnesota,Wright,1990,22385
27173,Minnesota,Yellow Medicine,1990,3155
28001,Mississippi,Adams,1990,10242
28003,Mississippi,Alcorn,1990,8089
28005,Mississippi,Amite,1990,3910
28007,Mississippi,Attala,1990,5046
28009,Mississippi,Benton,1990,2398
28011,Mississippi,Bolivar,1990,14167
28013,Mississippi,Calhoun,1990,3922
28015,Mississippi,Carroll,1990,2651
28017,Mississippi,Chickasaw,1990,5405
28019,Mississippi,Choctaw,1990,2740
28021,Mississippi,Claiborne,1990,3184
28023,Mississippi,Clarke,1990,5016
28025,Mississippi,Clay,1990,6533
28027,Mississippi,Coahoma,1990,10814
28029,Mississippi,Copiah,1990,8257
28031,Mississippi,Covington,1990,5105
28033,Mississippi,Desoto,1990,19612
28035,Mississippi,Forrest,1990,17725
28037,Mississippi,Franklin,1990,2479
28039,Mississippi,George,1990,5049
28041,Mississippi,Greene,1990,3072
28043,Mississippi,Grenada,1990,6285
28045,Mississippi,Hancock,1990,8683
28047,Mississippi,Harrison,1990,45488
28049,Mississippi,Hinds,1990,70978
28051,Mississippi,Holmes,1990,7571
28053,Mississippi,Humphreys,1990,4346
28055,Mississippi,Issaquena,1990,621
28057,Mississippi,Itawamba,1990,4863
28059,Mississippi,Jackson,1990,34215
28061,Mississippi,Jasper,1990,5238
28063,Mississippi,Jefferson,1990,3065
28065,Mississippi,Jefferson Davis,1990,4360
28067,Mississippi,Jones,1990,16962
28069,Mississippi,Kemper,1990,3073
28071,Mississippi,Lafayette,1990,6609
28073,Mississippi,Lamar,1990,9106
28075,Mississippi,Lauderdale,1990,21182
28077,Mississippi,Lawrence,1990,3758
28079,Mississippi,Leake,1990,5259
28081,Mississippi,Lee,1990,18496
28083,Mississippi,Leflore,1990,12012
28085,Mississippi,Lincoln,1990,8592
28087,Mississippi,Lowndes,1990,17598
28089,Mississippi,Madison,1990,15919
28091,Mississippi,Marion,1990,7786
28093,Mississippi,Marshall,1990,9094
28095,Mississippi,Monroe,1990,10490
28097,Mississippi,Montgomery,1990,3534
28099,Mississippi,Neshoba,1990,7405
28101,Mississippi,Newton,1990,5582
28103,Mississippi,Noxubee,1990,4264
28105,Mississippi,Oktibbeha,1990,8662
28107,Mississippi,Panola,1990,9562
28109,Mississippi,Pearl River,1990,11204
28111,Mississippi,Perry,1990,3405
28113,Mississippi,Pike,1990,11098
28115,Mississippi,Pontotoc,1990,6028
28117,Mississippi,Prentiss,1990,6008
28119,Mississippi,Quitman,1990,3471
28121,Mississippi,Rankin,1990,24102
28123,Mississippi,Scott,1990,7285
28125,Mississippi,Sharkey,1990,2598
28127,Mississippi,Simpson,1990,7085
28129,Mississippi,Smith,1990,4203
28131,Mississippi,Stone,1990,3062
28133,Mississippi,Sunflower,1990,10445
28135,Mississippi,Tallahatchie,1990,5043
28137,Mississippi,Tate,1990,6282
28139,Mississippi,Tippah,1990,5274
28141,Mississippi,Tishomingo,1990,4171
28143,Mississippi,Tunica,1990,3087
28145,Mississippi,Union,1990,5834
28147,Mississippi,Walthall,1990,4535
28149,Mississippi,Warren,1990,14297
28151,Mississippi,Washington,1990,23027
28153,Mississippi,Wayne,1990,6097
28155,Mississippi,Webster,1990,2748
28157,Mississippi,Wilkinson,1990,2947
28159,Mississippi,Winston,1990,5714
28161,Mississippi,Yalobusha,1990,3362
28163,Mississippi,Yazoo,1990,8275
29001,Missouri,Adair,1990,4948
29003,Missouri,Andrew,1990,3952
29005,Missouri,Atchison,1990,1679
29007,Missouri,Audrain,1990,6223
29009,Missouri,Barry,1990,6977
29011,Missouri,Barton,1990,2986
29013,Missouri,Bates,1990,3928
29015,Missouri,Benton,1990,2977
29017,Missouri,Bollinger,1990,2782
29019,Missouri,Boone,1990,25364
29021,Missouri,Buchanan,1990,21453
29023,Missouri,Butler,1990,9963
29025,Missouri,Caldwell,1990,2200
29027,Missouri,Callaway,1990,8597
29029,Missouri,Camden,1990,5994
29031,Missouri,Cape Girardeau,1990,14629
29033,Missouri,Carroll,1990,2825
29035,Missouri,Carter,1990,1522
29037,Missouri,Cass,1990,18552
29039,Missouri,Cedar,1990,2814
29041,Missouri,Chariton,1990,2374
29043,Missouri,Christian,1990,9329
29045,Missouri,Clark,1990,2054
29047,Missouri,Clay,1990,39502
29049,Missouri,Clinton,1990,4618
29051,Missouri,Cole,1990,15919
29053,Missouri,Cooper,1990,3621
29055,Missouri,Crawford,1990,5160
29057,Missouri,Dade,1990,1883
29059,Missouri,Dallas,1990,3397
29061,Missouri,Daviess,1990,2118
29063,Missouri,DeKalb,1990,2123
29065,Missouri,Dent,1990,3611
29067,Missouri,Douglas,1990,3178
29069,Missouri,Dunklin,1990,8745
29071,Missouri,Franklin,1990,23000
29073,Missouri,Gasconade,1990,3488
29075,Missouri,Gentry,1990,1687
29077,Missouri,Greene,1990,47640
29079,Missouri,Grundy,1990,2499
29081,Missouri,Harrison,1990,1935
29083,Missouri,Henry,1990,4918
29085,Missouri,Hickory,1990,1412
29087,Missouri,Holt,1990,1543
29089,Missouri,Howard,1990,2385
29091,Missouri,Howell,1990,8262
29093,Missouri,Iron,1990,2864
29095,Missouri,Jackson,1990,160815
29097,Missouri,Jasper,1990,23122
29099,Missouri,Jefferson,1990,50998
29101,Missouri,Johnson,1990,10376
29103,Missouri,Knox,1990,1070
29105,Missouri,Laclede,1990,7294
29107,Missouri,Lafayette,1990,8236
29109,Missouri,Lawrence,1990,8086
29111,Missouri,Lewis,1990,2404
29113,Missouri,Lincoln,1990,8676
29115,Missouri,Linn,1990,3455
29117,Missouri,Livingston,1990,3686
29119,Missouri,McDonald,1990,4670
29121,Missouri,Macon,1990,3774
29123,Missouri,Madison,1990,2861
29125,Missouri,Maries,1990,2070
29127,Missouri,Marion,1990,7538
29129,Missouri,Mercer,1990,839
29131,Missouri,Miller,1990,5784
29133,Missouri,Mississippi,1990,4169
29135,Missouri,Moniteau,1990,3390
29137,Missouri,Monroe,1990,2503
29139,Missouri,Montgomery,1990,2971
29141,Missouri,Morgan,1990,3604
29143,Missouri,New Madrid,1990,6121
29145,Missouri,Newton,1990,11773
29147,Missouri,Nodaway,1990,4878
29149,Missouri,Oregon,1990,2257
29151,Missouri,Osage,1990,3339
29153,Missouri,Ozark,1990,1986
29155,Missouri,Pemiscot,1990,6760
29157,Missouri,Perry,1990,4659
29159,Missouri,Pettis,1990,9215
29161,Missouri,Phelps,1990,8422
29163,Missouri,Pike,1990,4356
29165,Missouri,Platte,1990,15203
29167,Missouri,Polk,1990,5359
29169,Missouri,Pulaski,1990,11922
29171,Missouri,Putnam,1990,1151
29173,Missouri,Ralls,1990,2250
29175,Missouri,Randolph,1990,6088
29177,Missouri,Ray,1990,6264
29179,Missouri,Reynolds,1990,1754
29181,Missouri,Ripley,1990,3305
29183,Missouri,St Charles,1990,64067
29185,Missouri,St Clair,1990,1976
29186,Missouri,Ste Genevieve,1990,4489
29187,Missouri,St Francois,1990,12448
29189,Missouri,St Louis,1990,244395
29195,Missouri,Saline,1990,5902
29197,Missouri,Schuyler,1990,1040
29199,Missouri,Scotland,1990,1225
29201,Missouri,Scott,1990,11191
29203,Missouri,Shannon,1990,2031
29205,Missouri,Shelby,1990,1799
29207,Missouri,Stoddard,1990,7219
29209,Missouri,Stone,1990,4100
29211,Missouri,Sullivan,1990,1381
29213,Missouri,Taney,1990,5287
29215,Missouri,Texas,1990,5789
29217,Missouri,Vernon,1990,4966
29219,Missouri,Warren,1990,5485
29221,Missouri,Washington,1990,6081
29223,Missouri,Wayne,1990,2733
29225,Missouri,Webster,1990,6805
29227,Missouri,Worth,1990,586
29229,Missouri,Wright,1990,4708
29510,Missouri,St Louis City,1990,100040
30001,Montana,Beaverhead,1990,2341
30003,Montana,Big Horn,1990,4156
30005,Montana,Blaine,1990,2234
30007,Montana,Broadwater,1990,955
30009,Montana,Carbon,1990,2177
30011,Montana,Carter,1990,386
30013,Montana,Cascade,1990,21556
30015,Montana,Chouteau,1990,1539
30017,Montana,Custer,1990,3213
30019,Montana,Daniels,1990,578
30021,Montana,Dawson,1990,2628
30023,Montana,Deer Lodge,1990,2391
30025,Montana,Fallon,1990,949
30027,Montana,Fergus,1990,3222
30029,Montana,Flathead,1990,16749
30031,Montana,Gallatin,1990,12268
30033,Montana,Garfield,1990,481
30035,Montana,Glacier,1990,4496
30037,Montana,Golden Valley,1990,253
30039,Montana,Granite,1990,678
30041,Montana,Hill,1990,5411
30043,Montana,Jefferson,1990,2338
30045,Montana,Judith Basin,1990,581
30047,Montana,Lake,1990,6349
30049,Montana,Lewis And Clark,1990,13144
30051,Montana,Liberty,1990,732
30053,Montana,Lincoln,1990,5229
30055,Montana,McCone,1990,657
30057,Montana,Madison,1990,1529
30059,Montana,Meagher,1990,484
30061,Montana,Mineral,1990,981
30063,Montana,Missoula,1990,20233
30065,Montana,Musselshell,1990,1043
30067,Montana,Park,1990,3683
30069,Montana,Petroleum,1990,141
30071,Montana,Phillips,1990,1561
30073,Montana,Pondera,1990,1973
30075,Montana,Powder River,1990,576
30077,Montana,Powell,1990,1486
30079,Montana,Prairie,1990,327
30081,Montana,Ravalli,1990,6851
30083,Montana,Richland,1990,3386
30085,Montana,Roosevelt,1990,3876
30087,Montana,Rosebud,1990,3835
30089,Montana,Sanders,1990,2484
30091,Montana,Sheridan,1990,1248
30093,Montana,Silver Bow,1990,8438
30095,Montana,Stillwater,1990,1823
30097,Montana,Sweet Grass,1990,838
30099,Montana,Teton,1990,1824
30101,Montana,Toole,1990,1477
30103,Montana,Treasure,1990,245
30105,Montana,Valley,1990,2249
30107,Montana,Wheatland,1990,609
30109,Montana,Wibaux,1990,330
30111,Montana,Yellowstone,1990,30873
30113,Montana,Yellowstone National Park,1990,10
31001,Nebraska,Adams,1990,7368
31003,Nebraska,Antelope,1990,2436
31005,Nebraska,Arthur,1990,119
31007,Nebraska,Banner,1990,253
31009,Nebraska,Blaine,1990,188
31011,Nebraska,Boone,1990,1945
31013,Nebraska,Box Butte,1990,4248
31015,Nebraska,Boyd,1990,767
31017,Nebraska,Brown,1990,981
31019,Nebraska,Buffalo,1990,9630
31021,Nebraska,Burt,1990,2119
31023,Nebraska,Butler,1990,2410
31025,Nebraska,Cass,1990,6135
31027,Nebraska,Cedar,1990,3143
31029,Nebraska,Chase,1990,1266
31031,Nebraska,Cherry,1990,1774
31033,Nebraska,Cheyenne,1990,2614
31035,Nebraska,Clay,1990,1940
31037,Nebraska,Colfax,1990,2528
31039,Nebraska,Cuming,1990,2820
31041,Nebraska,Custer,1990,3314
31043,Nebraska,Dakota,1990,5073
31045,Nebraska,Dawes,1990,2280
31047,Nebraska,Dawson,1990,5572
31049,Nebraska,Deuel,1990,588
31051,Nebraska,Dixon,1990,1731
31053,Nebraska,Dodge,1990,9004
31055,Nebraska,Douglas,1990,111898
31057,Nebraska,Dundy,1990,643
31059,Nebraska,Fillmore,1990,1881
31061,Nebraska,Franklin,1990,923
31063,Nebraska,Frontier,1990,863
31065,Nebraska,Furnas,1990,1316
31067,Nebraska,Gage,1990,5567
31069,Nebraska,Garden,1990,571
31071,Nebraska,Garfield,1990,554
31073,Nebraska,Gosper,1990,470
31075,Nebraska,Grant,1990,225
31077,Nebraska,Greeley,1990,924
31079,Nebraska,Hall,1990,13873
31081,Nebraska,Hamilton,1990,2573
31083,Nebraska,Harlan,1990,939
31085,Nebraska,Hayes,1990,331
31087,Nebraska,Hitchcock,1990,1083
31089,Nebraska,Holt,1990,3809
31091,Nebraska,Hooker,1990,195
31093,Nebraska,Howard,1990,1725
31095,Nebraska,Jefferson,1990,2154
31097,Nebraska,Johnson,1990,1145
31099,Nebraska,Kearney,1990,1789
31101,Nebraska,Keith,1990,2387
31103,Nebraska,Keya Paha,1990,269
31105,Nebraska,Kimball,1990,1093
31107,Nebraska,Knox,1990,2502
31109,Nebraska,Lancaster,1990,51048
31111,Nebraska,Lincoln,1990,9380
31113,Nebraska,Logan,1990,293
31115,Nebraska,Loup,1990,188
31117,Nebraska,McPherson,1990,160
31119,Nebraska,Madison,1990,9311
31121,Nebraska,Merrick,1990,2237
31123,Nebraska,Morrill,1990,1520
31125,Nebraska,Nance,1990,1229
31127,Nebraska,Nemaha,1990,1952
31129,Nebraska,Nuckolls,1990,1498
31131,Nebraska,Otoe,1990,3727
31133,Nebraska,Pawnee,1990,768
31135,Nebraska,Perkins,1990,1002
31137,Nebraska,Phelps,1990,2656
31139,Nebraska,Pierce,1990,2289
31141,Nebraska,Platte,1990,9257
31143,Nebraska,Polk,1990,1514
31145,Nebraska,Red Willow,1990,3178
31147,Nebraska,Richardson,1990,2473
31149,Nebraska,Rock,1990,583
31151,Nebraska,Saline,1990,3163
31153,Nebraska,Sarpy,1990,33070
31155,Nebraska,Saunders,1990,5219
31157,Nebraska,Scotts Bluff,1990,10063
31159,Nebraska,Seward,1990,4109
31161,Nebraska,Sheridan,1990,1882
31163,Nebraska,Sherman,1990,1050
31165,Nebraska,Sioux,1990,407
31167,Nebraska,Stanton,1990,2062
31169,Nebraska,Thayer,1990,1637
31171,Nebraska,Thomas,1990,269
31173,Nebraska,Thurston,1990,2432
31175,Nebraska,Valley,1990,1340
31177,Nebraska,Washington,1990,4554
31179,Nebraska,Wayne,1990,2257
31181,Nebraska,Webster,1990,1014
31183,Nebraska,Wheeler,1990,310
31185,Nebraska,York,1990,3963
32001,Nevada,Churchill,1990,5055
32003,Nevada,Clark,1990,181809
32005,Nevada,Douglas,1990,7072
32007,Nevada,Elko,1990,10810
32009,Nevada,Esmeralda,1990,323
32011,Nevada,Eureka,1990,425
32013,Nevada,Humboldt,1990,3895
32015,Nevada,Lander,1990,2141
32017,Nevada,Lincoln,1990,1282
32019,Nevada,Lyon,1990,5462
32021,Nevada,Mineral,1990,1875
32023,Nevada,Nye,1990,4412
32027,Nevada,Pershing,1990,1320
32029,Nevada,Storey,1990,586
32031,Nevada,Washoe,1990,58879
32033,Nevada,White Pine,1990,2565
32510,Nevada,Carson City,1990,9037
33001,New Hampshire,Belknap,1990,12608
33003,New Hampshire,Carroll,1990,8478
33005,New Hampshire,Cheshire,1990,17066
33007,New Hampshire,Coos,1990,8567
33009,New Hampshire,Grafton,1990,17185
33011,New Hampshire,Hillsborough,1990,86198
33013,New Hampshire,Merrimack,1990,30361
33015,New Hampshire,Rockingham,1990,63971
33017,New Hampshire,Strafford,1990,24448
33019,New Hampshire,Sullivan,1990,9873
34001,New Jersey,Atlantic,1990,51436
34003,New Jersey,Bergen,1990,168368
34005,New Jersey,Burlington,1990,98236
34007,New Jersey,Camden,1990,133067
34009,New Jersey,Cape May,1990,21062
34011,New Jersey,Cumberland,1990,35949
34013,New Jersey,Essex,1990,188637
34015,New Jersey,Gloucester,1990,61538
34017,New Jersey,Hudson,1990,122483
34019,New Jersey,Hunterdon,1990,25941
34021,New Jersey,Mercer,1990,73346
34023,New Jersey,Middlesex,1990,144631
34025,New Jersey,Monmouth,1990,134814
34027,New Jersey,Morris,1990,96291
34029,New Jersey,Ocean,1990,98165
34031,New Jersey,Passaic,1990,108743
34033,New Jersey,Salem,1990,16737
34035,New Jersey,Somerset,1990,52889
34037,New Jersey,Sussex,1990,36386
34039,New Jersey,Union,1990,108088
34041,New Jersey,Warren,1990,22655
35001,New Mexico,Bernalillo,1990,125599
35003,New Mexico,Catron,1990,682
35005,New Mexico,Chaves,1990,17712
35006,New Mexico,Cibola,1990,8074
35007,New Mexico,Colfax,1990,3699
35009,New Mexico,Curry,1990,12961
35011,New Mexico,De Baca,1990,568
35013,New Mexico,Dona Ana,1990,41200
35015,New Mexico,Eddy,1990,14656
35017,New Mexico,Grant,1990,8406
35019,New Mexico,Guadalupe,1990,1274
35021,New Mexico,Harding,1990,278
35023,New Mexico,Hidalgo,1990,1973
35025,New Mexico,Lea,1990,18531
35027,New Mexico,Lincoln,1990,3105
35028,New Mexico,Los Alamos,1990,4717
35029,New Mexico,Luna,1990,5275
35031,New Mexico,McKinley,1990,23556
35033,New Mexico,Mora,1990,1244
35035,New Mexico,Otero,1990,15887
35037,New Mexico,Quay,1990,2978
35039,New Mexico,Rio Arriba,1990,11143
35041,New Mexico,Roosevelt,1990,4532
35043,New Mexico,Sandoval,1990,20279
35045,New Mexico,San Juan,1990,33340
35047,New Mexico,San Miguel,1990,7799
35049,New Mexico,Santa Fe,1990,25697
35051,New Mexico,Sierra,1990,1954
35053,New Mexico,Socorro,1990,4476
35055,New Mexico,Taos,1990,6728
35057,New Mexico,Torrance,1990,3303
35059,New Mexico,Union,1990,1165
35061,New Mexico,Valencia,1990,13950
36001,New York,Albany,1990,62620
36003,New York,Allegany,1990,12999
36005,New York,Bronx,1990,331648
36007,New York,Broome,1990,48581
36009,New York,Cattaraugus,1990,23299
36011,New York,Cayuga,1990,21581
36013,New York,Chautauqua,1990,35932
36015,New York,Chemung,1990,24138
36017,New York,Chenango,1990,14332
36019,New York,Clinton,1990,21437
36021,New York,Columbia,1990,15441
36023,New York,Cortland,1990,12141
36025,New York,Delaware,1990,11880
36027,New York,Dutchess,1990,61966
36029,New York,Erie,1990,225467
36031,New York,Essex,1990,9019
36033,New York,Franklin,1990,11898
36035,New York,Fulton,1990,14057
36037,New York,Genesee,1990,15902
36039,New York,Greene,1990,10394
36041,New York,Hamilton,1990,1142
36043,New York,Herkimer,1990,16840
36045,New York,Jefferson,1990,30516
36047,New York,Kings,1990,605554
36049,New York,Lewis,1990,8161
36051,New York,Livingston,1990,15193
36053,New York,Madison,1990,17434
36055,New York,Monroe,1990,175450
36057,New York,Montgomery,1990,12861
36059,New York,Nassau,1990,280698
36061,New York,New York,1990,246827
36063,New York,Niagara,1990,55002
36065,New York,Oneida,1990,60756
36067,New York,Onondaga,1990,114845
36069,New York,Ontario,1990,23791
36071,New York,Orange,1990,85061
36073,New York,Orleans,1990,11260
36075,New York,Oswego,1990,33911
36077,New York,Otsego,1990,14037
36079,New York,Putnam,1990,21633
36081,New York,Queens,1990,408627
36083,New York,Rensselaer,1990,36842
36085,New York,Richmond,1990,94062
36087,New York,Rockland,1990,68959
36089,New York,St Lawrence,1990,28215
36091,New York,Saratoga,1990,46495
36093,New York,Schenectady,1990,34253
36095,New York,Schoharie,1990,7748
36097,New York,Schuyler,1990,5038
36099,New York,Seneca,1990,8710
36101,New York,Steuben,1990,26967
36103,New York,Suffolk,1990,326588
36105,New York,Sullivan,1990,17135
36107,New York,Tioga,1990,14825
36109,New York,Tompkins,1990,18236
36111,New York,Ulster,1990,38609
36113,New York,Warren,1990,14748
36115,New York,Washington,1990,15308
36117,New York,Wayne,1990,24934
36119,New York,Westchester,1990,190269
36121,New York,Wyoming,1990,11221
36123,New York,Yates,1990,6056
37001,North Carolina,Alamance,1990,23675
37003,North Carolina,Alexander,1990,6773
37005,North Carolina,Alleghany,1990,2055
37007,North Carolina,Anson,1990,6344
37009,North Carolina,Ashe,1990,4803
37011,North Carolina,Avery,1990,3338
37013,North Carolina,Beaufort,1990,10955
37015,North Carolina,Bertie,1990,5841
37017,North Carolina,Bladen,1990,7606
37019,North Carolina,Brunswick,1990,12025
37021,North Carolina,Buncombe,1990,38935
37023,North Carolina,Burke,1990,17807
37025,North Carolina,Cabarrus,1990,23897
37027,North Carolina,Caldwell,1990,16687
37029,North Carolina,Camden,1990,1435
37031,North Carolina,Carteret,1990,11807
37033,North Carolina,Caswell,1990,4919
37035,North Carolina,Catawba,1990,28285
37037,North Carolina,Chatham,1990,8686
37039,North Carolina,Cherokee,1990,4571
37041,North Carolina,Chowan,1990,3536
37043,North Carolina,Clay,1990,1615
37045,North Carolina,Cleveland,1990,20774
37047,North Carolina,Columbus,1990,13601
37049,North Carolina,Craven,1990,22043
37051,North Carolina,Cumberland,1990,76774
37053,North Carolina,Currituck,1990,3494
37055,North Carolina,Dare,1990,5089
37057,North Carolina,Davidson,1990,30320
37059,North Carolina,Davie,1990,6526
37061,North Carolina,Duplin,1990,10554
37063,North Carolina,Durham,1990,41410
37065,North Carolina,Edgecombe,1990,16019
37067,North Carolina,Forsyth,1990,60408
37069,North Carolina,Franklin,1990,8837
37071,North Carolina,Gaston,1990,44183
37073,North Carolina,Gates,1990,2373
37075,North Carolina,Graham,1990,1697
37077,North Carolina,Granville,1990,9237
37079,North Carolina,Greene,1990,3993
37081,North Carolina,Guilford,1990,77717
37083,North Carolina,Halifax,1990,15325
37085,North Carolina,Harnett,1990,17286
37087,North Carolina,Haywood,1990,9746
37089,North Carolina,Henderson,1990,14577
37091,North Carolina,Hertford,1990,6107
37093,North Carolina,Hoke,1990,6978
37095,North Carolina,Hyde,1990,1359
37097,North Carolina,Iredell,1990,22435
37099,North Carolina,Jackson,1990,5412
37101,North Carolina,Johnston,1990,20103
37103,North Carolina,Jones,1990,2503
37105,North Carolina,Lee,1990,10756
37107,North Carolina,Lenoir,1990,14885
37109,North Carolina,Lincoln,1990,12510
37111,North Carolina,McDowell,1990,8528
37113,North Carolina,Macon,1990,4665
37115,North Carolina,Madison,1990,3697
37117,North Carolina,Martin,1990,6694
37119,North Carolina,Mecklenburg,1990,123453
37121,North Carolina,Mitchell,1990,3109
37123,North Carolina,Montgomery,1990,6021
37125,North Carolina,Moore,1990,13336
37127,North Carolina,Nash,1990,19570
37129,North Carolina,New Hanover,1990,27361
37131,North Carolina,Northampton,1990,5203
37133,North Carolina,Onslow,1990,36304
37135,North Carolina,Orange,1990,17747
37137,North Carolina,Pamlico,1990,2710
37139,North Carolina,Pasquotank,1990,8469
37141,North Carolina,Pender,1990,7113
37143,North Carolina,Perquimans,1990,2572
37145,North Carolina,Person,1990,7419
37147,North Carolina,Pitt,1990,26104
37149,North Carolina,Polk,1990,2793
37151,North Carolina,Randolph,1990,25717
37153,North Carolina,Richmond,1990,11773
37155,North Carolina,Robeson,1990,32276
37157,North Carolina,Rockingham,1990,20432
37159,North Carolina,Rowan,1990,26196
37161,North Carolina,Rutherford,1990,13881
37163,North Carolina,Sampson,1990,12445
37165,North Carolina,Scotland,1990,9931
37167,North Carolina,Stanly,1990,12701
37169,North Carolina,Stokes,1990,9077
37171,North Carolina,Surry,1990,14121
37173,North Carolina,Swain,1990,2855
37175,North Carolina,Transylvania,1990,5572
37177,North Carolina,Tyrrell,1990,1064
37179,North Carolina,Union,1990,23010
37181,North Carolina,Vance,1990,10395
37183,North Carolina,Wake,1990,97815
37185,North Carolina,Warren,1990,4349
37187,North Carolina,Washington,1990,3881
37189,North Carolina,Watauga,1990,6322
37191,North Carolina,Wayne,1990,27370
37193,North Carolina,Wilkes,1990,13970
37195,North Carolina,Wilson,1990,17228
37197,North Carolina,Yadkin,1990,6840
37199,North Carolina,Yancey,1990,3434
38001,North Dakota,Adams,1990,827
38003,North Dakota,Barnes,1990,3092
38005,North Dakota,Benson,1990,2502
38007,North Dakota,Billings,1990,364
38009,North Dakota,Bottineau,1990,2063
38011,North Dakota,Bowman,1990,1009
38013,North Dakota,Burke,1990,742
38015,North Dakota,Burleigh,1990,16744
38017,North Dakota,Cass,1990,25690
38019,North Dakota,Cavalier,1990,1633
38021,North Dakota,Dickey,1990,1527
38023,North Dakota,Divide,1990,692
38025,North Dakota,Dunn,1990,1237
38027,North Dakota,Eddy,1990,738
38029,North Dakota,Emmons,1990,1243
38031,North Dakota,Foster,1990,1094
38033,North Dakota,Golden Valley,1990,651
38035,North Dakota,Grand Forks,1990,18377
38037,North Dakota,Grant,1990,942
38039,North Dakota,Griggs,1990,857
38041,North Dakota,Hettinger,1990,900
38043,North Dakota,Kidder,1990,916
38045,North Dakota,Lamoure,1990,1465
38047,North Dakota,Logan,1990,706
38049,North Dakota,McHenry,1990,1770
38051,North Dakota,McIntosh,1990,873
38053,North Dakota,McKenzie,1990,2111
38055,North Dakota,McLean,1990,3053
38057,North Dakota,Mercer,1990,3179
38059,North Dakota,Morton,1990,7161
38061,North Dakota,Mountrail,1990,2108
38063,North Dakota,Nelson,1990,1027
38065,North Dakota,Oliver,1990,800
38067,North Dakota,Pembina,1990,2591
38069,North Dakota,Pierce,1990,1287
38071,North Dakota,Ramsey,1990,3345
38073,North Dakota,Ransom,1990,1531
38075,North Dakota,Renville,1990,873
38077,North Dakota,Richland,1990,4917
38079,North Dakota,Rolette,1990,4877
38081,North Dakota,Sargent,1990,1224
38083,North Dakota,Sheridan,1990,516
38085,North Dakota,Sioux,1990,1621
38087,North Dakota,Slope,1990,272
38089,North Dakota,Stark,1990,6773
38091,North Dakota,Steele,1990,632
38093,North Dakota,Stutsman,1990,5785
38095,North Dakota,Towner,1990,975
38097,North Dakota,Traill,1990,2244
38099,North Dakota,Walsh,1990,3817
38101,North Dakota,Ward,1990,16252
38103,North Dakota,Wells,1990,1434
38105,North Dakota,Williams,1990,6326
39001,Ohio,Adams,1990,7358
39003,Ohio,Allen,1990,30006
39005,Ohio,Ashland,1990,12989
39007,Ohio,Ashtabula,1990,27318
39009,Ohio,Athens,1990,12131
39011,Ohio,Auglaize,1990,13044
39013,Ohio,Belmont,1990,16846
39015,Ohio,Brown,1990,10012
39017,Ohio,Butler,1990,76281
39019,Ohio,Carroll,1990,7252
39021,Ohio,Champaign,1990,9571
39023,Ohio,Clark,1990,37924
39025,Ohio,Clermont,1990,44046
39027,Ohio,Clinton,1990,9678
39029,Ohio,Columbiana,1990,28805
39031,Ohio,Coshocton,1990,9679
39033,Ohio,Crawford,1990,12780
39035,Ohio,Cuyahoga,1990,338183
39037,Ohio,Darke,1990,14806
39039,Ohio,Defiance,1990,11279
39041,Ohio,Delaware,1990,18406
39043,Ohio,Erie,1990,20102
39045,Ohio,Fairfield,1990,27994
39047,Ohio,Fayette,1990,7245
39049,Ohio,Franklin,1990,236766
39051,Ohio,Fulton,1990,11325
39053,Ohio,Gallia,1990,8266
39055,Ohio,Geauga,1990,23247
39057,Ohio,Greene,1990,35128
39059,Ohio,Guernsey,1990,10477
39061,Ohio,Hamilton,1990,224930
39063,Ohio,Hancock,1990,17642
39065,Ohio,Hardin,1990,7986
39067,Ohio,Harrison,1990,4067
39069,Ohio,Henry,1990,8452
39071,Ohio,Highland,1990,9792
39073,Ohio,Hocking,1990,6793
39075,Ohio,Holmes,1990,11773
39077,Ohio,Huron,1990,16462
39079,Ohio,Jackson,1990,8303
39081,Ohio,Jefferson,1990,18947
39083,Ohio,Knox,1990,11836
39085,Ohio,Lake,1990,53744
39087,Ohio,Lawrence,1990,16707
39089,Ohio,Licking,1990,33770
39091,Ohio,Logan,1990,11682
39093,Ohio,Lorain,1990,74416
39095,Ohio,Lucas,1990,122315
39097,Ohio,Madison,1990,9182
39099,Ohio,Mahoning,1990,64919
39101,Ohio,Marion,1990,17166
39103,Ohio,Medina,1990,34867
39105,Ohio,Meigs,1990,6182
39107,Ohio,Mercer,1990,12240
39109,Ohio,Miami,1990,24992
39111,Ohio,Monroe,1990,3987
39113,Ohio,Montgomery,1990,142640
39115,Ohio,Morgan,1990,4070
39117,Ohio,Morrow,1990,8062
39119,Ohio,Muskingum,1990,21921
39121,Ohio,Noble,1990,3282
39123,Ohio,Ottawa,1990,9940
39125,Ohio,Paulding,1990,6112
39127,Ohio,Perry,1990,9148
39129,Ohio,Pickaway,1990,11713
39131,Ohio,Pike,1990,6965
39133,Ohio,Portage,1990,34973
39135,Ohio,Preble,1990,11066
39137,Ohio,Putnam,1990,10710
39139,Ohio,Richland,1990,32961
39141,Ohio,Ross,1990,17333
39143,Ohio,Sandusky,1990,17361
39145,Ohio,Scioto,1990,21500
39147,Ohio,Seneca,1990,17017
39149,Ohio,Shelby,1990,13443
39151,Ohio,Stark,1990,92466
39153,Ohio,Summit,1990,125789
39155,Ohio,Trumbull,1990,57397
39157,Ohio,Tuscarawas,1990,22152
39159,Ohio,Union,1990,8533
39161,Ohio,Van Wert,1990,8434
39163,Ohio,Vinton,1990,3077
39165,Ohio,Warren,1990,30656
39167,Ohio,Washington,1990,15968
39169,Ohio,Wayne,1990,28799
39171,Ohio,Williams,1990,10460
39173,Ohio,Wood,1990,27577
39175,Ohio,Wyandot,1990,6123
40001,Oklahoma,Adair,1990,5651
40003,Oklahoma,Alfalfa,1990,1352
40005,Oklahoma,Atoka,1990,3316
40007,Oklahoma,Beaver,1990,1670
40009,Oklahoma,Beckham,1990,5287
40011,Oklahoma,Blaine,1990,3169
40013,Oklahoma,Bryan,1990,8074
40015,Oklahoma,Caddo,1990,8440
40017,Oklahoma,Canadian,1990,22460
40019,Oklahoma,Carter,1990,11721
40021,Oklahoma,Cherokee,1990,9231
40023,Oklahoma,Choctaw,1990,4308
40025,Oklahoma,Cimarron,1990,910
40027,Oklahoma,Cleveland,1990,45979
40029,Oklahoma,Coal,1990,1537
40031,Oklahoma,Comanche,1990,31515
40033,Oklahoma,Cotton,1990,1699
40035,Oklahoma,Craig,1990,3301
40037,Oklahoma,Creek,1990,17093
40039,Oklahoma,Custer,1990,7115
40041,Oklahoma,Delaware,1990,6806
40043,Oklahoma,Dewey,1990,1463
40045,Oklahoma,Ellis,1990,1178
40047,Oklahoma,Garfield,1990,14878
40049,Oklahoma,Garvin,1990,6763
40051,Oklahoma,Grady,1990,11816
40053,Oklahoma,Grant,1990,1432
40055,Oklahoma,Greer,1990,1312
40057,Oklahoma,Harmon,1990,1041
40059,Oklahoma,Harper,1990,1032
40061,Oklahoma,Haskell,1990,2840
40063,Oklahoma,Hughes,1990,3199
40065,Oklahoma,Jackson,1990,8478
40067,Oklahoma,Jefferson,1990,1732
40069,Oklahoma,Johnston,1990,2679
40071,Oklahoma,Kay,1990,12753
40073,Oklahoma,Kingfisher,1990,3784
40075,Oklahoma,Kiowa,1990,3025
40077,Oklahoma,Latimer,1990,2796
40079,Oklahoma,Le Flore,1990,11924
40081,Oklahoma,Lincoln,1990,8219
40083,Oklahoma,Logan,1990,7890
40085,Oklahoma,Love,1990,2047
40087,Oklahoma,McClain,1990,6306
40089,Oklahoma,McCurtain,1990,9894
40091,Oklahoma,McIntosh,1990,3918
40093,Oklahoma,Major,1990,2174
40095,Oklahoma,Marshall,1990,2459
40097,Oklahoma,Mayes,1990,9077
40099,Oklahoma,Murray,1990,3067
40101,Oklahoma,Muskogee,1990,18621
40103,Oklahoma,Noble,1990,2985
40105,Oklahoma,Nowata,1990,2520
40107,Oklahoma,Okfuskee,1990,3024
40109,Oklahoma,Oklahoma,1990,156690
40111,Oklahoma,Okmulgee,1990,9766
40113,Oklahoma,Osage,1990,11549
40115,Oklahoma,Ottawa,1990,7332
40117,Oklahoma,Pawnee,1990,4198
40119,Oklahoma,Payne,1990,12997
40121,Oklahoma,Pittsburg,1990,10064
40123,Oklahoma,Pontotoc,1990,8531
40125,Oklahoma,Pottawatomie,1990,15852
40127,Oklahoma,Pushmataha,1990,2804
40129,Oklahoma,Roger Mills,1990,1153
40131,Oklahoma,Rogers,1990,15672
40133,Oklahoma,Seminole,1990,6765
40135,Oklahoma,Sequoyah,1990,9628
40137,Oklahoma,Stephens,1990,10993
40139,Oklahoma,Texas,1990,4622
40141,Oklahoma,Tillman,1990,2895
40143,Oklahoma,Tulsa,1990,131494
40145,Oklahoma,Wagoner,1990,14229
40147,Oklahoma,Washington,1990,12425
40149,Oklahoma,Washita,1990,3089
40151,Oklahoma,Woods,1990,1963
40153,Oklahoma,Woodward,1990,5336
41001,Oregon,Baker,1990,4014
41003,Oregon,Benton,1990,15770
41005,Oregon,Clackamas,1990,74403
41007,Oregon,Clatsop,1990,8560
41009,Oregon,Columbia,1990,10796
41011,Oregon,Coos,1990,15135
41013,Oregon,Crook,1990,3864
41015,Oregon,Curry,1990,3990
41017,Oregon,Deschutes,1990,19325
41019,Oregon,Douglas,1990,25460
41021,Oregon,Gilliam,1990,461
41023,Oregon,Grant,1990,2129
41025,Oregon,Harney,1990,1973
41027,Oregon,Hood River,1990,4620
41029,Oregon,Jackson,1990,36705
41031,Oregon,Jefferson,1990,4282
41033,Oregon,Josephine,1990,15196
41035,Oregon,Klamath,1990,15369
41037,Oregon,Lake,1990,2022
41039,Oregon,Lane,1990,69200
41041,Oregon,Lincoln,1990,9080
41043,Oregon,Linn,1990,24365
41045,Oregon,Malheur,1990,7959
41047,Oregon,Marion,1990,60288
41049,Oregon,Morrow,1990,2312
41051,Oregon,Multnomah,1990,134920
41053,Oregon,Polk,1990,13104
41055,Oregon,Sherman,1990,533
41057,Oregon,Tillamook,1990,5075
41059,Oregon,Umatilla,1990,16506
41061,Oregon,Union,1990,6545
41063,Oregon,Wallowa,1990,1843
41065,Oregon,Wasco,1990,5857
41067,Oregon,Washington,1990,83586
41069,Oregon,Wheeler,1990,309
41071,Oregon,Yamhill,1990,18574
42001,Pennsylvania,Adams,1990,19595
42003,Pennsylvania,Allegheny,1990,282183
42005,Pennsylvania,Armstrong,1990,17682
42007,Pennsylvania,Beaver,1990,43422
42009,Pennsylvania,Bedford,1990,12016
42011,Pennsylvania,Berks,1990,78446
42013,Pennsylvania,Blair,1990,31820
42015,Pennsylvania,Bradford,1990,16547
42017,Pennsylvania,Bucks,1990,138939
42019,Pennsylvania,Butler,1990,37615
42021,Pennsylvania,Cambria,1990,37970
42023,Pennsylvania,Cameron,1990,1513
42025,Pennsylvania,Carbon,1990,13004
42027,Pennsylvania,Centre,1990,22619
42029,Pennsylvania,Chester,1990,94025
42031,Pennsylvania,Clarion,1990,9685
42033,Pennsylvania,Clearfield,1990,19646
42035,Pennsylvania,Clinton,1990,8653
42037,Pennsylvania,Columbia,1990,13789
42039,Pennsylvania,Crawford,1990,22338
42041,Pennsylvania,Cumberland,1990,42928
42043,Pennsylvania,Dauphin,1990,55625
42045,Pennsylvania,Delaware,1990,126610
42047,Pennsylvania,Elk,1990,8954
42049,Pennsylvania,Erie,1990,71437
42051,Pennsylvania,Fayette,1990,35083
42053,Pennsylvania,Forest,1990,1117
42055,Pennsylvania,Franklin,1990,29531
42057,Pennsylvania,Fulton,1990,3706
42059,Pennsylvania,Greene,1990,10135
42061,Pennsylvania,Huntingdon,1990,10387
42063,Pennsylvania,Indiana,1990,20993
42065,Pennsylvania,Jefferson,1990,11695
42067,Pennsylvania,Juniata,1990,5323
42069,Pennsylvania,Lackawanna,1990,47951
42071,Pennsylvania,Lancaster,1990,111936
42073,Pennsylvania,Lawrence,1990,22610
42075,Pennsylvania,Lebanon,1990,27762
42077,Pennsylvania,Lehigh,1990,65944
42079,Pennsylvania,Luzerne,1990,70184
42081,Pennsylvania,Lycoming,1990,29556
42083,Pennsylvania,McKean,1990,11655
42085,Pennsylvania,Mercer,1990,28378
42087,Pennsylvania,Mifflin,1990,11512
42089,Pennsylvania,Monroe,1990,23802
42091,Pennsylvania,Montgomery,1990,152905
42093,Pennsylvania,Montour,1990,4321
42095,Pennsylvania,Northampton,1990,57326
42097,Pennsylvania,Northumberland,1990,22431
42099,Pennsylvania,Perry,1990,11098
42101,Pennsylvania,Philadelphia,1990,379421
42103,Pennsylvania,Pike,1990,7063
42105,Pennsylvania,Potter,1990,4591
42107,Pennsylvania,Schuylkill,1990,33658
42109,Pennsylvania,Snyder,1990,9317
42111,Pennsylvania,Somerset,1990,19553
42113,Pennsylvania,Sullivan,1990,1410
42115,Pennsylvania,Susquehanna,1990,10838
42117,Pennsylvania,Tioga,1990,10394
42119,Pennsylvania,Union,1990,8300
42121,Pennsylvania,Venango,1990,15390
42123,Pennsylvania,Warren,1990,11344
42125,Pennsylvania,Washington,1990,45955
42127,Pennsylvania,Wayne,1990,10052
42129,Pennsylvania,Westmoreland,1990,83120
42131,Pennsylvania,Wyoming,1990,7738
42133,Pennsylvania,York,1990,82264
44001,Rhode Island,Bristol,1990,10744
44003,Rhode Island,Kent,1990,36336
44005,Rhode Island,Newport,1990,19646
44007,Rhode Island,Providence,1990,133598
44009,Rhode Island,Washington,1990,25366
45001,South Carolina,Abbeville,1990,6165
45003,South Carolina,Aiken,1990,33019
45005,South Carolina,Allendale,1990,3459
45007,South Carolina,Anderson,1990,36080
45009,South Carolina,Bamberg,1990,4906
45011,South Carolina,Barnwell,1990,6175
45013,South Carolina,Beaufort,1990,21818
45015,South Carolina,Berkeley,1990,41751
45017,South Carolina,Calhoun,1990,3471
45019,South Carolina,Charleston,1990,73605
45021,South Carolina,Cherokee,1990,11694
45023,South Carolina,Chester,1990,8988
45025,South Carolina,Chesterfield,1990,10614
45027,South Carolina,Clarendon,1990,8428
45029,South Carolina,Colleton,1990,10106
45031,South Carolina,Darlington,1990,17469
45033,South Carolina,Dillon,1990,9185
45035,South Carolina,Dorchester,1990,24568
45037,South Carolina,Edgefield,1990,5293
45039,South Carolina,Fairfield,1990,6343
45041,South Carolina,Florence,1990,32456
45043,South Carolina,Georgetown,1990,13818
45045,South Carolina,Greenville,1990,78829
45047,South Carolina,Greenwood,1990,15204
45049,South Carolina,Hampton,1990,5809
45051,South Carolina,Horry,1990,34311
45053,South Carolina,Jasper,1990,4905
45055,South Carolina,Kershaw,1990,11811
45057,South Carolina,Lancaster,1990,14645
45059,South Carolina,Laurens,1990,14747
45061,South Carolina,Lee,1990,5655
45063,South Carolina,Lexington,1990,44557
45065,South Carolina,McCormick,1990,2139
45067,South Carolina,Marion,1990,10579
45069,South Carolina,Marlboro,1990,8530
45071,South Carolina,Newberry,1990,8376
45073,South Carolina,Oconee,1990,14058
45075,South Carolina,Orangeburg,1990,23882
45077,South Carolina,Pickens,1990,20778
45079,South Carolina,Richland,1990,68769
45081,South Carolina,Saluda,1990,4325
45083,South Carolina,Spartanburg,1990,55867
45085,South Carolina,Sumter,1990,29417
45087,South Carolina,Union,1990,7551
45089,South Carolina,Williamsburg,1990,11980
45091,South Carolina,York,1990,34072
46003,South Dakota,Aurora,1990,921
46005,South Dakota,Beadle,1990,4891
46007,South Dakota,Bennett,1990,1147
46009,South Dakota,Bon Homme,1990,1775
46011,South Dakota,Brookings,1990,5747
46013,South Dakota,Brown,1990,9168
46015,South Dakota,Brule,1990,1816
46017,South Dakota,Buffalo,1990,786
46019,South Dakota,Butte,1990,2311
46021,South Dakota,Campbell,1990,501
46023,South Dakota,Charles Mix,1990,2928
46025,South Dakota,Clark,1990,1250
46027,South Dakota,Clay,1990,2636
46029,South Dakota,Codington,1990,6504
46031,South Dakota,Corson,1990,1598
46033,South Dakota,Custer,1990,1715
46035,South Dakota,Davison,1990,4822
46037,South Dakota,Day,1990,1892
46039,South Dakota,Deuel,1990,1207
46041,South Dakota,Dewey,1990,2222
46043,South Dakota,Douglas,1990,1138
46045,South Dakota,Edmunds,1990,1165
46047,South Dakota,Fall River,1990,1791
46049,South Dakota,Faulk,1990,735
46051,South Dakota,Grant,1990,2486
46053,South Dakota,Gregory,1990,1543
46055,South Dakota,Haakon,1990,931
46057,South Dakota,Hamlin,1990,1437
46059,South Dakota,Hand,1990,1177
46061,South Dakota,Hanson,1990,922
46063,South Dakota,Harding,1990,554
46065,South Dakota,Hughes,1990,4424
46067,South Dakota,Hutchinson,1990,2081
46069,South Dakota,Hyde,1990,446
46071,South Dakota,Jackson,1990,1005
46073,South Dakota,Jerauld,1990,636
46075,South Dakota,Jones,1990,372
46077,South Dakota,Kingsbury,1990,1540
46079,South Dakota,Lake,1990,2804
46081,South Dakota,Lawrence,1990,5612
46083,South Dakota,Lincoln,1990,4745
46085,South Dakota,Lyman,1990,1214
46087,South Dakota,McCook,1990,1585
46089,South Dakota,McPherson,1990,725
46091,South Dakota,Marshall,1990,1294
46093,South Dakota,Meade,1990,7092
46095,South Dakota,Mellette,1990,769
46097,South Dakota,Miner,1990,888
46099,South Dakota,Minnehaha,1990,33447
46101,South Dakota,Moody,1990,2003
46103,South Dakota,Pennington,1990,23781
46105,South Dakota,Perkins,1990,1026
46107,South Dakota,Potter,1990,884
46109,South Dakota,Roberts,1990,2996
46111,South Dakota,Sanborn,1990,813
46113,South Dakota,Shannon,1990,4440
46115,South Dakota,Spink,1990,2172
46117,South Dakota,Stanley,1990,774
46119,South Dakota,Sully,1990,443
46121,South Dakota,Todd,1990,3767
46123,South Dakota,Tripp,1990,2084
46125,South Dakota,Turner,1990,2289
46127,South Dakota,Union,1990,2980
46129,South Dakota,Walworth,1990,1577
46135,South Dakota,Yankton,1990,5094
46137,South Dakota,Ziebach,1990,944
47001,Tennessee,Anderson,1990,16334
47003,Tennessee,Bedford,1990,7715
47005,Tennessee,Benton,1990,3340
47007,Tennessee,Bledsoe,1990,2368
47009,Tennessee,Blount,1990,19662
47011,Tennessee,Bradley,1990,18248
47013,Tennessee,Campbell,1990,9003
47015,Tennessee,Cannon,1990,2637
47017,Tennessee,Carroll,1990,6531
47019,Tennessee,Carter,1990,11389
47021,Tennessee,Cheatham,1990,7606
47023,Tennessee,Chester,1990,3014
47025,Tennessee,Claiborne,1990,6668
47027,Tennessee,Clay,1990,1674
47029,Tennessee,Cocke,1990,6984
47031,Tennessee,Coffee,1990,10379
47033,Tennessee,Crockett,1990,3257
47035,Tennessee,Cumberland,1990,8121
47037,Tennessee,Davidson,1990,116541
47039,Tennessee,Decatur,1990,2392
47041,Tennessee,DeKalb,1990,3462
47043,Tennessee,Dickson,1990,9576
47045,Tennessee,Dyer,1990,8907
47047,Tennessee,Fayette,1990,7641
47049,Tennessee,Fentress,1990,3829
47051,Tennessee,Franklin,1990,8530
47053,Tennessee,Gibson,1990,11051
47055,Tennessee,Giles,1990,6429
47057,Tennessee,Grainger,1990,4171
47059,Tennessee,Greene,1990,12797
47061,Tennessee,Grundy,1990,3718
47063,Tennessee,Hamblen,1990,12082
47065,Tennessee,Hamilton,1990,69010
47067,Tennessee,Hancock,1990,1701
47069,Tennessee,Hardeman,1990,6621
47071,Tennessee,Hardin,1990,5652
47073,Tennessee,Hawkins,1990,10594
47075,Tennessee,Haywood,1990,5638
47077,Tennessee,Henderson,1990,5452
47079,Tennessee,Henry,1990,6371
47081,Tennessee,Hickman,1990,4019
47083,Tennessee,Houston,1990,1691
47085,Tennessee,Humphreys,1990,3971
47087,Tennessee,Jackson,1990,2114
47089,Tennessee,Jefferson,1990,7238
47091,Tennessee,Johnson,1990,3191
47093,Tennessee,Knox,1990,75112
47095,Tennessee,Lake,1990,1565
47097,Tennessee,Lauderdale,1990,6403
47099,Tennessee,Lawrence,1990,9215
47101,Tennessee,Lewis,1990,2479
47103,Tennessee,Lincoln,1990,6980
47105,Tennessee,Loudon,1990,7332
47107,Tennessee,McMinn,1990,10374
47109,Tennessee,McNairy,1990,5503
47111,Tennessee,Macon,1990,4024
47113,Tennessee,Madison,1990,20325
47115,Tennessee,Marion,1990,6527
47117,Tennessee,Marshall,1990,5454
47119,Tennessee,Maury,1990,14278
47121,Tennessee,Meigs,1990,1997
47123,Tennessee,Monroe,1990,7731
47125,Tennessee,Montgomery,1990,26633
47127,Tennessee,Moore,1990,1203
47129,Tennessee,Morgan,1990,4462
47131,Tennessee,Obion,1990,7837
47133,Tennessee,Overton,1990,4242
47135,Tennessee,Perry,1990,1660
47137,Tennessee,Pickett,1990,1117
47139,Tennessee,Polk,1990,3294
47141,Tennessee,Putnam,1990,11245
47143,Tennessee,Rhea,1990,6158
47145,Tennessee,Roane,1990,11107
47147,Tennessee,Robertson,1990,11385
47149,Tennessee,Rutherford,1990,31773
47151,Tennessee,Scott,1990,5381
47153,Tennessee,Sequatchie,1990,2286
47155,Tennessee,Sevier,1990,12209
47157,Tennessee,Shelby,1990,226307
47159,Tennessee,Smith,1990,3539
47161,Tennessee,Stewart,1990,2106
47163,Tennessee,Sullivan,1990,32254
47165,Tennessee,Sumner,1990,28448
47167,Tennessee,Tipton,1990,11487
47169,Tennessee,Trousdale,1990,1421
47171,Tennessee,Unicoi,1990,3597
47173,Tennessee,Union,1990,3669
47175,Tennessee,Van Buren,1990,1273
47177,Tennessee,Warren,1990,8294
47179,Tennessee,Washington,1990,20085
47181,Tennessee,Wayne,1990,3576
47183,Tennessee,Weakley,1990,7037
47185,Tennessee,White,1990,4804
47187,Tennessee,Williamson,1990,23558
47189,Tennessee,Wilson,1990,18539
48001,Texas,Anderson,1990,11280
48003,Texas,Andrews,1990,4963
48005,Texas,Angelina,1990,20015
48007,Texas,Aransas,1990,4506
48009,Texas,Archer,1990,2232
48011,Texas,Armstrong,1990,562
48013,Texas,Atascosa,1990,10092
48015,Texas,Austin,1990,5313
48017,Texas,Bailey,1990,2250
48019,Texas,Bandera,1990,2508
48021,Texas,Bastrop,1990,11021
48023,Texas,Baylor,1990,979
48025,Texas,Bee,1990,7925
48027,Texas,Bell,1990,55033
48029,Texas,Bexar,1990,345941
48031,Texas,Blanco,1990,1490
48033,Texas,Borden,1990,224
48035,Texas,Bosque,1990,3562
48037,Texas,Bowie,1990,22194
48039,Texas,Brazoria,1990,56245
48041,Texas,Brazos,1990,26173
48043,Texas,Brewster,1990,2052
48045,Texas,Briscoe,1990,551
48047,Texas,Brooks,1990,2714
48049,Texas,Brown,1990,9237
48051,Texas,Burleson,1990,3713
48053,Texas,Burnet,1990,5576
48055,Texas,Caldwell,1990,7830
48057,Texas,Calhoun,1990,5618
48059,Texas,Callahan,1990,3258
48061,Texas,Cameron,1990,91840
48063,Texas,Camp,1990,2607
48065,Texas,Carson,1990,1967
48067,Texas,Cass,1990,8197
48069,Texas,Castro,1990,3296
48071,Texas,Chambers,1990,5975
48073,Texas,Cherokee,1990,10759
48075,Texas,Childress,1990,1553
48077,Texas,Clay,1990,2641
48079,Texas,Cochran,1990,1459
48081,Texas,Coke,1990,792
48083,Texas,Coleman,1990,2328
48085,Texas,Collin,1990,76502
48087,Texas,Collingsworth,1990,951
48089,Texas,Colorado,1990,4893
48091,Texas,Comal,1990,13256
48093,Texas,Comanche,1990,3139
48095,Texas,Concho,1990,700
48097,Texas,Cooke,1990,8709
48099,Texas,Coryell,1990,16940
48101,Texas,Cottle,1990,578
48103,Texas,Crane,1990,1614
48105,Texas,Crockett,1990,1256
48107,Texas,Crosby,1990,2282
48109,Texas,Culberson,1990,1188
48111,Texas,Dallam,1990,1660
48113,Texas,Dallas,1990,495648
48115,Texas,Dawson,1990,4542
48117,Texas,Deaf Smith,1990,6766
48119,Texas,Delta,1990,1177
48121,Texas,Denton,1990,73645
48123,Texas,Dewitt,1990,5057
48125,Texas,Dickens,1990,611
48127,Texas,Dimmit,1990,3791
48129,Texas,Donley,1990,801
48131,Texas,Duval,1990,4228
48133,Texas,Eastland,1990,4303
48135,Texas,Ector,1990,37711
48137,Texas,Edwards,1990,746
48139,Texas,Ellis,1990,26402
48141,Texas,El Paso,1990,192812
48143,Texas,Erath,1990,6697
48145,Texas,Falls,1990,4524
48147,Texas,Fannin,1990,5972
48149,Texas,Fayette,1990,4824
48151,Texas,Fisher,1990,1252
48153,Texas,Floyd,1990,2686
48155,Texas,Foard,1990,429
48157,Texas,Fort Bend,1990,74822
48159,Texas,Franklin,1990,1987
48161,Texas,Freestone,1990,4287
48163,Texas,Frio,1990,4685
48165,Texas,Gaines,1990,5141
48167,Texas,Galveston,1990,59901
48169,Texas,Garza,1990,1628
48171,Texas,Gillespie,1990,4008
48173,Texas,Glasscock,1990,511
48175,Texas,Goliad,1990,1637
48177,Texas,Gonzales,1990,4955
48179,Texas,Gray,1990,6337
48181,Texas,Grayson,1990,24108
48183,Texas,Gregg,1990,28721
48185,Texas,Grimes,1990,4939
48187,Texas,Guadalupe,1990,18491
48189,Texas,Hale,1990,11164
48191,Texas,Hall,1990,927
48193,Texas,Hamilton,1990,1726
48195,Texas,Hansford,1990,1820
48197,Texas,Hardeman,1990,1379
48199,Texas,Hardin,1990,12114
48201,Texas,Harris,1990,805009
48203,Texas,Harrison,1990,16555
48205,Texas,Hartley,1990,1053
48207,Texas,Haskell,1990,1703
48209,Texas,Hays,1990,15990
48211,Texas,Hemphill,1990,1150
48213,Texas,Henderson,1990,14062
48215,Texas,Hidalgo,1990,140421
48217,Texas,Hill,1990,6854
48219,Texas,Hockley,1990,7813
48221,Texas,Hood,1990,7402
48223,Texas,Hopkins,1990,7661
48225,Texas,Houston,1990,5384
48227,Texas,Howard,1990,8717
48229,Texas,Hudspeth,1990,928
48231,Texas,Hunt,1990,17005
48233,Texas,Hutchinson,1990,7473
48235,Texas,Irion,1990,462
48237,Texas,Jack,1990,1871
48239,Texas,Jackson,1990,3676
48241,Texas,Jasper,1990,8809
48243,Texas,Jeff Davis,1990,513
48245,Texas,Jefferson,1990,64690
48247,Texas,Jim Hogg,1990,1668
48249,Texas,Jim Wells,1990,12254
48251,Texas,Johnson,1990,28336
48253,Texas,Jones,1990,4551
48255,Texas,Karnes,1990,3798
48257,Texas,Kaufman,1990,15362
48259,Texas,Kendall,1990,3830
48261,Texas,Kenedy,1990,138
48263,Texas,Kent,1990,261
48265,Texas,Kerr,1990,8431
48267,Texas,Kimble,1990,1052
48269,Texas,King,1990,109
48271,Texas,Kinney,1990,785
48273,Texas,Kleberg,1990,8845
48275,Texas,Knox,1990,1330
48277,Texas,Lamar,1990,11439
48279,Texas,Lamb,1990,4514
48281,Texas,Lampasas,1990,3747
48283,Texas,La Salle,1990,1745
48285,Texas,Lavaca,1990,4603
48287,Texas,Lee,1990,3814
48289,Texas,Leon,1990,3275
48291,Texas,Liberty,1990,15403
48293,Texas,Limestone,1990,5508
48295,Texas,Lipscomb,1990,915
48297,Texas,Live Oak,1990,2615
48299,Texas,Llano,1990,1902
48301,Texas,Loving,1990,28
48303,Texas,Lubbock,1990,58865
48305,Texas,Lynn,1990,2052
48307,Texas,McCulloch,1990,2368
48309,Texas,McLennan,1990,49238
48311,Texas,McMullen,1990,202
48313,Texas,Madison,1990,2352
48315,Texas,Marion,1990,2471
48317,Texas,Martin,1990,1694
48319,Texas,Mason,1990,805
48321,Texas,Matagorda,1990,11603
48323,Texas,Maverick,1990,13834
48325,Texas,Medina,1990,8103
48327,Texas,Menard,1990,549
48329,Texas,Midland,1990,33443
48331,Texas,Milam,1990,6475
48333,Texas,Mills,1990,1083
48335,Texas,Mitchell,1990,2203
48337,Texas,Montague,1990,4246
48339,Texas,Montgomery,1990,54092
48341,Texas,Moore,1990,5902
48343,Texas,Morris,1990,3623
48345,Texas,Motley,1990,357
48347,Texas,Nacogdoches,1990,12684
48349,Texas,Navarro,1990,10758
48351,Texas,Newton,1990,4009
48353,Texas,Nolan,1990,4618
48355,Texas,Nueces,1990,88824
48357,Texas,Ochiltree,1990,2822
48359,Texas,Oldham,1990,940
48361,Texas,Orange,1990,23001
48363,Texas,Palo Pinto,1990,6610
48365,Texas,Panola,1990,6139
48367,Texas,Parker,1990,18144
48369,Texas,Parmer,1990,3262
48371,Texas,Pecos,1990,5066
48373,Texas,Polk,1990,7604
48375,Texas,Potter,1990,28140
48377,Texas,Presidio,1990,2143
48379,Texas,Rains,1990,1684
48381,Texas,Randall,1990,24504
48383,Texas,Reagan,1990,1716
48385,Texas,Real,1990,565
48387,Texas,Red River,1990,3443
48389,Texas,Reeves,1990,5315
48391,Texas,Refugio,1990,2194
48393,Texas,Roberts,1990,307
48395,Texas,Robertson,1990,4436
48397,Texas,Rockwall,1990,7522
48399,Texas,Runnels,1990,3088
48401,Texas,Rusk,1990,12168
48403,Texas,Sabine,1990,2014
48405,Texas,San Augustine,1990,1953
48407,Texas,San Jacinto,1990,4298
48409,Texas,San Patricio,1990,18992
48411,Texas,San Saba,1990,1400
48413,Texas,Schleicher,1990,973
48415,Texas,Scurry,1990,5315
48417,Texas,Shackelford,1990,888
48419,Texas,Shelby,1990,5765
48421,Texas,Sherman,1990,836
48423,Texas,Smith,1990,40283
48425,Texas,Somervell,1990,1717
48427,Texas,Starr,1990,15965
48429,Texas,Stephens,1990,2460
48431,Texas,Sterling,1990,483
48433,Texas,Stonewall,1990,512
48435,Texas,Sutton,1990,1269
48437,Texas,Swisher,1990,2458
48439,Texas,Tarrant,1990,317521
48441,Texas,Taylor,1990,32602
48443,Texas,Terrell,1990,417
48445,Texas,Terry,1990,4374
48447,Texas,Throckmorton,1990,445
48449,Texas,Titus,1990,6852
48451,Texas,Tom Green,1990,26618
48453,Texas,Travis,1990,138211
48455,Texas,Trinity,1990,2680
48457,Texas,Tyler,1990,4153
48459,Texas,Upshur,1990,8666
48461,Texas,Upton,1990,1588
48463,Texas,Uvalde,1990,7492
48465,Texas,Val Verde,1990,12756
48467,Texas,Van Zandt,1990,9721
48469,Texas,Victoria,1990,22537
48471,Texas,Walker,1990,9686
48473,Texas,Waller,1990,5930
48475,Texas,Ward,1990,4346
48477,Texas,Washington,1990,6653
48479,Texas,Webb,1990,48877
48481,Texas,Wharton,1990,11942
48483,Texas,Wheeler,1990,1567
48485,Texas,Wichita,1990,31979
48487,Texas,Wilbarger,1990,3991
48489,Texas,Willacy,1990,6474
48491,Texas,Williamson,1990,43189
48493,Texas,Wilson,1990,7013
48495,Texas,Winkler,1990,2869
48497,Texas,Wise,1990,9810
48499,Texas,Wood,1990,7063
48501,Texas,Yoakum,1990,3061
48503,Texas,Young,1990,4824
48505,Texas,Zapata,1990,3228
48507,Texas,Zavala,1990,4347
49001,Utah,Beaver,1990,1730
49003,Utah,Box Elder,1990,14807
49005,Utah,Cache,1990,25623
49007,Utah,Carbon,1990,6982
49009,Utah,Daggett,1990,239
49011,Utah,Davis,1990,75426
49013,Utah,Duchesne,1990,5438
49015,Utah,Emery,1990,4447
49017,Utah,Garfield,1990,1427
49019,Utah,Grand,1990,2111
49021,Utah,Iron,1990,7375
49023,Utah,Juab,1990,2263
49025,Utah,Kane,1990,1895
49027,Utah,Millard,1990,4867
49029,Utah,Morgan,1990,2273
49031,Utah,Piute,1990,415
49033,Utah,Rich,1990,744
49035,Utah,Salt Lake,1990,252417
49037,Utah,San Juan,1990,5471
49039,Utah,Sanpete,1990,6184
49041,Utah,Sevier,1990,6072
49043,Utah,Summit,1990,5183
49045,Utah,Tooele,1990,9621
49047,Utah,Uintah,1990,9196
49049,Utah,Utah,1990,99504
49051,Utah,Wasatch,1990,3986
49053,Utah,Washington,1990,17594
49055,Utah,Wayne,1990,821
49057,Utah,Weber,1990,53333
50001,Vermont,Addison,1990,8601
50003,Vermont,Bennington,1990,8993
50005,Vermont,Caledonia,1990,7680
50007,Vermont,Chittenden,1990,30816
50009,Vermont,Essex,1990,1706
50011,Vermont,Franklin,1990,11776
50013,Vermont,Grand Isle,1990,1415
50015,Vermont,Lamoille,1990,5072
50017,Vermont,Orange,1990,7242
50019,Vermont,Orleans,1990,6826
50021,Vermont,Rutland,1990,14993
50023,Vermont,Washington,1990,13940
50025,Vermont,Windham,1990,10630
50027,Vermont,Windsor,1990,13393
51001,Virginia,Accomack,1990,7521
51003,Virginia,Albemarle,1990,15276
51005,Virginia,Alleghany,1990,3187
51007,Virginia,Amelia,1990,2296
51009,Virginia,Amherst,1990,6707
51011,Virginia,Appomattox,1990,3064
51013,Virginia,Arlington,1990,25878
51015,Virginia,Augusta,1990,13465
51017,Virginia,Bath,1990,1017
51019,Virginia,Bedford,1990,10899
51021,Virginia,Bland,1990,1444
51023,Virginia,Botetourt,1990,5806
51025,Virginia,Brunswick,1990,3835
51027,Virginia,Buchanan,1990,8609
51029,Virginia,Buckingham,1990,3035
51031,Virginia,Campbell,1990,11586
51033,Virginia,Caroline,1990,5015
51035,Virginia,Carroll,1990,5881
51036,Virginia,Charles City,1990,1507
51037,Virginia,Charlotte,1990,2893
51041,Virginia,Chesterfield,1990,60935
51043,Virginia,Clarke,1990,2761
51045,Virginia,Craig,1990,1007
51047,Virginia,Culpeper,1990,7375
51049,Virginia,Cumberland,1990,2050
51051,Virginia,Dickenson,1990,4802
51053,Virginia,Dinwiddie,1990,5093
51057,Virginia,Essex,1990,2040
51059,Virginia,Fairfax,1990,200068
51061,Virginia,Fauquier,1990,13066
51063,Virginia,Floyd,1990,2747
51065,Virginia,Fluvanna,1990,3137
51067,Virginia,Franklin,1990,9016
51069,Virginia,Frederick,1990,12197
51071,Virginia,Giles,1990,3616
51073,Virginia,Gloucester,1990,8224
51075,Virginia,Goochland,1990,3006
51077,Virginia,Grayson,1990,3668
51079,Virginia,Greene,1990,2789
51081,Virginia,Greensville,1990,2411
51083,Virginia,Halifax,1990,7079
51085,Virginia,Hanover,1990,15807
51087,Virginia,Henrico,1990,50038
51089,Virginia,Henry,1990,13271
51091,Virginia,Highland,1990,562
51093,Virginia,Isle Of Wight,1990,6515
51095,Virginia,James City,1990,8493
51097,Virginia,King And Queen,1990,1586
51099,Virginia,King George,1990,3800
51101,Virginia,King William,1990,2916
51103,Virginia,Lancaster,1990,2229
51105,Virginia,Lee,1990,6352
51107,Virginia,Loudoun,1990,23278
51109,Virginia,Louisa,1990,5123
51111,Virginia,Lunenburg,1990,2959
51113,Virginia,Madison,1990,3019
51115,Virginia,Mathews,1990,1689
51117,Virginia,Mecklenburg,1990,6839
51119,Virginia,Middlesex,1990,1769
51121,Virginia,Montgomery,1990,13241
51125,Virginia,Nelson,1990,3084
51127,Virginia,New Kent,1990,2627
51131,Virginia,Northampton,1990,3315
51133,Virginia,Northumberland,1990,2106
51135,Virginia,Nottoway,1990,3353
51137,Virginia,Orange,1990,5210
51139,Virginia,Page,1990,5116
51141,Virginia,Patrick,1990,3873
51143,Virginia,Pittsylvania,1990,13539
51145,Virginia,Powhatan,1990,3523
51147,Virginia,Prince Edward,1990,3596
51149,Virginia,Prince George,1990,7297
51153,Virginia,Prince William,1990,65863
51155,Virginia,Pulaski,1990,7690
51157,Virginia,Rappahannock,1990,1520
51159,Virginia,Richmond,1990,1687
51161,Virginia,Roanoke,1990,17827
51163,Virginia,Rockbridge,1990,4201
51165,Virginia,Rockingham,1990,14049
51167,Virginia,Russell,1990,7177
51169,Virginia,Scott,1990,5125
51171,Virginia,Shenandoah,1990,7006
51173,Virginia,Smyth,1990,7443
51175,Virginia,Southampton,1990,4103
51177,Virginia,Spotsylvania,1990,17428
51179,Virginia,Stafford,1990,18143
51181,Virginia,Surry,1990,1621
51183,Virginia,Sussex,1990,2536
51185,Virginia,Tazewell,1990,11659
51187,Virginia,Warren,1990,6456
51191,Virginia,Washington,1990,10231
51193,Virginia,Westmoreland,1990,3609
51195,Virginia,Wise,1990,10471
51197,Virginia,Wythe,1990,5945
51199,Virginia,York,1990,12382
51510,Virginia,Alexandria City,1990,17132
51515,Virginia,Bedford City,1990,1264
51520,Virginia,Bristol City,1990,3973
51530,Virginia,Buena Vista City,1990,1388
51540,Virginia,Charlottesville City,1990,7253
51550,Virginia,Chesapeake City,1990,43629
51560,Virginia,Clifton Forge City,1990,994
51570,Virginia,Colonial Heights City,1990,3503
51580,Virginia,Covington City,1990,1414
51590,Virginia,Danville City,1990,12017
51595,Virginia,Emporia City,1990,1308
51600,Virginia,Fairfax City,1990,3759
51610,Virginia,Falls Church City,1990,1863
51620,Virginia,Franklin City,1990,2105
51630,Virginia,Fredericksburg City,1990,3542
51640,Virginia,Galax City,1990,1427
51650,Virginia,Hampton City,1990,33418
51660,Virginia,Harrisonburg City,1990,4789
51670,Virginia,Hopewell City,1990,6045
51678,Virginia,Lexington City,1990,812
51680,Virginia,Lynchburg City,1990,14811
51683,Virginia,Manassas City,1990,7976
51685,Virginia,Manassas Park City,1990,2092
51690,Virginia,Martinsville City,1990,3622
51700,Virginia,Newport News City,1990,46666
51710,Virginia,Norfolk City,1990,59987
51720,Virginia,Norton City,1990,1110
51730,Virginia,Petersburg City,1990,8994
51735,Virginia,Poquoson City,1990,3028
51740,Virginia,Portsmouth City,1990,27857
51750,Virginia,Radford City,1990,2022
51760,Virginia,Richmond City,1990,42002
51770,Virginia,Roanoke City,1990,21174
51775,Virginia,Salem City,1990,4667
51780,Virginia,South Boston City,1990,1645
51790,Virginia,Staunton City,1990,5028
51800,Virginia,Suffolk City,1990,14143
51810,Virginia,Virginia Beach City,1990,109887
51820,Virginia,Waynesboro City,1990,4287
51830,Virginia,Williamsburg City,1990,1058
51840,Virginia,Winchester City,1990,4742
53001,Washington,Adams,1990,4632
53003,Washington,Asotin,1990,4874
53005,Washington,Benton,1990,33733
53007,Washington,Chelan,1990,13976
53009,Washington,Clallam,1990,13689
53011,Washington,Clark,1990,67688
53013,Washington,Columbia,1990,999
53015,Washington,Cowlitz,1990,22408
53017,Washington,Douglas,1990,7569
53019,Washington,Ferry,1990,1985
53021,Washington,Franklin,1990,12959
53023,Washington,Garfield,1990,587
53025,Washington,Grant,1990,17182
53027,Washington,Grays Harbor,1990,17304
53029,Washington,Island,1990,15454
53031,Washington,Jefferson,1990,4553
53033,Washington,King,1990,341071
53035,Washington,Kitsap,1990,52989
53037,Washington,Kittitas,1990,5644
53039,Washington,Klickitat,1990,4863
53041,Washington,Lewis,1990,16836
53043,Washington,Lincoln,1990,2357
53045,Washington,Mason,1990,9635
53047,Washington,Okanogan,1990,9587
53049,Washington,Pacific,1990,4549
53051,Washington,Pend Oreille,1990,2623
53053,Washington,Pierce,1990,159649
53055,Washington,San Juan,1990,2061
53057,Washington,Skagit,1990,20844
53059,Washington,Skamania,1990,2461
53061,Washington,Snohomish,1990,129152
53063,Washington,Spokane,1990,95286
53065,Washington,Stevens,1990,9757
53067,Washington,Thurston,1990,43444
53069,Washington,Wahkiakum,1990,824
53071,Washington,Walla Walla,1990,12020
53073,Washington,Whatcom,1990,32014
53075,Washington,Whitman,1990,6891
53077,Washington,Yakima,1990,57238
54001,West Virginia,Barbour,1990,3966
54003,West Virginia,Berkeley,1990,15459
54005,West Virginia,Boone,1990,7006
54007,West Virginia,Braxton,1990,3365
54009,West Virginia,Brooke,1990,6090
54011,West Virginia,Cabell,1990,21171
54013,West Virginia,Calhoun,1990,2139
54015,West Virginia,Clay,1990,2983
54017,West Virginia,Doddridge,1990,1873
54019,West Virginia,Fayette,1990,12086
54021,West Virginia,Gilmer,1990,1773
54023,West Virginia,Grant,1990,2644
54025,West Virginia,Greenbrier,1990,8270
54027,West Virginia,Hampshire,1990,4390
54029,West Virginia,Hancock,1990,8075
54031,West Virginia,Hardy,1990,2618
54033,West Virginia,Harrison,1990,17042
54035,West Virginia,Jackson,1990,6763
54037,West Virginia,Jefferson,1990,9195
54039,West Virginia,Kanawha,1990,48250
54041,West Virginia,Lewis,1990,4160
54043,West Virginia,Lincoln,1990,5979
54045,West Virginia,Logan,1990,11969
54047,West Virginia,McDowell,1990,10188
54049,West Virginia,Marion,1990,12967
54051,West Virginia,Marshall,1990,9127
54053,West Virginia,Mason,1990,6520
54055,West Virginia,Mercer,1990,15608
54057,West Virginia,Mineral,1990,6690
54059,West Virginia,Mingo,1990,10266
54061,West Virginia,Monongalia,1990,15043
54063,West Virginia,Monroe,1990,3047
54065,West Virginia,Morgan,1990,2769
54067,West Virginia,Nicholas,1990,7352
54069,West Virginia,Ohio,1990,11162
54071,West Virginia,Pendleton,1990,1937
54073,West Virginia,Pleasants,1990,1933
54075,West Virginia,Pocahontas,1990,2091
54077,West Virginia,Preston,1990,7887
54079,West Virginia,Putnam,1990,11462
54081,West Virginia,Raleigh,1990,20058
54083,West Virginia,Randolph,1990,6715
54085,West Virginia,Ritchie,1990,2502
54087,West Virginia,Roane,1990,4057
54089,West Virginia,Summers,1990,3321
54091,West Virginia,Taylor,1990,3843
54093,West Virginia,Tucker,1990,1860
54095,West Virginia,Tyler,1990,2498
54097,West Virginia,Upshur,1990,5805
54099,West Virginia,Wayne,1990,10689
54101,West Virginia,Webster,1990,2934
54103,West Virginia,Wetzel,1990,4957
54105,West Virginia,Wirt,1990,1384
54107,West Virginia,Wood,1990,21345
54109,West Virginia,Wyoming,1990,8294
55001,Wisconsin,Adams,1990,3304
55003,Wisconsin,Ashland,1990,4417
55005,Wisconsin,Barron,1990,11300
55007,Wisconsin,Bayfield,1990,3728
55009,Wisconsin,Brown,1990,52651
55011,Wisconsin,Buffalo,1990,3672
55013,Wisconsin,Burnett,1990,3273
55015,Wisconsin,Calumet,1990,10493
55017,Wisconsin,Chippewa,1990,14830
55019,Wisconsin,Clark,1990,9569
55021,Wisconsin,Columbia,1990,11877
55023,Wisconsin,Crawford,1990,4621
55025,Wisconsin,Dane,1990,83337
55027,Wisconsin,Dodge,1990,20450
55029,Wisconsin,Door,1990,6659
55031,Wisconsin,Douglas,1990,10681
55033,Wisconsin,Dunn,1990,8847
55035,Wisconsin,Eau Claire,1990,21095
55037,Wisconsin,Florence,1990,1222
55039,Wisconsin,Fond du Lac,1990,24569
55041,Wisconsin,Forest,1990,2381
55043,Wisconsin,Grant,1990,13176
55045,Wisconsin,Green,1990,8269
55047,Wisconsin,Green Lake,1990,4846
55049,Wisconsin,Iowa,1990,5761
55051,Wisconsin,Iron,1990,1311
55053,Wisconsin,Jackson,1990,4502
55055,Wisconsin,Jefferson,1990,17572
55057,Wisconsin,Juneau,1990,5914
55059,Wisconsin,Kenosha,1990,34333
55061,Wisconsin,Kewaunee,1990,5315
55063,Wisconsin,La Crosse,1990,24110
55065,Wisconsin,Lafayette,1990,4692
55067,Wisconsin,Langlade,1990,5203
55069,Wisconsin,Lincoln,1990,7271
55071,Wisconsin,Manitowoc,1990,21336
55073,Wisconsin,Marathon,1990,32453
55075,Wisconsin,Marinette,1990,10898
55077,Wisconsin,Marquette,1990,3025
55078,Wisconsin,Menominee,1990,1600
55079,Wisconsin,Milwaukee,1990,246302
55081,Wisconsin,Monroe,1990,10692
55083,Wisconsin,Oconto,1990,8231
55085,Wisconsin,Oneida,1990,7524
55087,Wisconsin,Outagamie,1990,39920
55089,Wisconsin,Ozaukee,1990,19685
55091,Wisconsin,Pepin,1990,2050
55093,Wisconsin,Pierce,1990,8848
55095,Wisconsin,Polk,1990,9928
55097,Wisconsin,Portage,1990,15744
55099,Wisconsin,Price,1990,4133
55101,Wisconsin,Racine,1990,48621
55103,Wisconsin,Richland,1990,4760
55105,Wisconsin,Rock,1990,37859
55107,Wisconsin,Rusk,1990,4160
55109,Wisconsin,St Croix,1990,15117
55111,Wisconsin,Sauk,1990,12772
55113,Wisconsin,Sawyer,1990,3716
55115,Wisconsin,Shawano,1990,9980
55117,Wisconsin,Sheboygan,1990,27855
55119,Wisconsin,Taylor,1990,5710
55121,Wisconsin,Trempealeau,1990,6593
55123,Wisconsin,Vernon,1990,7027
55125,Wisconsin,Vilas,1990,3935
55127,Wisconsin,Walworth,1990,17979
55129,Wisconsin,Washburn,1990,3617
55131,Wisconsin,Washington,1990,27043
55133,Wisconsin,Waukesha,1990,83110
55135,Wisconsin,Waupaca,1990,12383
55137,Wisconsin,Waushara,1990,4796
55139,Wisconsin,Winnebago,1990,33797
55141,Wisconsin,Wood,1990,20532
56001,Wyoming,Albany,1990,6599
56003,Wyoming,Big Horn,1990,3177
56005,Wyoming,Campbell,1990,10476
56007,Wyoming,Carbon,1990,4960
56009,Wyoming,Converse,1990,3671
56011,Wyoming,Crook,1990,1699
56013,Wyoming,Fremont,1990,10554
56015,Wyoming,Goshen,1990,3499
56017,Wyoming,Hot Springs,1990,1255
56019,Wyoming,Johnson,1990,1646
56021,Wyoming,Laramie,1990,20375
56023,Wyoming,Lincoln,1990,4809
56025,Wyoming,Natrona,1990,17854
56027,Wyoming,Niobrara,1990,603
56029,Wyoming,Park,1990,6509
56031,Wyoming,Platte,1990,2350
56033,Wyoming,Sheridan,1990,6304
56035,Wyoming,Sublette,1990,1365
56037,Wyoming,Sweetwater,1990,13220
56039,Wyoming,Teton,1990,2709
56041,Wyoming,Uinta,1990,7441
56043,Wyoming,Washakie,1990,2515
56045,Wyoming,Weston,1990,1935
01001,Alabama,Autauga,2000,12494
01003,Alabama,Baldwin,2000,34320
01005,Alabama,Barbour,2000,7383
01007,Alabama,Bibb,2000,5286
01009,Alabama,Blount,2000,12948
01011,Alabama,Bullock,2000,3058
01013,Alabama,Butler,2000,5754
01015,Alabama,Calhoun,2000,26456
01017,Alabama,Chambers,2000,9017
01019,Alabama,Cherokee,2000,5320
01021,Alabama,Chilton,2000,10165
01023,Alabama,Choctaw,2000,4148
01025,Alabama,Clarke,2000,7811
01027,Alabama,Clay,2000,3397
01029,Alabama,Cleburne,2000,3435
01031,Alabama,Coffee,2000,10806
01033,Alabama,Colbert,2000,13077
01035,Alabama,Conecuh,2000,3648
01037,Alabama,Coosa,2000,2891
01039,Alabama,Covington,2000,8860
01041,Alabama,Crenshaw,2000,3372
01043,Alabama,Cullman,2000,18790
01045,Alabama,Dale,2000,13047
01047,Alabama,Dallas,2000,13253
01049,Alabama,DeKalb,2000,15899
01051,Alabama,Elmore,2000,16924
01053,Alabama,Escambia,2000,9270
01055,Alabama,Etowah,2000,24654
01057,Alabama,Fayette,2000,4424
01059,Alabama,Franklin,2000,7645
01061,Alabama,Geneva,2000,6183
01063,Alabama,Greene,2000,2911
01065,Alabama,Hale,2000,5087
01067,Alabama,Henry,2000,3925
01069,Alabama,Houston,2000,22986
01071,Alabama,Jackson,2000,13036
01073,Alabama,Jefferson,2000,164240
01075,Alabama,Lamar,2000,3750
01077,Alabama,Lauderdale,2000,20267
01079,Alabama,Lawrence,2000,8940
01081,Alabama,Lee,2000,26802
01083,Alabama,Limestone,2000,16341
01085,Alabama,Lowndes,2000,4068
01087,Alabama,Macon,2000,6081
01089,Alabama,Madison,2000,70787
01091,Alabama,Marengo,2000,6422
01093,Alabama,Marion,2000,7038
01095,Alabama,Marshall,2000,20437
01097,Alabama,Mobile,2000,109881
01099,Alabama,Monroe,2000,6883
01101,Alabama,Montgomery,2000,57646
01103,Alabama,Morgan,2000,28144
01105,Alabama,Perry,2000,3537
01107,Alabama,Pickens,2000,5711
01109,Alabama,Pike,2000,7211
01111,Alabama,Randolph,2000,5620
01113,Alabama,Russell,2000,13194
01115,Alabama,St Clair,2000,16417
01117,Alabama,Shelby,2000,37620
01119,Alabama,Sumter,2000,4305
01121,Alabama,Talladega,2000,20066
01123,Alabama,Tallapoosa,2000,10037
01125,Alabama,Tuscaloosa,2000,38543
01127,Alabama,Walker,2000,16636
01129,Alabama,Washington,2000,5189
01131,Alabama,Wilcox,2000,4041
01133,Alabama,Winston,2000,5888
02013,Alaska,Aleutians East,2000,454
02016,Alaska,Aleutians West,2000,939
02020,Alaska,Anchorage,2000,75871
02050,Alaska,Bethel,2000,6377
02060,Alaska,Bristol Bay Borough,2000,394
02068,Alaska,Denali,2000,450
02070,Alaska,Dillingham,2000,1877
02090,Alaska,Fairbanks North Star,2000,24919
02100,Alaska,Haines,2000,613
02110,Alaska,Juneau,2000,8417
02122,Alaska,Kenai Peninsula,2000,14859
02130,Alaska,Ketchikan Gateway,2000,3964
02150,Alaska,Kodiak Island,2000,4514
02164,Alaska,Lake And Peninsula,2000,689
02170,Alaska,Matanuska-Susitna,2000,19110
02180,Alaska,Nome,2000,3416
02185,Alaska,North Slope,2000,2819
02188,Alaska,Northwest Arctic,2000,2990
02201,Alaska,Prince Of Wales-Outer Ketchikan,2000,1903
02220,Alaska,Sitka,2000,2399
02232,Alaska,Skagway-Hoonah-Angoon,2000,920
02240,Alaska,Southeast Fairbanks,2000,2024
02261,Alaska,Valdez-Cordova,2000,3019
02270,Alaska,Wade Hampton,2000,3274
02280,Alaska,Wrangell-Petersburg,2000,1985
02282,Alaska,Yakutat,2000,227
02290,Alaska,Yukon-Koyukuk,2000,2294
04001,Arizona,Apache,2000,26731
04003,Arizona,Cochise,2000,30999
04005,Arizona,Coconino,2000,33425
04007,Arizona,Gila,2000,12890
04009,Arizona,Graham,2000,10077
04011,Arizona,Greenlee,2000,2712
04012,Arizona,La Paz,2000,4159
04013,Arizona,Maricopa,2000,828003
04015,Arizona,Mohave,2000,35860
04017,Arizona,Navajo,2000,34527
04019,Arizona,Pima,2000,207896
04021,Arizona,Pinal,2000,45081
04023,Arizona,Santa Cruz,2000,12913
04025,Arizona,Yavapai,2000,35403
04027,Arizona,Yuma,2000,46271
05001,Arkansas,Arkansas,2000,5150
05003,Arkansas,Ashley,2000,6491
05005,Arkansas,Baxter,2000,7281
05007,Arkansas,Benton,2000,40821
05009,Arkansas,Boone,2000,8123
05011,Arkansas,Bradley,2000,2968
05013,Arkansas,Calhoun,2000,1415
05015,Arkansas,Carroll,2000,6080
05017,Arkansas,Chicot,2000,3876
05019,Arkansas,Clark,2000,5104
05021,Arkansas,Clay,2000,4068
05023,Arkansas,Cleburne,2000,5122
05025,Arkansas,Cleveland,2000,2242
05027,Arkansas,Columbia,2000,6420
05029,Arkansas,Conway,2000,5169
05031,Arkansas,Craighead,2000,19809
05033,Arkansas,Crawford,2000,15032
05035,Arkansas,Crittenden,2000,15834
05037,Arkansas,Cross,2000,5435
05039,Arkansas,Dallas,2000,2410
05041,Arkansas,Desha,2000,4428
05043,Arkansas,Drew,2000,4832
05045,Arkansas,Faulkner,2000,22006
05047,Arkansas,Franklin,2000,4591
05049,Arkansas,Fulton,2000,2650
05051,Arkansas,Garland,2000,18759
05053,Arkansas,Grant,2000,4268
05055,Arkansas,Greene,2000,9411
05057,Arkansas,Hempstead,2000,6446
05059,Arkansas,Hot Spring,2000,7608
05061,Arkansas,Howard,2000,3840
05063,Arkansas,Independence,2000,8396
05065,Arkansas,Izard,2000,2768
05067,Arkansas,Jackson,2000,4081
05069,Arkansas,Jefferson,2000,22161
05071,Arkansas,Johnson,2000,5733
05073,Arkansas,Lafayette,2000,2174
05075,Arkansas,Lawrence,2000,4258
05077,Arkansas,Lee,2000,3277
05079,Arkansas,Lincoln,2000,3215
05081,Arkansas,Little River,2000,3430
05083,Arkansas,Logan,2000,5824
05085,Arkansas,Lonoke,2000,15188
05087,Arkansas,Madison,2000,3817
05089,Arkansas,Marion,2000,3571
05091,Arkansas,Miller,2000,10734
05093,Arkansas,Mississippi,2000,15407
05095,Arkansas,Monroe,2000,2862
05097,Arkansas,Montgomery,2000,2174
05099,Arkansas,Nevada,2000,2509
05101,Arkansas,Newton,2000,2142
05103,Arkansas,Ouachita,2000,7453
05105,Arkansas,Perry,2000,2586
05107,Arkansas,Phillips,2000,8513
05109,Arkansas,Pike,2000,2816
05111,Arkansas,Poinsett,2000,6684
05113,Arkansas,Polk,2000,5174
05115,Arkansas,Pope,2000,13900
05117,Arkansas,Prairie,2000,2284
05119,Arkansas,Pulaski,2000,91210
05121,Arkansas,Randolph,2000,4479
05123,Arkansas,St Francis,2000,8193
05125,Arkansas,Saline,2000,21276
05127,Arkansas,Scott,2000,2919
05129,Arkansas,Searcy,2000,1873
05131,Arkansas,Sebastian,2000,29937
05133,Arkansas,Sevier,2000,4446
05135,Arkansas,Sharp,2000,3747
05137,Arkansas,Stone,2000,2557
05139,Arkansas,Union,2000,11832
05141,Arkansas,Van Buren,2000,3487
05143,Arkansas,Washington,2000,39492
05145,Arkansas,White,2000,16376
05147,Arkansas,Woodruff,2000,2274
05149,Arkansas,Yell,2000,5451
06001,California,Alameda,2000,354572
06003,California,Alpine,2000,276
06005,California,Amador,2000,7223
06007,California,Butte,2000,48767
06009,California,Calaveras,2000,9248
06011,California,Colusa,2000,5937
06013,California,Contra Costa,2000,251794
06015,California,Del Norte,2000,6896
06017,California,El Dorado,2000,40792
06019,California,Fresno,2000,256425
06021,California,Glenn,2000,8141
06023,California,Humboldt,2000,29413
06025,California,Imperial,2000,44746
06027,California,Inyo,2000,4376
06029,California,Kern,2000,211379
06031,California,Kings,2000,37528
06033,California,Lake,2000,14062
06035,California,Lassen,2000,7389
06037,California,Los Angeles,2000,2667976
06039,California,Madera,2000,36467
06041,California,Marin,2000,50185
06043,California,Mariposa,2000,3703
06045,California,Mendocino,2000,22039
06047,California,Merced,2000,72684
06049,California,Modoc,2000,2423
06051,California,Mono,2000,2953
06053,California,Monterey,2000,114050
06055,California,Napa,2000,29998
06057,California,Nevada,2000,21277
06059,California,Orange,2000,768419
06061,California,Placer,2000,65758
06063,California,Plumas,2000,4727
06065,California,Riverside,2000,468691
06067,California,Sacramento,2000,337602
06069,California,San Benito,2000,17143
06071,California,San Bernardino,2000,552047
06073,California,San Diego,2000,723661
06075,California,San Francisco,2000,112802
06077,California,San Joaquin,2000,174569
06079,California,San Luis Obispo,2000,53413
06081,California,San Mateo,2000,162100
06083,California,Santa Barbara,2000,99502
06085,California,Santa Clara,2000,416402
06087,California,Santa Cruz,2000,60741
06089,California,Shasta,2000,42674
06091,California,Sierra,2000,830
06093,California,Siskiyou,2000,10620
06095,California,Solano,2000,111852
06097,California,Sonoma,2000,112153
06099,California,Stanislaus,2000,139222
06101,California,Sutter,2000,22869
06103,California,Tehama,2000,15374
06105,California,Trinity,2000,2974
06107,California,Tulare,2000,124252
06109,California,Tuolumne,2000,11300
06111,California,Ventura,2000,214244
06113,California,Yolo,2000,42479
06115,California,Yuba,2000,18690
08001,Colorado,Adams,2000,103956
08003,Colorado,Alamosa,2000,4068
08005,Colorado,Arapahoe,2000,130354
08007,Colorado,Archuleta,2000,2507
08009,Colorado,Baca,2000,1105
08011,Colorado,Bent,2000,1425
08013,Colorado,Boulder,2000,66837
08015,Colorado,Chaffee,2000,3201
08017,Colorado,Cheyenne,2000,642
08019,Colorado,Clear Creek,2000,2103
08021,Colorado,Conejos,2000,2699
08023,Colorado,Costilla,2000,916
08025,Colorado,Crowley,2000,1039
08027,Colorado,Custer,2000,788
08029,Colorado,Delta,2000,6686
08031,Colorado,Denver,2000,121766
08033,Colorado,Dolores,2000,404
08035,Colorado,Douglas,2000,55477
08037,Colorado,Eagle,2000,9788
08039,Colorado,Elbert,2000,6003
08041,Colorado,El Paso,2000,142480
08043,Colorado,Fremont,2000,9504
08045,Colorado,Garfield,2000,11881
08047,Colorado,Gilpin,2000,1006
08049,Colorado,Grand,2000,2711
08051,Colorado,Gunnison,2000,2499
08053,Colorado,Hinsdale,2000,154
08055,Colorado,Huerfano,2000,1647
08057,Colorado,Jackson,2000,403
08059,Colorado,Jefferson,2000,133486
08061,Colorado,Kiowa,2000,420
08063,Colorado,Kit Carson,2000,2141
08065,Colorado,Lake,2000,2100
08067,Colorado,La Plata,2000,9967
08069,Colorado,Larimer,2000,59755
08071,Colorado,Las Animas,2000,3687
08073,Colorado,Lincoln,2000,1456
08075,Colorado,Logan,2000,5058
08077,Colorado,Mesa,2000,29067
08079,Colorado,Mineral,2000,170
08081,Colorado,Moffat,2000,3752
08083,Colorado,Montezuma,2000,6556
08085,Colorado,Montrose,2000,8944
08087,Colorado,Morgan,2000,8252
08089,Colorado,Otero,2000,5458
08091,Colorado,Ouray,2000,841
08093,Colorado,Park,2000,3418
08095,Colorado,Phillips,2000,1203
08097,Colorado,Pitkin,2000,2478
08099,Colorado,Prowers,2000,4345
08101,Colorado,Pueblo,2000,36546
08103,Colorado,Rio Blanco,2000,1587
08105,Colorado,Rio Grande,2000,3494
08107,Colorado,Routt,2000,4451
08109,Colorado,Saguache,2000,1680
08111,Colorado,San Juan,2000,112
08113,Colorado,San Miguel,2000,1163
08115,Colorado,Sedgwick,2000,625
08117,Colorado,Summit,2000,4089
08119,Colorado,Teller,2000,5322
08121,Colorado,Washington,2000,1303
08123,Colorado,Weld,2000,51033
08125,Colorado,Yuma,2000,2787
09001,Connecticut,Fairfield,2000,226214
09003,Connecticut,Hartford,2000,210832
09005,Connecticut,Litchfield,2000,44846
09007,Connecticut,Middlesex,2000,35980
09009,Connecticut,New Haven,2000,201679
09011,Connecticut,New London,2000,63231
09013,Connecticut,Tolland,2000,31520
09015,Connecticut,Windham,2000,27386
10001,Delaware,Kent,2000,34533
10003,Delaware,New Castle,2000,124749
10005,Delaware,Sussex,2000,35305
11001,District Of Columbia,District Of Columbia,2000,114992
12001,Florida,Alachua,2000,43938
12003,Florida,Baker,2000,6118
12005,Florida,Bay,2000,35642
12007,Florida,Bradford,2000,5725
12009,Florida,Brevard,2000,104699
12011,Florida,Broward,2000,382929
12013,Florida,Calhoun,2000,3021
12015,Florida,Charlotte,2000,22186
12017,Florida,Citrus,2000,20330
12019,Florida,Clay,2000,39385
12021,Florida,Collier,2000,49941
12023,Florida,Columbia,2000,14337
12027,Florida,Desoto,2000,7310
12029,Florida,Dixie,2000,3055
12031,Florida,Duval,2000,204991
12033,Florida,Escambia,2000,69271
12035,Florida,Flagler,2000,8925
12037,Florida,Franklin,2000,1989
12039,Florida,Gadsden,2000,11919
12041,Florida,Gilchrist,2000,3529
12043,Florida,Glades,2000,2337
12045,Florida,Gulf,2000,2895
12047,Florida,Hamilton,2000,3137
12049,Florida,Hardee,2000,7435
12051,Florida,Hendry,2000,10874
12053,Florida,Hernando,2000,24726
12055,Florida,Highlands,2000,16744
12057,Florida,Hillsborough,2000,253138
12059,Florida,Holmes,2000,4285
12061,Florida,Indian River,2000,21694
12063,Florida,Jackson,2000,10449
12065,Florida,Jefferson,2000,2930
12067,Florida,Lafayette,2000,1523
12069,Florida,Lake,2000,42719
12071,Florida,Lee,2000,86388
12073,Florida,Leon,2000,51007
12075,Florida,Levy,2000,8131
12077,Florida,Liberty,2000,1531
12079,Florida,Madison,2000,4736
12081,Florida,Manatee,2000,54647
12083,Florida,Marion,2000,55425
12085,Florida,Martin,2000,23623
12086,Florida,Miami-Dade,2000,559213
12087,Florida,Monroe,2000,13605
12089,Florida,Nassau,2000,14439
12091,Florida,Okaloosa,2000,42133
12093,Florida,Okeechobee,2000,9051
12095,Florida,Orange,2000,226340
12097,Florida,Osceola,2000,46214
12099,Florida,Palm Beach,2000,240458
12101,Florida,Pasco,2000,69514
12103,Florida,Pinellas,2000,177533
12105,Florida,Polk,2000,118205
12107,Florida,Putnam,2000,17304
12109,Florida,St Johns,2000,28399
12111,Florida,St Lucie,2000,43583
12113,Florida,Santa Rosa,2000,31269
12115,Florida,Sarasota,2000,52827
12117,Florida,Seminole,2000,92606
12119,Florida,Sumter,2000,8570
12121,Florida,Suwannee,2000,8369
12123,Florida,Taylor,2000,4731
12125,Florida,Union,2000,2937
12127,Florida,Volusia,2000,89862
12129,Florida,Wakulla,2000,5864
12131,Florida,Walton,2000,8795
12133,Florida,Washington,2000,4905
13001,Georgia,Appling,2000,4729
13003,Georgia,Atkinson,2000,2308
13005,Georgia,Bacon,2000,2648
13007,Georgia,Baker,2000,1113
13009,Georgia,Baldwin,2000,9721
13011,Georgia,Banks,2000,3776
13013,Georgia,Barrow,2000,13125
13015,Georgia,Bartow,2000,21199
13017,Georgia,Ben Hill,2000,4809
13019,Georgia,Berrien,2000,4424
13021,Georgia,Bibb,2000,40880
13023,Georgia,Bleckley,2000,3101
13025,Georgia,Brantley,2000,4145
13027,Georgia,Brooks,2000,4425
13029,Georgia,Bryan,2000,7289
13031,Georgia,Bulloch,2000,12480
13033,Georgia,Burke,2000,6954
13035,Georgia,Butts,2000,4699
13037,Georgia,Calhoun,2000,1395
13039,Georgia,Camden,2000,13832
13043,Georgia,Candler,2000,2568
13045,Georgia,Carroll,2000,22630
13047,Georgia,Catoosa,2000,13756
13049,Georgia,Charlton,2000,2826
13051,Georgia,Chatham,2000,58083
13053,Georgia,Chattahoochee,2000,4226
13055,Georgia,Chattooga,2000,5834
13057,Georgia,Cherokee,2000,40110
13059,Georgia,Clarke,2000,18108
13061,Georgia,Clay,2000,864
13063,Georgia,Clayton,2000,70921
13065,Georgia,Clinch,2000,1916
13067,Georgia,Cobb,2000,158406
13069,Georgia,Coffee,2000,10582
13071,Georgia,Colquitt,2000,11543
13073,Georgia,Columbia,2000,26430
13075,Georgia,Cook,2000,4453
13077,Georgia,Coweta,2000,25642
13079,Georgia,Crawford,2000,3448
13081,Georgia,Crisp,2000,6378
13083,Georgia,Dade,2000,3613
13085,Georgia,Dawson,2000,4008
13087,Georgia,Decatur,2000,8062
13089,Georgia,DeKalb,2000,163978
13091,Georgia,Dodge,2000,4979
13093,Georgia,Dooly,2000,2948
13095,Georgia,Dougherty,2000,26576
13097,Georgia,Douglas,2000,25435
13099,Georgia,Early,2000,3541
13101,Georgia,Echols,2000,1100
13103,Georgia,Effingham,2000,11234
13105,Georgia,Elbert,2000,5302
13107,Georgia,Emanuel,2000,6075
13109,Georgia,Evans,2000,2884
13111,Georgia,Fannin,2000,4144
13113,Georgia,Fayette,2000,26554
13115,Georgia,Floyd,2000,22236
13117,Georgia,Forsyth,2000,27466
13119,Georgia,Franklin,2000,4854
13121,Georgia,Fulton,2000,199290
13123,Georgia,Gilmer,2000,5703
13125,Georgia,Glascock,2000,609
13127,Georgia,Glynn,2000,17108
13129,Georgia,Gordon,2000,11498
13131,Georgia,Grady,2000,6453
13133,Georgia,Greene,2000,3614
13135,Georgia,Gwinnett,2000,165993
13137,Georgia,Habersham,2000,8431
13139,Georgia,Hall,2000,37517
13141,Georgia,Hancock,2000,2425
13143,Georgia,Haralson,2000,6698
13145,Georgia,Harris,2000,6065
13147,Georgia,Hart,2000,5402
13149,Georgia,Heard,2000,3164
13151,Georgia,Henry,2000,34861
13153,Georgia,Houston,2000,31216
13155,Georgia,Irwin,2000,2860
13157,Georgia,Jackson,2000,11071
13159,Georgia,Jasper,2000,3109
13161,Georgia,Jeff Davis,2000,3454
13163,Georgia,Jefferson,2000,4903
13165,Georgia,Jenkins,2000,2443
13167,Georgia,Johnson,2000,2579
13169,Georgia,Jones,2000,6411
13171,Georgia,Lamar,2000,3899
13173,Georgia,Lanier,2000,1983
13175,Georgia,Laurens,2000,12045
13177,Georgia,Lee,2000,7589
13179,Georgia,Liberty,2000,19694
13181,Georgia,Lincoln,2000,2037
13183,Georgia,Long,2000,3411
13185,Georgia,Lowndes,2000,24134
13187,Georgia,Lumpkin,2000,5102
13189,Georgia,McDuffie,2000,5916
13191,Georgia,McIntosh,2000,3042
13193,Georgia,Macon,2000,3887
13195,Georgia,Madison,2000,6764
13197,Georgia,Marion,2000,2025
13199,Georgia,Meriwether,2000,5998
13201,Georgia,Miller,2000,1678
13205,Georgia,Mitchell,2000,6540
13207,Georgia,Monroe,2000,5713
13209,Georgia,Montgomery,2000,2071
13211,Georgia,Morgan,2000,4106
13213,Georgia,Murray,2000,10204
13215,Georgia,Muscogee,2000,50002
13217,Georgia,Newton,2000,17157
13219,Georgia,Oconee,2000,7931
13221,Georgia,Oglethorpe,2000,3258
13223,Georgia,Paulding,2000,25079
13225,Georgia,Peach,2000,6163
13227,Georgia,Pickens,2000,5413
13229,Georgia,Pierce,2000,4169
13231,Georgia,Pike,2000,3779
13233,Georgia,Polk,2000,9937
13235,Georgia,Pulaski,2000,2216
13237,Georgia,Putnam,2000,4368
13239,Georgia,Quitman,2000,623
13241,Georgia,Rabun,2000,3286
13243,Georgia,Randolph,2000,2129
13245,Georgia,Richmond,2000,53608
13247,Georgia,Rockdale,2000,19288
13249,Georgia,Schley,2000,1103
13251,Georgia,Screven,2000,4291
13253,Georgia,Seminole,2000,2450
13255,Georgia,Spalding,2000,15932
13257,Georgia,Stephens,2000,5967
13259,Georgia,Stewart,2000,1307
13261,Georgia,Sumter,2000,9232
13263,Georgia,Talbot,2000,1570
13265,Georgia,Taliaferro,2000,500
13267,Georgia,Tattnall,2000,5108
13269,Georgia,Taylor,2000,2369
13271,Georgia,Telfair,2000,2653
13273,Georgia,Terrell,2000,3114
13275,Georgia,Thomas,2000,11601
13277,Georgia,Tift,2000,10459
13279,Georgia,Toombs,2000,7443
13281,Georgia,Towns,2000,1517
13283,Georgia,Treutlen,2000,1781
13285,Georgia,Troup,2000,16373
13287,Georgia,Turner,2000,2797
13289,Georgia,Twiggs,2000,2859
13291,Georgia,Union,2000,3459
13293,Georgia,Upson,2000,7032
13295,Georgia,Walker,2000,15116
13297,Georgia,Walton,2000,17223
13299,Georgia,Ware,2000,8804
13301,Georgia,Warren,2000,1670
13303,Georgia,Washington,2000,5704
13305,Georgia,Wayne,2000,6891
13307,Georgia,Webster,2000,603
13309,Georgia,Wheeler,2000,1383
13311,Georgia,White,2000,4622
13313,Georgia,Whitfield,2000,22834
13315,Georgia,Wilcox,2000,1953
13317,Georgia,Wilkes,2000,2561
13319,Georgia,Wilkinson,2000,2783
13321,Georgia,Worth,2000,6284
15001,Hawaii,Hawaii,2000,38852
15003,Hawaii,Honolulu,2000,208758
15005,Hawaii,Kalawao,2000,3
15007,Hawaii,Kauai,2000,15443
15009,Hawaii,Maui,2000,32711
16001,Idaho,Ada,2000,82054
16003,Idaho,Adams,2000,831
16005,Idaho,Bannock,2000,21256
16007,Idaho,Bear Lake,2000,2114
16009,Idaho,Benewah,2000,2465
16011,Idaho,Bingham,2000,14582
16013,Idaho,Blaine,2000,4564
16015,Idaho,Boise,2000,1793
16017,Idaho,Bonner,2000,9401
16019,Idaho,Bonneville,2000,26528
16021,Idaho,Boundary,2000,2880
16023,Idaho,Butte,2000,842
16025,Idaho,Camas,2000,245
16027,Idaho,Canyon,2000,40679
16029,Idaho,Caribou,2000,2312
16031,Idaho,Cassia,2000,7313
16033,Idaho,Clark,2000,360
16035,Idaho,Clearwater,2000,2057
16037,Idaho,Custer,2000,1109
16039,Idaho,Elmore,2000,8142
16041,Idaho,Franklin,2000,4231
16043,Idaho,Fremont,2000,3915
16045,Idaho,Gem,2000,4244
16047,Idaho,Gooding,2000,4192
16049,Idaho,Idaho,2000,3873
16051,Idaho,Jefferson,2000,6960
16053,Idaho,Jerome,2000,5775
16055,Idaho,Kootenai,2000,29500
16057,Idaho,Latah,2000,7075
16059,Idaho,Lemhi,2000,1991
16061,Idaho,Lewis,2000,951
16063,Idaho,Lincoln,2000,1228
16065,Idaho,Madison,2000,7186
16067,Idaho,Minidoka,2000,6382
16069,Idaho,Nez Perce,2000,8897
16071,Idaho,Oneida,2000,1318
16073,Idaho,Owyhee,2000,3398
16075,Idaho,Payette,2000,6306
16077,Idaho,Power,2000,2549
16079,Idaho,Shoshone,2000,3159
16081,Idaho,Teton,2000,1905
16083,Idaho,Twin Falls,2000,17920
16085,Idaho,Valley,2000,1810
16087,Idaho,Washington,2000,2738
17001,Illinois,Adams,2000,17001
17003,Illinois,Alexander,2000,2476
17005,Illinois,Bond,2000,3862
17007,Illinois,Boone,2000,12446
17009,Illinois,Brown,2000,1234
17011,Illinois,Bureau,2000,8785
17013,Illinois,Calhoun,2000,1166
17015,Illinois,Carroll,2000,4046
17017,Illinois,Cass,2000,3473
17019,Illinois,Champaign,2000,37819
17021,Illinois,Christian,2000,8521
17023,Illinois,Clark,2000,4233
17025,Illinois,Clay,2000,3483
17027,Illinois,Clinton,2000,8836
17029,Illinois,Coles,2000,10477
17031,Illinois,Cook,2000,1397819
17033,Illinois,Crawford,2000,4664
17035,Illinois,Cumberland,2000,2976
17037,Illinois,DeKalb,2000,20569
17039,Illinois,De Witt,2000,4126
17041,Illinois,Douglas,2000,5388
17043,Illinois,Dupage,2000,241832
17045,Illinois,Edgar,2000,4701
17047,Illinois,Edwards,2000,1607
17049,Illinois,Effingham,2000,9784
17051,Illinois,Fayette,2000,5188
17053,Illinois,Ford,2000,3671
17055,Illinois,Franklin,2000,8958
17057,Illinois,Fulton,2000,8414
17059,Illinois,Gallatin,2000,1431
17061,Illinois,Greene,2000,3758
17063,Illinois,Grundy,2000,9994
17065,Illinois,Hamilton,2000,2067
17067,Illinois,Hancock,2000,4946
17069,Illinois,Hardin,2000,981
17071,Illinois,Henderson,2000,1898
17073,Illinois,Henry,2000,12918
17075,Illinois,Iroquois,2000,7974
17077,Illinois,Jackson,2000,11482
17079,Illinois,Jasper,2000,2620
17081,Illinois,Jefferson,2000,9696
17083,Illinois,Jersey,2000,5508
17085,Illinois,Jo Daviess,2000,5162
17087,Illinois,Johnson,2000,2363
17089,Illinois,Kane,2000,122295
17091,Illinois,Kankakee,2000,28107
17093,Illinois,Kendall,2000,16083
17095,Illinois,Knox,2000,12306
17097,Illinois,Lake,2000,189364
17099,Illinois,La Salle,2000,28052
17101,Illinois,Lawrence,2000,3510
17103,Illinois,Lee,2000,8727
17105,Illinois,Livingston,2000,9918
17107,Illinois,Logan,2000,6824
17109,Illinois,McDonough,2000,5818
17111,Illinois,McHenry,2000,78496
17113,Illinois,McLean,2000,35292
17115,Illinois,Macon,2000,28171
17117,Illinois,Macoupin,2000,12064
17119,Illinois,Madison,2000,64437
17121,Illinois,Marion,2000,10622
17123,Illinois,Marshall,2000,3098
17125,Illinois,Mason,2000,3909
17127,Illinois,Massac,2000,3492
17129,Illinois,Menard,2000,3314
17131,Illinois,Mercer,2000,4206
17133,Illinois,Monroe,2000,7304
17135,Illinois,Montgomery,2000,7275
17137,Illinois,Morgan,2000,8344
17139,Illinois,Moultrie,2000,3670
17141,Illinois,Ogle,2000,14023
17143,Illinois,Peoria,2000,46109
17145,Illinois,Perry,2000,5083
17147,Illinois,Piatt,2000,4115
17149,Illinois,Pike,2000,4188
17151,Illinois,Pope,2000,949
17153,Illinois,Pulaski,2000,1996
17155,Illinois,Putnam,2000,1527
17157,Illinois,Randolph,2000,7507
17159,Illinois,Richland,2000,3964
17161,Illinois,Rock Island,2000,35524
17163,Illinois,St Clair,2000,70925
17165,Illinois,Saline,2000,6414
17167,Illinois,Sangamon,2000,47147
17169,Illinois,Schuyler,2000,1658
17171,Illinois,Scott,2000,1392
17173,Illinois,Shelby,2000,5728
17175,Illinois,Stark,2000,1591
17177,Illinois,Stephenson,2000,12351
17179,Illinois,Tazewell,2000,31347
17181,Illinois,Union,2000,4237
17183,Illinois,Vermilion,2000,20972
17185,Illinois,Wabash,2000,3133
17187,Illinois,Warren,2000,4342
17189,Illinois,Washington,2000,3837
17191,Illinois,Wayne,2000,4072
17193,Illinois,White,2000,3311
17195,Illinois,Whiteside,2000,15187
17197,Illinois,Will,2000,150711
17199,Illinois,Williamson,2000,14051
17201,Illinois,Winnebago,2000,73526
17203,Illinois,Woodford,2000,9483
18001,Indiana,Adams,2000,10454
18003,Indiana,Allen,2000,91951
18005,Indiana,Bartholomew,2000,18951
18007,Indiana,Benton,2000,2626
18009,Indiana,Blackford,2000,3465
18011,Indiana,Boone,2000,13055
18013,Indiana,Brown,2000,3486
18015,Indiana,Carroll,2000,5298
18017,Indiana,Cass,2000,10586
18019,Indiana,Clark,2000,23376
18021,Indiana,Clay,2000,6930
18023,Indiana,Clinton,2000,9243
18025,Indiana,Crawford,2000,2748
18027,Indiana,Daviess,2000,8634
18029,Indiana,Dearborn,2000,12734
18031,Indiana,Decatur,2000,6451
18033,Indiana,DeKalb,2000,11299
18035,Indiana,Delaware,2000,26248
18037,Indiana,Dubois,2000,10858
18039,Indiana,Elkhart,2000,52799
18041,Indiana,Fayette,2000,6223
18043,Indiana,Floyd,2000,18288
18045,Indiana,Fountain,2000,4711
18047,Indiana,Franklin,2000,6227
18049,Indiana,Fulton,2000,5334
18051,Indiana,Gibson,2000,8060
18053,Indiana,Grant,2000,17338
18055,Indiana,Greene,2000,8199
18057,Indiana,Hamilton,2000,56261
18059,Indiana,Hancock,2000,14697
18061,Indiana,Harrison,2000,8906
18063,Indiana,Hendricks,2000,29166
18065,Indiana,Henry,2000,11719
18067,Indiana,Howard,2000,21748
18069,Indiana,Huntington,2000,9948
18071,Indiana,Jackson,2000,10549
18073,Indiana,Jasper,2000,8234
18075,Indiana,Jay,2000,5885
18077,Indiana,Jefferson,2000,7725
18079,Indiana,Jennings,2000,7625
18081,Indiana,Johnson,2000,31333
18083,Indiana,Knox,2000,9001
18085,Indiana,Kosciusko,2000,20562
18087,Indiana,Lagrange,2000,11813
18089,Indiana,Lake,2000,129797
18091,Indiana,LaPorte,2000,27002
18093,Indiana,Lawrence,2000,11274
18095,Indiana,Madison,2000,31776
18097,Indiana,Marion,2000,221749
18099,Indiana,Marshall,2000,12659
18101,Indiana,Martin,2000,2615
18103,Indiana,Miami,2000,9336
18105,Indiana,Monroe,2000,21664
18107,Indiana,Montgomery,2000,9766
18109,Indiana,Morgan,2000,18153
18111,Indiana,Newton,2000,3847
18113,Indiana,Noble,2000,13424
18115,Indiana,Ohio,2000,1397
18117,Indiana,Orange,2000,4960
18119,Indiana,Owen,2000,5794
18121,Indiana,Parke,2000,4114
18123,Indiana,Perry,2000,4325
18125,Indiana,Pike,2000,3070
18127,Indiana,Porter,2000,37802
18129,Indiana,Posey,2000,7391
18131,Indiana,Pulaski,2000,3703
18133,Indiana,Putnam,2000,8495
18135,Indiana,Randolph,2000,6905
18137,Indiana,Ripley,2000,7446
18139,Indiana,Rush,2000,4877
18141,Indiana,St Joseph,2000,68289
18143,Indiana,Scott,2000,6028
18145,Indiana,Shelby,2000,11583
18147,Indiana,Spencer,2000,5397
18149,Indiana,Starke,2000,6312
18151,Indiana,Steuben,2000,8521
18153,Indiana,Sullivan,2000,4912
18155,Indiana,Switzerland,2000,2384
18157,Indiana,Tippecanoe,2000,31200
18159,Indiana,Tipton,2000,4144
18161,Indiana,Union,2000,2005
18163,Indiana,Vanderburgh,2000,39779
18165,Indiana,Vermillion,2000,3991
18167,Indiana,Vigo,2000,24216
18169,Indiana,Wabash,2000,8577
18171,Indiana,Warren,2000,2193
18173,Indiana,Warrick,2000,14074
18175,Indiana,Washington,2000,7216
18177,Indiana,Wayne,2000,17215
18179,Indiana,Wells,2000,7538
18181,Indiana,White,2000,6524
18183,Indiana,Whitley,2000,8213
19001,Iowa,Adair,2000,1968
19003,Iowa,Adams,2000,1073
19005,Iowa,Allamakee,2000,3731
19007,Iowa,Appanoose,2000,3255
19009,Iowa,Audubon,2000,1771
19011,Iowa,Benton,2000,6924
19013,Iowa,Black Hawk,2000,29545
19015,Iowa,Boone,2000,6515
19017,Iowa,Bremer,2000,5627
19019,Iowa,Buchanan,2000,6031
19021,Iowa,Buena Vista,2000,5179
19023,Iowa,Butler,2000,3734
19025,Iowa,Calhoun,2000,2564
19027,Iowa,Carroll,2000,5769
19029,Iowa,Cass,2000,3488
19031,Iowa,Cedar,2000,4609
19033,Iowa,Cerro Gordo,2000,11046
19035,Iowa,Cherokee,2000,3212
19037,Iowa,Chickasaw,2000,3423
19039,Iowa,Clarke,2000,2402
19041,Iowa,Clay,2000,4289
19043,Iowa,Clayton,2000,4735
19045,Iowa,Clinton,2000,12840
19047,Iowa,Crawford,2000,4495
19049,Iowa,Dallas,2000,11487
19051,Iowa,Davis,2000,2317
19053,Iowa,Decatur,2000,2002
19055,Iowa,Delaware,2000,5334
19057,Iowa,Des Moines,2000,10328
19059,Iowa,Dickinson,2000,3599
19061,Iowa,Dubuque,2000,22779
19063,Iowa,Emmet,2000,2674
19065,Iowa,Fayette,2000,5492
19067,Iowa,Floyd,2000,4246
19069,Iowa,Franklin,2000,2593
19071,Iowa,Fremont,2000,2010
19073,Iowa,Greene,2000,2655
19075,Iowa,Grundy,2000,3118
19077,Iowa,Guthrie,2000,2675
19079,Iowa,Hamilton,2000,4182
19081,Iowa,Hancock,2000,3210
19083,Iowa,Hardin,2000,4646
19085,Iowa,Harrison,2000,4108
19087,Iowa,Henry,2000,5018
19089,Iowa,Howard,2000,2615
19091,Iowa,Humboldt,2000,2580
19093,Iowa,Ida,2000,1998
19095,Iowa,Iowa,2000,4138
19097,Iowa,Jackson,2000,5271
19099,Iowa,Jasper,2000,9173
19101,Iowa,Jefferson,2000,3946
19103,Iowa,Johnson,2000,22312
19105,Iowa,Jones,2000,4874
19107,Iowa,Keokuk,2000,2931
19109,Iowa,Kossuth,2000,4435
19111,Iowa,Lee,2000,9273
19113,Iowa,Linn,2000,48422
19115,Iowa,Louisa,2000,3380
19117,Iowa,Lucas,2000,2392
19119,Iowa,Lyon,2000,3293
19121,Iowa,Madison,2000,3802
19123,Iowa,Mahaska,2000,5742
19125,Iowa,Marion,2000,8125
19127,Iowa,Marshall,2000,9930
19129,Iowa,Mills,2000,3892
19131,Iowa,Mitchell,2000,2885
19133,Iowa,Monona,2000,2327
19135,Iowa,Monroe,2000,2032
19137,Iowa,Montgomery,2000,2941
19139,Iowa,Muscatine,2000,11219
19141,Iowa,O Brien,2000,3742
19143,Iowa,Osceola,2000,1826
19145,Iowa,Page,2000,3948
19147,Iowa,Palo Alto,2000,2440
19149,Iowa,Plymouth,2000,7038
19151,Iowa,Pocahontas,2000,2202
19153,Iowa,Polk,2000,96300
19155,Iowa,Pottawattamie,2000,22813
19157,Iowa,Poweshiek,2000,4262
19159,Iowa,Ringgold,2000,1315
19161,Iowa,Sac,2000,2779
19163,Iowa,Scott,2000,42015
19165,Iowa,Shelby,2000,3477
19167,Iowa,Sioux,2000,8567
19169,Iowa,Story,2000,15248
19171,Iowa,Tama,2000,4808
19173,Iowa,Taylor,2000,1665
19175,Iowa,Union,2000,2867
19177,Iowa,Van Buren,2000,1934
19179,Iowa,Wapello,2000,8397
19181,Iowa,Warren,2000,10985
19183,Iowa,Washington,2000,5389
19185,Iowa,Wayne,2000,1606
19187,Iowa,Webster,2000,9847
19189,Iowa,Winnebago,2000,2824
19191,Iowa,Winneshiek,2000,4900
19193,Iowa,Woodbury,2000,28390
19195,Iowa,Worth,2000,1921
19197,Iowa,Wright,2000,3507
20001,Kansas,Allen,2000,3630
20003,Kansas,Anderson,2000,2123
20005,Kansas,Atchison,2000,4473
20007,Kansas,Barber,2000,1326
20009,Kansas,Barton,2000,7330
20011,Kansas,Bourbon,2000,3961
20013,Kansas,Brown,2000,2828
20015,Kansas,Butler,2000,17037
20017,Kansas,Chase,2000,731
20019,Kansas,Chautauqua,2000,1019
20021,Kansas,Cherokee,2000,5991
20023,Kansas,Cheyenne,2000,752
20025,Kansas,Clark,2000,635
20027,Kansas,Clay,2000,2200
20029,Kansas,Cloud,2000,2296
20031,Kansas,Coffey,2000,2378
20033,Kansas,Comanche,2000,435
20035,Kansas,Cowley,2000,9444
20037,Kansas,Crawford,2000,8775
20039,Kansas,Decatur,2000,821
20041,Kansas,Dickinson,2000,4976
20043,Kansas,Doniphan,2000,2088
20045,Kansas,Douglas,2000,20401
20047,Kansas,Edwards,2000,849
20049,Kansas,Elk,2000,733
20051,Kansas,Ellis,2000,6164
20053,Kansas,Ellsworth,2000,1396
20055,Kansas,Finney,2000,13881
20057,Kansas,Ford,2000,10094
20059,Kansas,Franklin,2000,6820
20061,Kansas,Geary,2000,8281
20063,Kansas,Gove,2000,803
20065,Kansas,Graham,2000,664
20067,Kansas,Grant,2000,2591
20069,Kansas,Gray,2000,1863
20071,Kansas,Greeley,2000,433
20073,Kansas,Greenwood,2000,1820
20075,Kansas,Hamilton,2000,757
20077,Kansas,Harper,2000,1612
20079,Kansas,Harvey,2000,8555
20081,Kansas,Haskell,2000,1418
20083,Kansas,Hodgeman,2000,604
20085,Kansas,Jackson,2000,3576
20087,Kansas,Jefferson,2000,5046
20089,Kansas,Jewell,2000,832
20091,Kansas,Johnson,2000,122168
20093,Kansas,Kearny,2000,1554
20095,Kansas,Kingman,2000,2378
20097,Kansas,Kiowa,2000,787
20099,Kansas,Labette,2000,5876
20101,Kansas,Lane,2000,548
20103,Kansas,Leavenworth,2000,18334
20105,Kansas,Lincoln,2000,840
20107,Kansas,Linn,2000,2397
20109,Kansas,Logan,2000,774
20111,Kansas,Lyon,2000,9250
20113,Kansas,McPherson,2000,7503
20115,Kansas,Marion,2000,3307
20117,Kansas,Marshall,2000,2738
20119,Kansas,Meade,2000,1367
20121,Kansas,Miami,2000,7920
20123,Kansas,Mitchell,2000,1697
20125,Kansas,Montgomery,2000,9079
20127,Kansas,Morris,2000,1541
20129,Kansas,Morton,2000,1026
20131,Kansas,Nemaha,2000,3057
20133,Kansas,Neosho,2000,4361
20135,Kansas,Ness,2000,791
20137,Kansas,Norton,2000,1312
20139,Kansas,Osage,2000,4519
20141,Kansas,Osborne,2000,1060
20143,Kansas,Ottawa,2000,1584
20145,Kansas,Pawnee,2000,1748
20147,Kansas,Phillips,2000,1471
20149,Kansas,Pottawatomie,2000,5366
20151,Kansas,Pratt,2000,2364
20153,Kansas,Rawlins,2000,713
20155,Kansas,Reno,2000,15852
20157,Kansas,Republic,2000,1302
20159,Kansas,Rice,2000,2655
20161,Kansas,Riley,2000,11840
20163,Kansas,Rooks,2000,1433
20165,Kansas,Rush,2000,786
20167,Kansas,Russell,2000,1651
20169,Kansas,Saline,2000,14046
20171,Kansas,Scott,2000,1390
20173,Kansas,Sedgwick,2000,127535
20175,Kansas,Seward,2000,7208
20177,Kansas,Shawnee,2000,42973
20179,Kansas,Sheridan,2000,741
20181,Kansas,Sherman,2000,1660
20183,Kansas,Smith,2000,985
20185,Kansas,Stafford,2000,1260
20187,Kansas,Stanton,2000,742
20189,Kansas,Stevens,2000,1704
20191,Kansas,Sumner,2000,7403
20193,Kansas,Thomas,2000,2150
20195,Kansas,Trego,2000,792
20197,Kansas,Wabaunsee,2000,1841
20199,Kansas,Wallace,2000,509
20201,Kansas,Washington,2000,1535
20203,Kansas,Wichita,2000,726
20205,Kansas,Wilson,2000,2625
20207,Kansas,Woodson,2000,821
20209,Kansas,Wyandotte,2000,44956
21001,Kentucky,Adair,2000,4053
21003,Kentucky,Allen,2000,4601
21005,Kentucky,Anderson,2000,5077
21007,Kentucky,Ballard,2000,1911
21009,Kentucky,Barren,2000,9210
21011,Kentucky,Bath,2000,2678
21013,Kentucky,Bell,2000,7329
21015,Kentucky,Boone,2000,24644
21017,Kentucky,Bourbon,2000,4843
21019,Kentucky,Boyd,2000,10840
21021,Kentucky,Boyle,2000,6276
21023,Kentucky,Bracken,2000,2115
21025,Kentucky,Breathitt,2000,4106
21027,Kentucky,Breckinridge,2000,4647
21029,Kentucky,Bullitt,2000,16640
21031,Kentucky,Butler,2000,3288
21033,Kentucky,Caldwell,2000,2927
21035,Kentucky,Calloway,2000,6406
21037,Kentucky,Campbell,2000,22717
21039,Kentucky,Carlisle,2000,1251
21041,Kentucky,Carroll,2000,2570
21043,Kentucky,Carter,2000,6583
21045,Kentucky,Casey,2000,3786
21047,Kentucky,Christian,2000,20459
21049,Kentucky,Clark,2000,8223
21051,Kentucky,Clay,2000,6232
21053,Kentucky,Clinton,2000,2184
21055,Kentucky,Crittenden,2000,2178
21057,Kentucky,Cumberland,2000,1689
21059,Kentucky,Daviess,2000,23620
21061,Kentucky,Edmonson,2000,2745
21063,Kentucky,Elliott,2000,1712
21065,Kentucky,Estill,2000,3697
21067,Kentucky,Fayette,2000,55533
21069,Kentucky,Fleming,2000,3500
21071,Kentucky,Floyd,2000,10034
21073,Kentucky,Franklin,2000,10776
21075,Kentucky,Fulton,2000,1928
21077,Kentucky,Gallatin,2000,2247
21079,Kentucky,Garrard,2000,3602
21081,Kentucky,Grant,2000,6425
21083,Kentucky,Graves,2000,9068
21085,Kentucky,Grayson,2000,5876
21087,Kentucky,Green,2000,2614
21089,Kentucky,Greenup,2000,8699
21091,Kentucky,Hancock,2000,2241
21093,Kentucky,Hardin,2000,25963
21095,Kentucky,Harlan,2000,8297
21097,Kentucky,Harrison,2000,4497
21099,Kentucky,Hart,2000,4488
21101,Kentucky,Henderson,2000,11043
21103,Kentucky,Henry,2000,3820
21105,Kentucky,Hickman,2000,1162
21107,Kentucky,Hopkins,2000,11240
21109,Kentucky,Jackson,2000,3516
21111,Kentucky,Jefferson,2000,168271
21113,Kentucky,Jessamine,2000,10300
21115,Kentucky,Johnson,2000,5628
21117,Kentucky,Kenton,2000,39899
21119,Kentucky,Knott,2000,4319
21121,Kentucky,Knox,2000,8324
21123,Kentucky,Larue,2000,3348
21125,Kentucky,Laurel,2000,13401
21127,Kentucky,Lawrence,2000,3936
21129,Kentucky,Lee,2000,1797
21131,Kentucky,Leslie,2000,3051
21133,Kentucky,Letcher,2000,5996
21135,Kentucky,Lewis,2000,3570
21137,Kentucky,Lincoln,2000,5997
21139,Kentucky,Livingston,2000,2188
21141,Kentucky,Logan,2000,6825
21143,Kentucky,Lyon,2000,1275
21145,Kentucky,McCracken,2000,15315
21147,Kentucky,McCreary,2000,4729
21149,Kentucky,McLean,2000,2405
21151,Kentucky,Madison,2000,15512
21153,Kentucky,Magoffin,2000,3570
21155,Kentucky,Marion,2000,4596
21157,Kentucky,Marshall,2000,6560
21159,Kentucky,Martin,2000,3539
21161,Kentucky,Mason,2000,4053
21163,Kentucky,Meade,2000,7839
21165,Kentucky,Menifee,2000,1634
21167,Kentucky,Mercer,2000,5080
21169,Kentucky,Metcalfe,2000,2471
21171,Kentucky,Monroe,2000,2811
21173,Kentucky,Montgomery,2000,5615
21175,Kentucky,Morgan,2000,3118
21177,Kentucky,Muhlenberg,2000,7206
21179,Kentucky,Nelson,2000,10372
21181,Kentucky,Nicholas,2000,1608
21183,Kentucky,Ohio,2000,5704
21185,Kentucky,Oldham,2000,12644
21187,Kentucky,Owen,2000,2694
21189,Kentucky,Owsley,2000,1194
21191,Kentucky,Pendleton,2000,4084
21193,Kentucky,Perry,2000,7161
21195,Kentucky,Pike,2000,16285
21197,Kentucky,Powell,2000,3524
21199,Kentucky,Pulaski,2000,13156
21201,Kentucky,Robertson,2000,539
21203,Kentucky,Rockcastle,2000,4054
21205,Kentucky,Rowan,2000,4475
21207,Kentucky,Russell,2000,3675
21209,Kentucky,Scott,2000,8685
21211,Kentucky,Shelby,2000,8391
21213,Kentucky,Simpson,2000,4305
21215,Kentucky,Spencer,2000,3171
21217,Kentucky,Taylor,2000,5365
21219,Kentucky,Todd,2000,3183
21221,Kentucky,Trigg,2000,2886
21223,Kentucky,Trimble,2000,2145
21225,Kentucky,Union,2000,3957
21227,Kentucky,Warren,2000,21398
21229,Kentucky,Washington,2000,2757
21231,Kentucky,Wayne,2000,5049
21233,Kentucky,Webster,2000,3406
21235,Kentucky,Whitley,2000,9245
21237,Kentucky,Wolfe,2000,1831
21239,Kentucky,Woodford,2000,5891
22001,Louisiana,Acadia,2000,17557
22003,Louisiana,Allen,2000,6267
22005,Louisiana,Ascension,2000,23064
22007,Louisiana,Assumption,2000,6656
22009,Louisiana,Avoyelles,2000,11109
22011,Louisiana,Beauregard,2000,9059
22013,Louisiana,Bienville,2000,4293
22015,Louisiana,Bossier,2000,27532
22017,Louisiana,Caddo,2000,67507
22019,Louisiana,Calcasieu,2000,50271
22021,Louisiana,Caldwell,2000,2609
22023,Louisiana,Cameron,2000,2835
22025,Louisiana,Catahoula,2000,2818
22027,Louisiana,Claiborne,2000,4311
22029,Louisiana,Concordia,2000,5625
22031,Louisiana,De Soto,2000,7230
22033,Louisiana,East Baton Rouge,2000,108066
22035,Louisiana,East Carroll,2000,2854
22037,Louisiana,East Feliciana,2000,5487
22039,Louisiana,Evangeline,2000,10477
22041,Louisiana,Franklin,2000,5931
22043,Louisiana,Grant,2000,5285
22045,Louisiana,Iberia,2000,21978
22047,Louisiana,Iberville,2000,8729
22049,Louisiana,Jackson,2000,3894
22051,Louisiana,Jefferson,2000,115255
22053,Louisiana,Jefferson Davis,2000,9213
22055,Louisiana,Lafayette,2000,52109
22057,Louisiana,Lafourche,2000,24553
22059,Louisiana,La Salle,2000,3724
22061,Louisiana,Lincoln,2000,9409
22063,Louisiana,Livingston,2000,27070
22065,Louisiana,Madison,2000,4478
22067,Louisiana,Morehouse,2000,8530
22069,Louisiana,Natchitoches,2000,10160
22071,Louisiana,Orleans,2000,129408
22073,Louisiana,Ouachita,2000,41133
22075,Louisiana,Plaquemines,2000,7816
22077,Louisiana,Pointe Coupee,2000,6208
22079,Louisiana,Rapides,2000,34405
22081,Louisiana,Red River,2000,2894
22083,Louisiana,Richland,2000,5724
22085,Louisiana,Sabine,2000,6155
22087,Louisiana,St Bernard,2000,16955
22089,Louisiana,St Charles,2000,14573
22091,Louisiana,St Helena,2000,3051
22093,Louisiana,St James,2000,6259
22095,Louisiana,St John The Baptist,2000,13427
22097,Louisiana,St Landry,2000,25866
22099,Louisiana,St Martin,2000,14328
22101,Louisiana,St Mary,2000,15879
22103,Louisiana,St Tammany,2000,54399
22105,Louisiana,Tangipahoa,2000,27889
22107,Louisiana,Tensas,2000,1752
22109,Louisiana,Terrebonne,2000,30516
22111,Louisiana,Union,2000,5851
22113,Louisiana,Vermilion,2000,15101
22115,Louisiana,Vernon,2000,15306
22117,Louisiana,Washington,2000,11783
22119,Louisiana,Webster,2000,10705
22121,Louisiana,West Baton Rouge,2000,6061
22123,Louisiana,West Carroll,2000,3155
22125,Louisiana,West Feliciana,2000,3061
22127,Louisiana,Winn,2000,4194
23001,Maine,Androscoggin,2000,24836
23003,Maine,Aroostook,2000,16720
23005,Maine,Cumberland,2000,61962
23007,Maine,Franklin,2000,6929
23009,Maine,Hancock,2000,11543
23011,Maine,Kennebec,2000,27927
23013,Maine,Knox,2000,8859
23015,Maine,Lincoln,2000,7627
23017,Maine,Oxford,2000,13234
23019,Maine,Penobscot,2000,33100
23021,Maine,Piscataquis,2000,4034
23023,Maine,Sagadahoc,2000,9074
23025,Maine,Somerset,2000,12563
23027,Maine,Waldo,2000,8776
23029,Maine,Washington,2000,7781
23031,Maine,York,2000,46273
24001,Maryland,Allegany,2000,15406
24003,Maryland,Anne Arundel,2000,123636
24005,Maryland,Baltimore,2000,178363
24009,Maryland,Calvert,2000,22056
24011,Maryland,Caroline,2000,7978
24013,Maryland,Carroll,2000,41838
24015,Maryland,Cecil,2000,23789
24017,Maryland,Charles,2000,34651
24019,Maryland,Dorchester,2000,7151
24021,Maryland,Frederick,2000,53887
24023,Maryland,Garrett,2000,7484
24025,Maryland,Harford,2000,60965
24027,Maryland,Howard,2000,69543
24029,Maryland,Kent,2000,3985
24031,Maryland,Montgomery,2000,221758
24033,Maryland,Prince Georges,2000,214602
24035,Maryland,Queen Anne's,2000,10306
24037,Maryland,St Mary's,2000,24080
24039,Maryland,Somerset,2000,4579
24041,Maryland,Talbot,2000,7324
24043,Maryland,Washington,2000,30914
24045,Maryland,Wicomico,2000,20965
24047,Maryland,Worcester,2000,9559
24510,Maryland,Baltimore City,2000,161353
25001,Massachusetts,Barnstable,2000,45440
25003,Massachusetts,Berkshire,2000,30187
25005,Massachusetts,Bristol,2000,131718
25007,Massachusetts,Dukes,2000,3398
25009,Massachusetts,Essex,2000,182187
25011,Massachusetts,Franklin,2000,16788
25013,Massachusetts,Hampden,2000,118858
25015,Massachusetts,Hampshire,2000,29850
25017,Massachusetts,Middlesex,2000,329073
25019,Massachusetts,Nantucket,2000,1828
25021,Massachusetts,Norfolk,2000,152342
25023,Massachusetts,Plymouth,2000,126487
25025,Massachusetts,Suffolk,2000,139460
25027,Massachusetts,Worcester,2000,192448
26001,Michigan,Alcona,2000,2227
26003,Michigan,Alger,2000,2026
26005,Michigan,Allegan,2000,30495
26007,Michigan,Alpena,2000,7418
26009,Michigan,Antrim,2000,5632
26011,Michigan,Arenac,2000,4026
26013,Michigan,Baraga,2000,2006
26015,Michigan,Barry,2000,15433
26017,Michigan,Bay,2000,26946
26019,Michigan,Benzie,2000,3743
26021,Michigan,Berrien,2000,42302
26023,Michigan,Branch,2000,11698
26025,Michigan,Calhoun,2000,35854
26027,Michigan,Cass,2000,13053
26029,Michigan,Charlevoix,2000,6763
26031,Michigan,Cheboygan,2000,6263
26033,Michigan,Chippewa,2000,8214
26035,Michigan,Clare,2000,7622
26037,Michigan,Clinton,2000,18192
26039,Michigan,Crawford,2000,3497
26041,Michigan,Delta,2000,9173
26043,Michigan,Dickinson,2000,6909
26045,Michigan,Eaton,2000,27100
26047,Michigan,Emmet,2000,7969
26049,Michigan,Genesee,2000,119601
26051,Michigan,Gladwin,2000,6049
26053,Michigan,Gogebic,2000,3548
26055,Michigan,Grand Traverse,2000,19729
26057,Michigan,Gratiot,2000,10058
26059,Michigan,Hillsdale,2000,12243
26061,Michigan,Houghton,2000,7869
26063,Michigan,Huron,2000,8749
26065,Michigan,Ingham,2000,65351
26067,Michigan,Ionia,2000,16554
26069,Michigan,Iosco,2000,6124
26071,Michigan,Iron,2000,2703
26073,Michigan,Isabella,2000,12890
26075,Michigan,Jackson,2000,40597
26077,Michigan,Kalamazoo,2000,57391
26079,Michigan,Kalkaska,2000,4239
26081,Michigan,Kent,2000,162259
26083,Michigan,Keweenaw,2000,517
26085,Michigan,Lake,2000,2482
26087,Michigan,Lapeer,2000,24601
26089,Michigan,Leelanau,2000,5159
26091,Michigan,Lenawee,2000,25658
26093,Michigan,Livingston,2000,45125
26095,Michigan,Luce,2000,1504
26097,Michigan,Mackinac,2000,2652
26099,Michigan,Macomb,2000,189784
26101,Michigan,Manistee,2000,5551
26103,Michigan,Marquette,2000,13816
26105,Michigan,Mason,2000,6849
26107,Michigan,Mecosta,2000,9139
26109,Michigan,Menominee,2000,6066
26111,Michigan,Midland,2000,22261
26113,Michigan,Missaukee,2000,3921
26115,Michigan,Monroe,2000,39993
26117,Michigan,Montcalm,2000,16580
26119,Michigan,Montmorency,2000,2093
26121,Michigan,Muskegon,2000,46878
26123,Michigan,Newaygo,2000,13933
26125,Michigan,Oakland,2000,300760
26127,Michigan,Oceana,2000,7574
26129,Michigan,Ogemaw,2000,5088
26131,Michigan,Ontonagon,2000,1577
26133,Michigan,Osceola,2000,6296
26135,Michigan,Oscoda,2000,2197
26137,Michigan,Otsego,2000,6237
26139,Michigan,Ottawa,2000,68396
26141,Michigan,Presque Isle,2000,3019
26143,Michigan,Roscommon,2000,5090
26145,Michigan,Saginaw,2000,55890
26147,Michigan,St Clair,2000,43971
26149,Michigan,St Joseph,2000,17180
26151,Michigan,Sanilac,2000,11992
26153,Michigan,Schoolcraft,2000,2026
26155,Michigan,Shiawassee,2000,19244
26157,Michigan,Tuscola,2000,15606
26159,Michigan,Van Buren,2000,21406
26161,Michigan,Washtenaw,2000,71288
26163,Michigan,Wayne,2000,577680
26165,Michigan,Wexford,2000,8173
27001,Minnesota,Aitkin,2000,3194
27003,Minnesota,Anoka,2000,86217
27005,Minnesota,Becker,2000,7993
27007,Minnesota,Beltrami,2000,11379
27009,Minnesota,Benton,2000,9261
27011,Minnesota,Big Stone,2000,1446
27013,Minnesota,Blue Earth,2000,11951
27015,Minnesota,Brown,2000,6814
27017,Minnesota,Carlton,2000,8032
27019,Minnesota,Carver,2000,22080
27021,Minnesota,Cass,2000,6774
27023,Minnesota,Chippewa,2000,3320
27025,Minnesota,Chisago,2000,12395
27027,Minnesota,Clay,2000,12822
27029,Minnesota,Clearwater,2000,2193
27031,Minnesota,Cook,2000,1054
27033,Minnesota,Cottonwood,2000,3040
27035,Minnesota,Crow Wing,2000,13691
27037,Minnesota,Dakota,2000,103862
27039,Minnesota,Dodge,2000,5350
27041,Minnesota,Douglas,2000,7877
27043,Minnesota,Faribault,2000,3946
27045,Minnesota,Fillmore,2000,5513
27047,Minnesota,Freeborn,2000,7808
27049,Minnesota,Goodhue,2000,11702
27051,Minnesota,Grant,2000,1505
27053,Minnesota,Hennepin,2000,267502
27055,Minnesota,Houston,2000,5360
27057,Minnesota,Hubbard,2000,4514
27059,Minnesota,Isanti,2000,8970
27061,Minnesota,Itasca,2000,10729
27063,Minnesota,Jackson,2000,2761
27065,Minnesota,Kanabec,2000,4127
27067,Minnesota,Kandiyohi,2000,10980
27069,Minnesota,Kittson,2000,1325
27071,Minnesota,Koochiching,2000,3425
27073,Minnesota,Lac Qui Parle,2000,1977
27075,Minnesota,Lake,2000,2463
27077,Minnesota,Lake Of The Woods,2000,1118
27079,Minnesota,Le Sueur,2000,6955
27081,Minnesota,Lincoln,2000,1525
27083,Minnesota,Lyon,2000,6650
27085,Minnesota,McLeod,2000,9684
27087,Minnesota,Mahnomen,2000,1515
27089,Minnesota,Marshall,2000,2583
27091,Minnesota,Martin,2000,5415
27093,Minnesota,Meeker,2000,6109
27095,Minnesota,Mille Lacs,2000,6023
27097,Minnesota,Morrison,2000,8894
27099,Minnesota,Mower,2000,9690
27101,Minnesota,Murray,2000,2287
27103,Minnesota,Nicollet,2000,7365
27105,Minnesota,Nobles,2000,5522
27107,Minnesota,Norman,2000,1915
27109,Minnesota,Olmsted,2000,33533
27111,Minnesota,Otter Tail,2000,14238
27113,Minnesota,Pennington,2000,3330
27115,Minnesota,Pine,2000,6752
27117,Minnesota,Pipestone,2000,2551
27119,Minnesota,Polk,2000,8128
27121,Minnesota,Pope,2000,2791
27123,Minnesota,Ramsey,2000,130684
27125,Minnesota,Red Lake,2000,1098
27127,Minnesota,Redwood,2000,4464
27129,Minnesota,Renville,2000,4552
27131,Minnesota,Rice,2000,14313
27133,Minnesota,Rock,2000,2558
27135,Minnesota,Roseau,2000,4867
27137,Minnesota,St Louis,2000,44829
27139,Minnesota,Scott,2000,27964
27141,Minnesota,Sherburne,2000,19914
27143,Minnesota,Sibley,2000,4254
27145,Minnesota,Stearns,2000,34267
27147,Minnesota,Steele,2000,9404
27149,Minnesota,Stevens,2000,2173
27151,Minnesota,Swift,2000,2754
27153,Minnesota,Todd,2000,6683
27155,Minnesota,Traverse,2000,1047
27157,Minnesota,Wabasha,2000,5854
27159,Minnesota,Wadena,2000,3542
27161,Minnesota,Waseca,2000,5039
27163,Minnesota,Washington,2000,59225
27165,Minnesota,Watonwan,2000,3273
27167,Minnesota,Wilkin,2000,1985
27169,Minnesota,Winona,2000,11393
27171,Minnesota,Wright,2000,27975
27173,Minnesota,Yellow Medicine,2000,2858
28001,Mississippi,Adams,2000,9191
28003,Mississippi,Alcorn,2000,8248
28005,Mississippi,Amite,2000,3531
28007,Mississippi,Attala,2000,5099
28009,Mississippi,Benton,2000,2159
28011,Mississippi,Bolivar,2000,12046
28013,Mississippi,Calhoun,2000,3799
28015,Mississippi,Carroll,2000,2635
28017,Mississippi,Chickasaw,2000,5566
28019,Mississippi,Choctaw,2000,2714
28021,Mississippi,Claiborne,2000,3107
28023,Mississippi,Clarke,2000,4808
28025,Mississippi,Clay,2000,6336
28027,Mississippi,Coahoma,2000,10108
28029,Mississippi,Copiah,2000,7743
28031,Mississippi,Covington,2000,5594
28033,Mississippi,Desoto,2000,30194
28035,Mississippi,Forrest,2000,17803
28037,Mississippi,Franklin,2000,2306
28039,Mississippi,George,2000,5584
28041,Mississippi,Greene,2000,3211
28043,Mississippi,Grenada,2000,6318
28045,Mississippi,Hancock,2000,10804
28047,Mississippi,Harrison,2000,49388
28049,Mississippi,Hinds,2000,70065
28051,Mississippi,Holmes,2000,6939
28053,Mississippi,Humphreys,2000,3665
28055,Mississippi,Issaquena,2000,629
28057,Mississippi,Itawamba,2000,5513
28059,Mississippi,Jackson,2000,36348
28061,Mississippi,Jasper,2000,5072
28063,Mississippi,Jefferson,2000,2803
28065,Mississippi,Jefferson Davis,2000,3964
28067,Mississippi,Jones,2000,16760
28069,Mississippi,Kemper,2000,2658
28071,Mississippi,Lafayette,2000,7574
28073,Mississippi,Lamar,2000,10936
28075,Mississippi,Lauderdale,2000,20791
28077,Mississippi,Lawrence,2000,3623
28079,Mississippi,Leake,2000,5632
28081,Mississippi,Lee,2000,20962
28083,Mississippi,Leflore,2000,11280
28085,Mississippi,Lincoln,2000,8842
28087,Mississippi,Lowndes,2000,17623
28089,Mississippi,Madison,2000,21380
28091,Mississippi,Marion,2000,7116
28093,Mississippi,Marshall,2000,9298
28095,Mississippi,Monroe,2000,10341
28097,Mississippi,Montgomery,2000,3264
28099,Mississippi,Neshoba,2000,8101
28101,Mississippi,Newton,2000,5712
28103,Mississippi,Noxubee,2000,3851
28105,Mississippi,Oktibbeha,2000,9025
28107,Mississippi,Panola,2000,10081
28109,Mississippi,Pearl River,2000,13106
28111,Mississippi,Perry,2000,3483
28113,Mississippi,Pike,2000,10786
28115,Mississippi,Pontotoc,2000,7375
28117,Mississippi,Prentiss,2000,6386
28119,Mississippi,Quitman,2000,3237
28121,Mississippi,Rankin,2000,29875
28123,Mississippi,Scott,2000,8130
28125,Mississippi,Sharkey,2000,2171
28127,Mississippi,Simpson,2000,7719
28129,Mississippi,Smith,2000,4451
28131,Mississippi,Stone,2000,3656
28133,Mississippi,Sunflower,2000,9594
28135,Mississippi,Tallahatchie,2000,4476
28137,Mississippi,Tate,2000,6868
28139,Mississippi,Tippah,2000,5206
28141,Mississippi,Tishomingo,2000,4439
28143,Mississippi,Tunica,2000,2903
28145,Mississippi,Union,2000,6579
28147,Mississippi,Walthall,2000,4303
28149,Mississippi,Warren,2000,14168
28151,Mississippi,Washington,2000,19833
28153,Mississippi,Wayne,2000,6202
28155,Mississippi,Webster,2000,2687
28157,Mississippi,Wilkinson,2000,2664
28159,Mississippi,Winston,2000,5397
28161,Mississippi,Yalobusha,2000,3340
28163,Mississippi,Yazoo,2000,8013
29001,Missouri,Adair,2000,4796
29003,Missouri,Andrew,2000,4348
29005,Missouri,Atchison,2000,1547
29007,Missouri,Audrain,2000,6360
29009,Missouri,Barry,2000,8875
29011,Missouri,Barton,2000,3445
29013,Missouri,Bates,2000,4419
29015,Missouri,Benton,2000,3516
29017,Missouri,Bollinger,2000,3151
29019,Missouri,Boone,2000,30902
29021,Missouri,Buchanan,2000,20937
29023,Missouri,Butler,2000,9886
29025,Missouri,Caldwell,2000,2428
29027,Missouri,Callaway,2000,10371
29029,Missouri,Camden,2000,7508
29031,Missouri,Cape Girardeau,2000,16097
29033,Missouri,Carroll,2000,2589
29035,Missouri,Carter,2000,1493
29037,Missouri,Cass,2000,23307
29039,Missouri,Cedar,2000,3382
29041,Missouri,Chariton,2000,1997
29043,Missouri,Christian,2000,15114
29045,Missouri,Clark,2000,1852
29047,Missouri,Clay,2000,47530
29049,Missouri,Clinton,2000,5079
29051,Missouri,Cole,2000,17294
29053,Missouri,Cooper,2000,3801
29055,Missouri,Crawford,2000,5990
29057,Missouri,Dade,2000,1928
29059,Missouri,Dallas,2000,4302
29061,Missouri,Daviess,2000,2162
29063,Missouri,DeKalb,2000,2403
29065,Missouri,Dent,2000,3716
29067,Missouri,Douglas,2000,3382
29069,Missouri,Dunklin,2000,8613
29071,Missouri,Franklin,2000,25661
29073,Missouri,Gasconade,2000,3800
29075,Missouri,Gentry,2000,1782
29077,Missouri,Greene,2000,53501
29079,Missouri,Grundy,2000,2424
29081,Missouri,Harrison,2000,2103
29083,Missouri,Henry,2000,5220
29085,Missouri,Hickory,2000,1782
29087,Missouri,Holt,2000,1272
29089,Missouri,Howard,2000,2451
29091,Missouri,Howell,2000,9676
29093,Missouri,Iron,2000,2673
29095,Missouri,Jackson,2000,168766
29097,Missouri,Jasper,2000,26952
29099,Missouri,Jefferson,2000,55270
29101,Missouri,Johnson,2000,12124
29103,Missouri,Knox,2000,1087
29105,Missouri,Laclede,2000,8675
29107,Missouri,Lafayette,2000,8636
29109,Missouri,Lawrence,2000,9578
29111,Missouri,Lewis,2000,2627
29113,Missouri,Lincoln,2000,11691
29115,Missouri,Linn,2000,3489
29117,Missouri,Livingston,2000,3553
29119,Missouri,McDonald,2000,6259
29121,Missouri,Macon,2000,3820
29123,Missouri,Madison,2000,2904
29125,Missouri,Maries,2000,2318
29127,Missouri,Marion,2000,7269
29129,Missouri,Mercer,2000,864
29131,Missouri,Miller,2000,6198
29133,Missouri,Mississippi,2000,3534
29135,Missouri,Moniteau,2000,3836
29137,Missouri,Monroe,2000,2410
29139,Missouri,Montgomery,2000,3085
29141,Missouri,Morgan,2000,4595
29143,Missouri,New Madrid,2000,5223
29145,Missouri,Newton,2000,13819
29147,Missouri,Nodaway,2000,4245
29149,Missouri,Oregon,2000,2515
29151,Missouri,Osage,2000,3437
29153,Missouri,Ozark,2000,2107
29155,Missouri,Pemiscot,2000,6015
29157,Missouri,Perry,2000,4715
29159,Missouri,Pettis,2000,10377
29161,Missouri,Phelps,2000,9442
29163,Missouri,Pike,2000,4293
29165,Missouri,Platte,2000,19026
29167,Missouri,Polk,2000,6947
29169,Missouri,Pulaski,2000,11338
29171,Missouri,Putnam,2000,1254
29173,Missouri,Ralls,2000,2429
29175,Missouri,Randolph,2000,5874
29177,Missouri,Ray,2000,6433
29179,Missouri,Reynolds,2000,1608
29181,Missouri,Ripley,2000,3352
29183,Missouri,St Charles,2000,82248
29185,Missouri,St Clair,2000,2219
29186,Missouri,Ste Genevieve,2000,4749
29187,Missouri,St Francois,2000,13335
29189,Missouri,St Louis,2000,255991
29195,Missouri,Saline,2000,5773
29197,Missouri,Schuyler,2000,1027
29199,Missouri,Scotland,2000,1423
29201,Missouri,Scott,2000,11085
29203,Missouri,Shannon,2000,2199
29205,Missouri,Shelby,2000,1729
29207,Missouri,Stoddard,2000,7093
29209,Missouri,Stone,2000,6138
29211,Missouri,Sullivan,2000,1807
29213,Missouri,Taney,2000,8912
29215,Missouri,Texas,2000,5734
29217,Missouri,Vernon,2000,5436
29219,Missouri,Warren,2000,6586
29221,Missouri,Washington,2000,6205
29223,Missouri,Wayne,2000,3079
29225,Missouri,Webster,2000,8957
29227,Missouri,Worth,2000,579
29229,Missouri,Wright,2000,4877
29510,Missouri,St Louis City,2000,89657
30001,Montana,Beaverhead,2000,2260
30003,Montana,Big Horn,2000,4534
30005,Montana,Blaine,2000,2287
30007,Montana,Broadwater,2000,1105
30009,Montana,Carbon,2000,2293
30011,Montana,Carter,2000,361
30013,Montana,Cascade,2000,20912
30015,Montana,Chouteau,2000,1721
30017,Montana,Custer,2000,2939
30019,Montana,Daniels,2000,446
30021,Montana,Dawson,2000,2096
30023,Montana,Deer Lodge,2000,2122
30025,Montana,Fallon,2000,724
30027,Montana,Fergus,2000,2919
30029,Montana,Flathead,2000,19287
30031,Montana,Gallatin,2000,14899
30033,Montana,Garfield,2000,313
30035,Montana,Glacier,2000,4624
30037,Montana,Golden Valley,2000,288
30039,Montana,Granite,2000,686
30041,Montana,Hill,2000,4707
30043,Montana,Jefferson,2000,2798
30045,Montana,Judith Basin,2000,624
30047,Montana,Lake,2000,7440
30049,Montana,Lewis And Clark,2000,14268
30051,Montana,Liberty,2000,557
30053,Montana,Lincoln,2000,4772
30055,Montana,McCone,2000,491
30057,Montana,Madison,2000,1570
30059,Montana,Meagher,2000,483
30061,Montana,Mineral,2000,942
30063,Montana,Missoula,2000,21917
30065,Montana,Musselshell,2000,1051
30067,Montana,Park,2000,3695
30069,Montana,Petroleum,2000,128
30071,Montana,Phillips,2000,1256
30073,Montana,Pondera,2000,1900
30075,Montana,Powder River,2000,494
30077,Montana,Powell,2000,1525
30079,Montana,Prairie,2000,224
30081,Montana,Ravalli,2000,9231
30083,Montana,Richland,2000,2661
30085,Montana,Roosevelt,2000,3672
30087,Montana,Rosebud,2000,3143
30089,Montana,Sanders,2000,2433
30091,Montana,Sheridan,2000,941
30093,Montana,Silver Bow,2000,8199
30095,Montana,Stillwater,2000,2071
30097,Montana,Sweet Grass,2000,937
30099,Montana,Teton,2000,1757
30101,Montana,Toole,2000,1345
30103,Montana,Treasure,2000,239
30105,Montana,Valley,2000,1928
30107,Montana,Wheatland,2000,606
30109,Montana,Wibaux,2000,276
30111,Montana,Yellowstone,2000,32965
31001,Nebraska,Adams,2000,7616
31003,Nebraska,Antelope,2000,2050
31005,Nebraska,Arthur,2000,106
31007,Nebraska,Banner,2000,236
31009,Nebraska,Blaine,2000,153
31011,Nebraska,Boone,2000,1822
31013,Nebraska,Box Butte,2000,3420
31015,Nebraska,Boyd,2000,609
31017,Nebraska,Brown,2000,875
31019,Nebraska,Buffalo,2000,10566
31021,Nebraska,Burt,2000,2001
31023,Nebraska,Butler,2000,2443
31025,Nebraska,Cass,2000,6792
31027,Nebraska,Cedar,2000,2828
31029,Nebraska,Chase,2000,1025
31031,Nebraska,Cherry,2000,1659
31033,Nebraska,Cheyenne,2000,2587
31035,Nebraska,Clay,2000,1921
31037,Nebraska,Colfax,2000,3017
31039,Nebraska,Cuming,2000,2774
31041,Nebraska,Custer,2000,3097
31043,Nebraska,Dakota,2000,6177
31045,Nebraska,Dawes,2000,1918
31047,Nebraska,Dawson,2000,7120
31049,Nebraska,Deuel,2000,489
31051,Nebraska,Dixon,2000,1741
31053,Nebraska,Dodge,2000,8922
31055,Nebraska,Douglas,2000,123221
31057,Nebraska,Dundy,2000,534
31059,Nebraska,Fillmore,2000,1748
31061,Nebraska,Franklin,2000,875
31063,Nebraska,Frontier,2000,806
31065,Nebraska,Furnas,2000,1285
31067,Nebraska,Gage,2000,5514
31069,Nebraska,Garden,2000,499
31071,Nebraska,Garfield,2000,447
31073,Nebraska,Gosper,2000,510
31075,Nebraska,Grant,2000,218
31077,Nebraska,Greeley,2000,731
31079,Nebraska,Hall,2000,14535
31081,Nebraska,Hamilton,2000,2733
31083,Nebraska,Harlan,2000,916
31085,Nebraska,Hayes,2000,284
31087,Nebraska,Hitchcock,2000,740
31089,Nebraska,Holt,2000,3148
31091,Nebraska,Hooker,2000,188
31093,Nebraska,Howard,2000,1860
31095,Nebraska,Jefferson,2000,1940
31097,Nebraska,Johnson,2000,1086
31099,Nebraska,Kearney,2000,1842
31101,Nebraska,Keith,2000,2243
31103,Nebraska,Keya Paha,2000,234
31105,Nebraska,Kimball,2000,1010
31107,Nebraska,Knox,2000,2393
31109,Nebraska,Lancaster,2000,58828
31111,Nebraska,Lincoln,2000,9085
31113,Nebraska,Logan,2000,211
31115,Nebraska,Loup,2000,190
31117,Nebraska,McPherson,2000,147
31119,Nebraska,Madison,2000,9450
31121,Nebraska,Merrick,2000,2260
31123,Nebraska,Morrill,2000,1480
31125,Nebraska,Nance,2000,1126
31127,Nebraska,Nemaha,2000,1756
31129,Nebraska,Nuckolls,2000,1184
31131,Nebraska,Otoe,2000,4050
31133,Nebraska,Pawnee,2000,700
31135,Nebraska,Perkins,2000,852
31137,Nebraska,Phelps,2000,2584
31139,Nebraska,Pierce,2000,2276
31141,Nebraska,Platte,2000,9184
31143,Nebraska,Polk,2000,1418
31145,Nebraska,Red Willow,2000,2847
31147,Nebraska,Richardson,2000,2434
31149,Nebraska,Rock,2000,404
31151,Nebraska,Saline,2000,3481
31153,Nebraska,Sarpy,2000,37367
31155,Nebraska,Saunders,2000,5532
31157,Nebraska,Scotts Bluff,2000,9588
31159,Nebraska,Seward,2000,4079
31161,Nebraska,Sheridan,2000,1587
31163,Nebraska,Sherman,2000,814
31165,Nebraska,Sioux,2000,359
31167,Nebraska,Stanton,2000,1922
31169,Nebraska,Thayer,2000,1459
31171,Nebraska,Thomas,2000,172
31173,Nebraska,Thurston,2000,2642
31175,Nebraska,Valley,2000,1147
31177,Nebraska,Washington,2000,5086
31179,Nebraska,Wayne,2000,2131
31181,Nebraska,Webster,2000,957
31183,Nebraska,Wheeler,2000,258
31185,Nebraska,York,2000,3691
32001,Nevada,Churchill,2000,6935
32003,Nevada,Clark,2000,351770
32005,Nevada,Douglas,2000,9910
32007,Nevada,Elko,2000,14699
32009,Nevada,Esmeralda,2000,199
32011,Nevada,Eureka,2000,459
32013,Nevada,Humboldt,2000,5062
32015,Nevada,Lander,2000,1863
32017,Nevada,Lincoln,2000,1255
32019,Nevada,Lyon,2000,9345
32021,Nevada,Mineral,2000,1237
32023,Nevada,Nye,2000,7706
32027,Nevada,Pershing,2000,1719
32029,Nevada,Storey,2000,669
32031,Nevada,Washoe,2000,84480
32033,Nevada,White Pine,2000,2220
32510,Nevada,Carson City,2000,12271
33001,New Hampshire,Belknap,2000,13319
33003,New Hampshire,Carroll,2000,9882
33005,New Hampshire,Cheshire,2000,17197
33007,New Hampshire,Coos,2000,7558
33009,New Hampshire,Grafton,2000,17890
33011,New Hampshire,Hillsborough,2000,100221
33013,New Hampshire,Merrimack,2000,33940
33015,New Hampshire,Rockingham,2000,73329
33017,New Hampshire,Strafford,2000,26572
33019,New Hampshire,Sullivan,2000,9654
34001,New Jersey,Atlantic,2000,63855
34003,New Jersey,Bergen,2000,203054
34005,New Jersey,Burlington,2000,106521
34007,New Jersey,Camden,2000,136148
34009,New Jersey,Cape May,2000,22859
34011,New Jersey,Cumberland,2000,37203
34013,New Jersey,Essex,2000,206950
34015,New Jersey,Gloucester,2000,67129
34017,New Jersey,Hudson,2000,137498
34019,New Jersey,Hunterdon,2000,31374
34021,New Jersey,Mercer,2000,84337
34023,New Jersey,Middlesex,2000,177628
34025,New Jersey,Monmouth,2000,160342
34027,New Jersey,Morris,2000,116838
34029,New Jersey,Ocean,2000,119046
34031,New Jersey,Passaic,2000,127486
34033,New Jersey,Salem,2000,16450
34035,New Jersey,Somerset,2000,75991
34037,New Jersey,Sussex,2000,40218
34039,New Jersey,Union,2000,129941
34041,New Jersey,Warren,2000,26690
35001,New Mexico,Bernalillo,2000,141020
35003,New Mexico,Catron,2000,747
35005,New Mexico,Chaves,2000,17864
35006,New Mexico,Cibola,2000,7845
35007,New Mexico,Colfax,2000,3562
35009,New Mexico,Curry,2000,13561
35011,New Mexico,De Baca,2000,540
35013,New Mexico,Dona Ana,2000,51901
35015,New Mexico,Eddy,2000,14907
35017,New Mexico,Grant,2000,8138
35019,New Mexico,Guadalupe,2000,1140
35021,New Mexico,Harding,2000,164
35023,New Mexico,Hidalgo,2000,1882
35025,New Mexico,Lea,2000,16687
35027,New Mexico,Lincoln,2000,4414
35028,New Mexico,Los Alamos,2000,4733
35029,New Mexico,Luna,2000,7505
35031,New Mexico,McKinley,2000,28411
35033,New Mexico,Mora,2000,1383
35035,New Mexico,Otero,2000,18352
35037,New Mexico,Quay,2000,2541
35039,New Mexico,Rio Arriba,2000,11774
35041,New Mexico,Roosevelt,2000,5060
35043,New Mexico,Sandoval,2000,26590
35045,New Mexico,San Juan,2000,37133
35047,New Mexico,San Miguel,2000,8269
35049,New Mexico,Santa Fe,2000,31101
35051,New Mexico,Sierra,2000,2666
35053,New Mexico,Socorro,2000,5131
35055,New Mexico,Taos,2000,7341
35057,New Mexico,Torrance,2000,5135
35059,New Mexico,Union,2000,1141
35061,New Mexico,Valencia,2000,19936
36001,New York,Albany,2000,66477
36003,New York,Allegany,2000,12194
36005,New York,Bronx,2000,397372
36007,New York,Broome,2000,46095
36009,New York,Cattaraugus,2000,21963
36011,New York,Cayuga,2000,20563
36013,New York,Chautauqua,2000,34231
36015,New York,Chemung,2000,22210
36017,New York,Chenango,2000,13461
36019,New York,Clinton,2000,18348
36021,New York,Columbia,2000,15184
36023,New York,Cortland,2000,11506
36025,New York,Delaware,2000,11084
36027,New York,Dutchess,2000,70268
36029,New York,Erie,2000,230550
36031,New York,Essex,2000,8858
36033,New York,Franklin,2000,11645
36035,New York,Fulton,2000,13688
36037,New York,Genesee,2000,15730
36039,New York,Greene,2000,11092
36041,New York,Hamilton,2000,1059
36043,New York,Herkimer,2000,15692
36045,New York,Jefferson,2000,29574
36047,New York,Kings,2000,662499
36049,New York,Lewis,2000,7494
36051,New York,Livingston,2000,15063
36053,New York,Madison,2000,17307
36055,New York,Monroe,2000,188256
36057,New York,Montgomery,2000,12164
36059,New York,Nassau,2000,329079
36061,New York,New York,2000,257916
36063,New York,Niagara,2000,54237
36065,New York,Oneida,2000,56244
36067,New York,Onondaga,2000,118081
36069,New York,Ontario,2000,25475
36071,New York,Orange,2000,99156
36073,New York,Orleans,2000,11559
36075,New York,Oswego,2000,32748
36077,New York,Otsego,2000,13975
36079,New York,Putnam,2000,25374
36081,New York,Queens,2000,509224
36083,New York,Rensselaer,2000,36972
36085,New York,Richmond,2000,113258
36087,New York,Rockland,2000,80286
36089,New York,St Lawrence,2000,26221
36091,New York,Saratoga,2000,50248
36093,New York,Schenectady,2000,35662
36095,New York,Schoharie,2000,7569
36097,New York,Schuyler,2000,4873
36099,New York,Seneca,2000,8273
36101,New York,Steuben,2000,25699
36103,New York,Suffolk,2000,370081
36105,New York,Sullivan,2000,18452
36107,New York,Tioga,2000,14007
36109,New York,Tompkins,2000,18296
36111,New York,Ulster,2000,41771
36113,New York,Warren,2000,15192
36115,New York,Washington,2000,15028
36117,New York,Wayne,2000,25715
36119,New York,Westchester,2000,230797
36121,New York,Wyoming,2000,10444
36123,New York,Yates,2000,6568
37001,North Carolina,Alamance,2000,31154
37003,North Carolina,Alexander,2000,8234
37005,North Carolina,Alleghany,2000,2073
37007,North Carolina,Anson,2000,6378
37009,North Carolina,Ashe,2000,4827
37011,North Carolina,Avery,2000,3336
37013,North Carolina,Beaufort,2000,10522
37015,North Carolina,Bertie,2000,5163
37017,North Carolina,Bladen,2000,7948
37019,North Carolina,Brunswick,2000,15509
37021,North Carolina,Buncombe,2000,45129
37023,North Carolina,Burke,2000,21372
37025,North Carolina,Cabarrus,2000,33782
37027,North Carolina,Caldwell,2000,18149
37029,North Carolina,Camden,2000,1685
37031,North Carolina,Carteret,2000,12297
37033,North Carolina,Caswell,2000,5452
37035,North Carolina,Catawba,2000,34392
37037,North Carolina,Chatham,2000,11084
37039,North Carolina,Cherokee,2000,4999
37041,North Carolina,Chowan,2000,3476
37043,North Carolina,Clay,2000,1628
37045,North Carolina,Cleveland,2000,24218
37047,North Carolina,Columbus,2000,14069
37049,North Carolina,Craven,2000,22496
37051,North Carolina,Cumberland,2000,84602
37053,North Carolina,Currituck,2000,4607
37055,North Carolina,Dare,2000,6411
37057,North Carolina,Davidson,2000,35778
37059,North Carolina,Davie,2000,8455
37061,North Carolina,Duplin,2000,12805
37063,North Carolina,Durham,2000,51209
37065,North Carolina,Edgecombe,2000,15067
37067,North Carolina,Forsyth,2000,73222
37069,North Carolina,Franklin,2000,11958
37071,North Carolina,Gaston,2000,46874
37073,North Carolina,Gates,2000,2803
37075,North Carolina,Graham,2000,1755
37077,North Carolina,Granville,2000,11588
37079,North Carolina,Greene,2000,4792
37081,North Carolina,Guilford,2000,99839
37083,North Carolina,Halifax,2000,15005
37085,North Carolina,Harnett,2000,24540
37087,North Carolina,Haywood,2000,11223
37089,North Carolina,Henderson,2000,18552
37091,North Carolina,Hertford,2000,5723
37093,North Carolina,Hoke,2000,10031
37095,North Carolina,Hyde,2000,1186
37097,North Carolina,Iredell,2000,31322
37099,North Carolina,Jackson,2000,6297
37101,North Carolina,Johnston,2000,31824
37103,North Carolina,Jones,2000,2665
37105,North Carolina,Lee,2000,12585
37107,North Carolina,Lenoir,2000,15079
37109,North Carolina,Lincoln,2000,15875
37111,North Carolina,McDowell,2000,9618
37113,North Carolina,Macon,2000,6063
37115,North Carolina,Madison,2000,4172
37117,North Carolina,Martin,2000,6533
37119,North Carolina,Mecklenburg,2000,174249
37121,North Carolina,Mitchell,2000,3321
37123,North Carolina,Montgomery,2000,6680
37125,North Carolina,Moore,2000,16541
37127,North Carolina,Nash,2000,22204
37129,North Carolina,New Hanover,2000,33592
37131,North Carolina,Northampton,2000,5368
37133,North Carolina,Onslow,2000,39338
37135,North Carolina,Orange,2000,23984
37137,North Carolina,Pamlico,2000,2726
37139,North Carolina,Pasquotank,2000,8683
37141,North Carolina,Pender,2000,9527
37143,North Carolina,Perquimans,2000,2610
37145,North Carolina,Person,2000,8550
37147,North Carolina,Pitt,2000,31554
37149,North Carolina,Polk,2000,3689
37151,North Carolina,Randolph,2000,32603
37153,North Carolina,Richmond,2000,11997
37155,North Carolina,Robeson,2000,35825
37157,North Carolina,Rockingham,2000,21475
37159,North Carolina,Rowan,2000,32175
37161,North Carolina,Rutherford,2000,14960
37163,North Carolina,Sampson,2000,15528
37165,North Carolina,Scotland,2000,10117
37167,North Carolina,Stanly,2000,14521
37169,North Carolina,Stokes,2000,10950
37171,North Carolina,Surry,2000,16780
37173,North Carolina,Swain,2000,3150
37175,North Carolina,Transylvania,2000,5972
37177,North Carolina,Tyrrell,2000,940
37179,North Carolina,Union,2000,34754
37181,North Carolina,Vance,2000,11624
37183,North Carolina,Wake,2000,157597
37185,North Carolina,Warren,2000,4701
37187,North Carolina,Washington,2000,3567
37189,North Carolina,Watauga,2000,6956
37191,North Carolina,Wayne,2000,29642
37193,North Carolina,Wilkes,2000,14816
37195,North Carolina,Wilson,2000,18867
37197,North Carolina,Yadkin,2000,8708
37199,North Carolina,Yancey,2000,3776
38001,North Dakota,Adams,2000,601
38003,North Dakota,Barnes,2000,2624
38005,North Dakota,Benson,2000,2513
38007,North Dakota,Billings,2000,221
38009,North Dakota,Bottineau,2000,1587
38011,North Dakota,Bowman,2000,780
38013,North Dakota,Burke,2000,467
38015,North Dakota,Burleigh,2000,17175
38017,North Dakota,Cass,2000,28848
38019,North Dakota,Cavalier,2000,1188
38021,North Dakota,Dickey,2000,1369
38023,North Dakota,Divide,2000,462
38025,North Dakota,Dunn,2000,986
38027,North Dakota,Eddy,2000,651
38029,North Dakota,Emmons,2000,1075
38031,North Dakota,Foster,2000,985
38033,North Dakota,Golden Valley,2000,545
38035,North Dakota,Grand Forks,2000,15735
38037,North Dakota,Grant,2000,666
38039,North Dakota,Griggs,2000,621
38041,North Dakota,Hettinger,2000,634
38043,North Dakota,Kidder,2000,638
38045,North Dakota,Lamoure,2000,1138
38047,North Dakota,Logan,2000,522
38049,North Dakota,McHenry,2000,1434
38051,North Dakota,McIntosh,2000,656
38053,North Dakota,McKenzie,2000,1756
38055,North Dakota,McLean,2000,2212
38057,North Dakota,Mercer,2000,2513
38059,North Dakota,Morton,2000,6823
38061,North Dakota,Mountrail,2000,1860
38063,North Dakota,Nelson,2000,820
38065,North Dakota,Oliver,2000,566
38067,North Dakota,Pembina,2000,2140
38069,North Dakota,Pierce,2000,1115
38071,North Dakota,Ramsey,2000,3019
38073,North Dakota,Ransom,2000,1471
38075,North Dakota,Renville,2000,609
38077,North Dakota,Richland,2000,4437
38079,North Dakota,Rolette,2000,4985
38081,North Dakota,Sargent,2000,1155
38083,North Dakota,Sheridan,2000,366
38085,North Dakota,Sioux,2000,1630
38087,North Dakota,Slope,2000,194
38089,North Dakota,Stark,2000,5781
38091,North Dakota,Steele,2000,624
38093,North Dakota,Stutsman,2000,5005
38095,North Dakota,Towner,2000,708
38097,North Dakota,Traill,2000,2104
38099,North Dakota,Walsh,2000,3091
38101,North Dakota,Ward,2000,15423
38103,North Dakota,Wells,2000,1149
38105,North Dakota,Williams,2000,5172
39001,Ohio,Adams,2000,7202
39003,Ohio,Allen,2000,28092
39005,Ohio,Ashland,2000,13522
39007,Ohio,Ashtabula,2000,26865
39009,Ohio,Athens,2000,11411
39011,Ohio,Auglaize,2000,12873
39013,Ohio,Belmont,2000,15284
39015,Ohio,Brown,2000,11668
39017,Ohio,Butler,2000,86296
39019,Ohio,Carroll,2000,7252
39021,Ohio,Champaign,2000,10177
39023,Ohio,Clark,2000,36353
39025,Ohio,Clermont,2000,49696
39027,Ohio,Clinton,2000,10703
39029,Ohio,Columbiana,2000,27268
39031,Ohio,Coshocton,2000,9617
39033,Ohio,Crawford,2000,11714
39035,Ohio,Cuyahoga,2000,347990
39037,Ohio,Darke,2000,14013
39039,Ohio,Defiance,2000,10483
39041,Ohio,Delaware,2000,31061
39043,Ohio,Erie,2000,19662
39045,Ohio,Fairfield,2000,32875
39047,Ohio,Fayette,2000,7208
39049,Ohio,Franklin,2000,268321
39051,Ohio,Fulton,2000,11891
39053,Ohio,Gallia,2000,7771
39055,Ohio,Geauga,2000,25783
39057,Ohio,Greene,2000,35359
39059,Ohio,Guernsey,2000,10675
39061,Ohio,Hamilton,2000,218174
39063,Ohio,Hancock,2000,18340
39065,Ohio,Hardin,2000,7769
39067,Ohio,Harrison,2000,3647
39069,Ohio,Henry,2000,8050
39071,Ohio,Highland,2000,11030
39073,Ohio,Hocking,2000,7189
39075,Ohio,Holmes,2000,13857
39077,Ohio,Huron,2000,16820
39079,Ohio,Jackson,2000,8481
39081,Ohio,Jefferson,2000,15821
39083,Ohio,Knox,2000,13512
39085,Ohio,Lake,2000,55036
39087,Ohio,Lawrence,2000,15270
39089,Ohio,Licking,2000,37834
39091,Ohio,Logan,2000,12276
39093,Ohio,Lorain,2000,74550
39095,Ohio,Lucas,2000,119481
39097,Ohio,Madison,2000,9926
39099,Ohio,Mahoning,2000,61149
39101,Ohio,Marion,2000,16193
39103,Ohio,Medina,2000,41531
39105,Ohio,Meigs,2000,5518
39107,Ohio,Mercer,2000,12116
39109,Ohio,Miami,2000,25638
39111,Ohio,Monroe,2000,3581
39113,Ohio,Montgomery,2000,137979
39115,Ohio,Morgan,2000,3768
39117,Ohio,Morrow,2000,8641
39119,Ohio,Muskingum,2000,21930
39121,Ohio,Noble,2000,3180
39123,Ohio,Ottawa,2000,9542
39125,Ohio,Paulding,2000,5436
39127,Ohio,Perry,2000,9584
39129,Ohio,Pickaway,2000,12787
39131,Ohio,Pike,2000,7522
39133,Ohio,Portage,2000,36109
39135,Ohio,Preble,2000,11027
39137,Ohio,Putnam,2000,10316
39139,Ohio,Richland,2000,32013
39141,Ohio,Ross,2000,17598
39143,Ohio,Sandusky,2000,16168
39145,Ohio,Scioto,2000,19348
39147,Ohio,Seneca,2000,15233
39149,Ohio,Shelby,2000,13686
39151,Ohio,Stark,2000,93936
39153,Ohio,Summit,2000,135986
39155,Ohio,Trumbull,2000,54820
39157,Ohio,Tuscarawas,2000,23095
39159,Ohio,Union,2000,11297
39161,Ohio,Van Wert,2000,7719
39163,Ohio,Vinton,2000,3446
39165,Ohio,Warren,2000,43918
39167,Ohio,Washington,2000,14891
39169,Ohio,Wayne,2000,30623
39171,Ohio,Williams,2000,10263
39173,Ohio,Wood,2000,28684
39175,Ohio,Wyandot,2000,5920
40001,Oklahoma,Adair,2000,6368
40003,Oklahoma,Alfalfa,2000,1182
40005,Oklahoma,Atoka,2000,3275
40007,Oklahoma,Beaver,2000,1568
40009,Oklahoma,Beckham,2000,4779
40011,Oklahoma,Blaine,2000,2875
40013,Oklahoma,Bryan,2000,9066
40015,Oklahoma,Caddo,2000,8594
40017,Oklahoma,Canadian,2000,24583
40019,Oklahoma,Carter,2000,11950
40021,Oklahoma,Cherokee,2000,11164
40023,Oklahoma,Choctaw,2000,3984
40025,Oklahoma,Cimarron,2000,869
40027,Oklahoma,Cleveland,2000,50904
40029,Oklahoma,Coal,2000,1606
40031,Oklahoma,Comanche,2000,31937
40033,Oklahoma,Cotton,2000,1680
40035,Oklahoma,Craig,2000,3567
40037,Oklahoma,Creek,2000,18432
40039,Oklahoma,Custer,2000,6352
40041,Oklahoma,Delaware,2000,9070
40043,Oklahoma,Dewey,2000,1106
40045,Oklahoma,Ellis,2000,887
40047,Oklahoma,Garfield,2000,14480
40049,Oklahoma,Garvin,2000,6758
40051,Oklahoma,Grady,2000,12138
40053,Oklahoma,Grant,2000,1295
40055,Oklahoma,Greer,2000,1212
40057,Oklahoma,Harmon,2000,850
40059,Oklahoma,Harper,2000,831
40061,Oklahoma,Haskell,2000,3066
40063,Oklahoma,Hughes,2000,3280
40065,Oklahoma,Jackson,2000,8308
40067,Oklahoma,Jefferson,2000,1633
40069,Oklahoma,Johnston,2000,2681
40071,Oklahoma,Kay,2000,12692
40073,Oklahoma,Kingfisher,2000,3793
40075,Oklahoma,Kiowa,2000,2472
40077,Oklahoma,Latimer,2000,2752
40079,Oklahoma,Le Flore,2000,12577
40081,Oklahoma,Lincoln,2000,8803
40083,Oklahoma,Logan,2000,8645
40085,Oklahoma,Love,2000,2269
40087,Oklahoma,McClain,2000,7445
40089,Oklahoma,McCurtain,2000,9693
40091,Oklahoma,McIntosh,2000,4403
40093,Oklahoma,Major,2000,1860
40095,Oklahoma,Marshall,2000,3096
40097,Oklahoma,Mayes,2000,10199
40099,Oklahoma,Murray,2000,3052
40101,Oklahoma,Muskogee,2000,17984
40103,Oklahoma,Noble,2000,2905
40105,Oklahoma,Nowata,2000,2756
40107,Oklahoma,Okfuskee,2000,2910
40109,Oklahoma,Oklahoma,2000,169018
40111,Oklahoma,Okmulgee,2000,10668
40113,Oklahoma,Osage,2000,11725
40115,Oklahoma,Ottawa,2000,8528
40117,Oklahoma,Pawnee,2000,4409
40119,Oklahoma,Payne,2000,13341
40121,Oklahoma,Pittsburg,2000,10334
40123,Oklahoma,Pontotoc,2000,8674
40125,Oklahoma,Pottawatomie,2000,16889
40127,Oklahoma,Pushmataha,2000,3029
40129,Oklahoma,Roger Mills,2000,817
40131,Oklahoma,Rogers,2000,20251
40133,Oklahoma,Seminole,2000,6558
40135,Oklahoma,Sequoyah,2000,10693
40137,Oklahoma,Stephens,2000,10617
40139,Oklahoma,Texas,2000,5787
40141,Oklahoma,Tillman,2000,2484
40143,Oklahoma,Tulsa,2000,147949
40145,Oklahoma,Wagoner,2000,16160
40147,Oklahoma,Washington,2000,12263
40149,Oklahoma,Washita,2000,3022
40151,Oklahoma,Woods,2000,1744
40153,Oklahoma,Woodward,2000,4764
41001,Oregon,Baker,2000,4054
41003,Oregon,Benton,2000,16658
41005,Oregon,Clackamas,2000,88520
41007,Oregon,Clatsop,2000,8434
41009,Oregon,Columbia,2000,11902
41011,Oregon,Coos,2000,13769
41013,Oregon,Crook,2000,5100
41015,Oregon,Curry,2000,4065
41017,Oregon,Deschutes,2000,28583
41019,Oregon,Douglas,2000,24079
41021,Oregon,Gilliam,2000,445
41023,Oregon,Grant,2000,2045
41025,Oregon,Harney,2000,1975
41027,Oregon,Hood River,2000,5709
41029,Oregon,Jackson,2000,44260
41031,Oregon,Jefferson,2000,5666
41033,Oregon,Josephine,2000,17472
41035,Oregon,Klamath,2000,16470
41037,Oregon,Lake,2000,1847
41039,Oregon,Lane,2000,73814
41041,Oregon,Lincoln,2000,9535
41043,Oregon,Linn,2000,26830
41045,Oregon,Malheur,2000,8734
41047,Oregon,Marion,2000,77963
41049,Oregon,Morrow,2000,3385
41051,Oregon,Multnomah,2000,147250
41053,Oregon,Polk,2000,15815
41055,Oregon,Sherman,2000,511
41057,Oregon,Tillamook,2000,5396
41059,Oregon,Umatilla,2000,19592
41061,Oregon,Union,2000,6046
41063,Oregon,Wallowa,2000,1755
41065,Oregon,Wasco,2000,6035
41067,Oregon,Washington,2000,119618
41069,Oregon,Wheeler,2000,351
41071,Oregon,Yamhill,2000,22843
42001,Pennsylvania,Adams,2000,22764
42003,Pennsylvania,Allegheny,2000,281176
42005,Pennsylvania,Armstrong,2000,16574
42007,Pennsylvania,Beaver,2000,41062
42009,Pennsylvania,Bedford,2000,11774
42011,Pennsylvania,Berks,2000,91909
42013,Pennsylvania,Blair,2000,29282
42015,Pennsylvania,Bradford,2000,16022
42017,Pennsylvania,Bucks,2000,153486
42019,Pennsylvania,Butler,2000,42848
42021,Pennsylvania,Cambria,2000,32075
42023,Pennsylvania,Cameron,2000,1464
42025,Pennsylvania,Carbon,2000,13029
42027,Pennsylvania,Centre,2000,24466
42029,Pennsylvania,Chester,2000,113582
42031,Pennsylvania,Clarion,2000,9035
42033,Pennsylvania,Clearfield,2000,18922
42035,Pennsylvania,Clinton,2000,8143
42037,Pennsylvania,Columbia,2000,13352
42039,Pennsylvania,Crawford,2000,22320
42041,Pennsylvania,Cumberland,2000,46985
42043,Pennsylvania,Dauphin,2000,61113
42045,Pennsylvania,Delaware,2000,136833
42047,Pennsylvania,Elk,2000,8443
42049,Pennsylvania,Erie,2000,70311
42051,Pennsylvania,Fayette,2000,33734
42053,Pennsylvania,Forest,2000,1121
42055,Pennsylvania,Franklin,2000,31052
42057,Pennsylvania,Fulton,2000,3507
42059,Pennsylvania,Greene,2000,8979
42061,Pennsylvania,Huntingdon,2000,9893
42063,Pennsylvania,Indiana,2000,18865
42065,Pennsylvania,Jefferson,2000,10819
42067,Pennsylvania,Juniata,2000,5703
42069,Pennsylvania,Lackawanna,2000,46427
42071,Pennsylvania,Lancaster,2000,125291
42073,Pennsylvania,Lawrence,2000,21880
42075,Pennsylvania,Lebanon,2000,28516
42077,Pennsylvania,Lehigh,2000,74684
42079,Pennsylvania,Luzerne,2000,67066
42081,Pennsylvania,Lycoming,2000,27977
42083,Pennsylvania,McKean,2000,10898
42085,Pennsylvania,Mercer,2000,28184
42087,Pennsylvania,Mifflin,2000,11451
42089,Pennsylvania,Monroe,2000,37128
42091,Pennsylvania,Montgomery,2000,181145
42093,Pennsylvania,Montour,2000,4446
42095,Pennsylvania,Northampton,2000,62267
42097,Pennsylvania,Northumberland,2000,20699
42099,Pennsylvania,Perry,2000,11130
42101,Pennsylvania,Philadelphia,2000,383469
42103,Pennsylvania,Pike,2000,12352
42105,Pennsylvania,Potter,2000,4697
42107,Pennsylvania,Schuylkill,2000,31351
42109,Pennsylvania,Snyder,2000,9014
42111,Pennsylvania,Somerset,2000,17843
42113,Pennsylvania,Sullivan,2000,1366
42115,Pennsylvania,Susquehanna,2000,10764
42117,Pennsylvania,Tioga,2000,9812
42119,Pennsylvania,Union,2000,8366
42121,Pennsylvania,Venango,2000,13947
42123,Pennsylvania,Warren,2000,10587
42125,Pennsylvania,Washington,2000,44997
42127,Pennsylvania,Wayne,2000,11447
42129,Pennsylvania,Westmoreland,2000,81230
42131,Pennsylvania,Wyoming,2000,7164
42133,Pennsylvania,York,2000,93983
44001,Rhode Island,Bristol,2000,11598
44003,Rhode Island,Kent,2000,38809
44005,Rhode Island,Newport,2000,19241
44007,Rhode Island,Providence,2000,149292
44009,Rhode Island,Washington,2000,28882
45001,South Carolina,Abbeville,2000,6621
45003,South Carolina,Aiken,2000,37348
45005,South Carolina,Allendale,2000,2979
45007,South Carolina,Anderson,2000,40772
45009,South Carolina,Bamberg,2000,4235
45011,South Carolina,Barnwell,2000,6609
45013,South Carolina,Beaufort,2000,28143
45015,South Carolina,Berkeley,2000,39925
45017,South Carolina,Calhoun,2000,3804
45019,South Carolina,Charleston,2000,73574
45021,South Carolina,Cherokee,2000,13570
45023,South Carolina,Chester,2000,9167
45025,South Carolina,Chesterfield,2000,11391
45027,South Carolina,Clarendon,2000,8363
45029,South Carolina,Colleton,2000,10515
45031,South Carolina,Darlington,2000,17709
45033,South Carolina,Dillon,2000,8932
45035,South Carolina,Dorchester,2000,27843
45037,South Carolina,Edgefield,2000,5931
45039,South Carolina,Fairfield,2000,6128
45041,South Carolina,Florence,2000,32601
45043,South Carolina,Georgetown,2000,14044
45045,South Carolina,Greenville,2000,93384
45047,South Carolina,Greenwood,2000,16879
45049,South Carolina,Hampton,2000,5911
45051,South Carolina,Horry,2000,41929
45053,South Carolina,Jasper,2000,5541
45055,South Carolina,Kershaw,2000,13750
45057,South Carolina,Lancaster,2000,15595
45059,South Carolina,Laurens,2000,17587
45061,South Carolina,Lee,2000,5183
45063,South Carolina,Lexington,2000,56313
45065,South Carolina,McCormick,2000,1937
45067,South Carolina,Marion,2000,9794
45069,South Carolina,Marlboro,2000,7549
45071,South Carolina,Newberry,2000,8701
45073,South Carolina,Oconee,2000,15132
45075,South Carolina,Orangeburg,2000,23769
45077,South Carolina,Pickens,2000,24692
45079,South Carolina,Richland,2000,77609
45081,South Carolina,Saluda,2000,4780
45083,South Carolina,Spartanburg,2000,62901
45085,South Carolina,Sumter,2000,29430
45087,South Carolina,Union,2000,7126
45089,South Carolina,Williamsburg,2000,10661
45091,South Carolina,York,2000,43284
46003,South Dakota,Aurora,2000,843
46005,South Dakota,Beadle,2000,4199
46007,South Dakota,Bennett,2000,1296
46009,South Dakota,Bon Homme,2000,1674
46011,South Dakota,Brookings,2000,5860
46013,South Dakota,Brown,2000,8375
46015,South Dakota,Brule,2000,1636
46017,South Dakota,Buffalo,2000,840
46019,South Dakota,Butte,2000,2575
46021,South Dakota,Campbell,2000,471
46023,South Dakota,Charles Mix,2000,2990
46025,South Dakota,Clark,2000,1119
46027,South Dakota,Clay,2000,2546
46029,South Dakota,Codington,2000,6945
46031,South Dakota,Corson,2000,1544
46033,South Dakota,Custer,2000,1752
46035,South Dakota,Davison,2000,4753
46037,South Dakota,Day,2000,1598
46039,South Dakota,Deuel,2000,1140
46041,South Dakota,Dewey,2000,2324
46043,South Dakota,Douglas,2000,958
46045,South Dakota,Edmunds,2000,1165
46047,South Dakota,Fall River,2000,1703
46049,South Dakota,Faulk,2000,701
46051,South Dakota,Grant,2000,2090
46053,South Dakota,Gregory,2000,1164
46055,South Dakota,Haakon,2000,564
46057,South Dakota,Hamlin,2000,1630
46059,South Dakota,Hand,2000,919
46061,South Dakota,Hanson,2000,926
46063,South Dakota,Harding,2000,440
46065,South Dakota,Hughes,2000,4583
46067,South Dakota,Hutchinson,2000,2008
46069,South Dakota,Hyde,2000,428
46071,South Dakota,Jackson,2000,1070
46073,South Dakota,Jerauld,2000,492
46075,South Dakota,Jones,2000,313
46077,South Dakota,Kingsbury,2000,1424
46079,South Dakota,Lake,2000,2677
46081,South Dakota,Lawrence,2000,5045
46083,South Dakota,Lincoln,2000,7160
46085,South Dakota,Lyman,2000,1250
46087,South Dakota,McCook,2000,1657
46089,South Dakota,McPherson,2000,646
46091,South Dakota,Marshall,2000,1237
46093,South Dakota,Meade,2000,6877
46095,South Dakota,Mellette,2000,735
46097,South Dakota,Miner,2000,735
46099,South Dakota,Minnehaha,2000,38796
46101,South Dakota,Moody,2000,1921
46103,South Dakota,Pennington,2000,23565
46105,South Dakota,Perkins,2000,811
46107,South Dakota,Potter,2000,620
46109,South Dakota,Roberts,2000,3007
46111,South Dakota,Sanborn,2000,687
46113,South Dakota,Shannon,2000,5647
46115,South Dakota,Spink,2000,1906
46117,South Dakota,Stanley,2000,750
46119,South Dakota,Sully,2000,397
46121,South Dakota,Todd,2000,3978
46123,South Dakota,Tripp,2000,1782
46125,South Dakota,Turner,2000,2280
46127,South Dakota,Union,2000,3395
46129,South Dakota,Walworth,2000,1440
46135,South Dakota,Yankton,2000,5567
46137,South Dakota,Ziebach,2000,1023
47001,Tennessee,Anderson,2000,16535
47003,Tennessee,Bedford,2000,9687
47005,Tennessee,Benton,2000,3641
47007,Tennessee,Bledsoe,2000,2854
47009,Tennessee,Blount,2000,24130
47011,Tennessee,Bradley,2000,20831
47013,Tennessee,Campbell,2000,9127
47015,Tennessee,Cannon,2000,3259
47017,Tennessee,Carroll,2000,6840
47019,Tennessee,Carter,2000,12119
47021,Tennessee,Cheatham,2000,9930
47023,Tennessee,Chester,2000,3762
47025,Tennessee,Claiborne,2000,7044
47027,Tennessee,Clay,2000,1714
47029,Tennessee,Cocke,2000,7661
47031,Tennessee,Coffee,2000,12046
47033,Tennessee,Crockett,2000,3654
47035,Tennessee,Cumberland,2000,10011
47037,Tennessee,Davidson,2000,126447
47039,Tennessee,Decatur,2000,2549
47041,Tennessee,DeKalb,2000,4052
47043,Tennessee,Dickson,2000,11486
47045,Tennessee,Dyer,2000,9597
47047,Tennessee,Fayette,2000,7409
47049,Tennessee,Fentress,2000,4023
47051,Tennessee,Franklin,2000,9043
47053,Tennessee,Gibson,2000,11538
47055,Tennessee,Giles,2000,7220
47057,Tennessee,Grainger,2000,4732
47059,Tennessee,Greene,2000,13991
47061,Tennessee,Grundy,2000,3601
47063,Tennessee,Hamblen,2000,13530
47065,Tennessee,Hamilton,2000,71442
47067,Tennessee,Hancock,2000,1570
47069,Tennessee,Hardeman,2000,6722
47071,Tennessee,Hardin,2000,5897
47073,Tennessee,Hawkins,2000,12479
47075,Tennessee,Haywood,2000,5380
47077,Tennessee,Henderson,2000,6212
47079,Tennessee,Henry,2000,6913
47081,Tennessee,Hickman,2000,5503
47083,Tennessee,Houston,2000,1970
47085,Tennessee,Humphreys,2000,4282
47087,Tennessee,Jackson,2000,2446
47089,Tennessee,Jefferson,2000,10140
47091,Tennessee,Johnson,2000,3449
47093,Tennessee,Knox,2000,85093
47095,Tennessee,Lake,2000,1411
47097,Tennessee,Lauderdale,2000,6719
47099,Tennessee,Lawrence,2000,10453
47101,Tennessee,Lewis,2000,2938
47103,Tennessee,Lincoln,2000,7478
47105,Tennessee,Loudon,2000,8560
47107,Tennessee,McMinn,2000,11727
47109,Tennessee,McNairy,2000,5825
47111,Tennessee,Macon,2000,5314
47113,Tennessee,Madison,2000,23717
47115,Tennessee,Marion,2000,6594
47117,Tennessee,Marshall,2000,6844
47119,Tennessee,Maury,2000,18234
47121,Tennessee,Meigs,2000,2786
47123,Tennessee,Monroe,2000,9639
47125,Tennessee,Montgomery,2000,38329
47127,Tennessee,Moore,2000,1340
47129,Tennessee,Morgan,2000,4583
47131,Tennessee,Obion,2000,7606
47133,Tennessee,Overton,2000,4630
47135,Tennessee,Perry,2000,1862
47137,Tennessee,Pickett,2000,1057
47139,Tennessee,Polk,2000,3627
47141,Tennessee,Putnam,2000,13879
47143,Tennessee,Rhea,2000,6741
47145,Tennessee,Roane,2000,11595
47147,Tennessee,Robertson,2000,14582
47149,Tennessee,Rutherford,2000,48111
47151,Tennessee,Scott,2000,5506
47153,Tennessee,Sequatchie,2000,2792
47155,Tennessee,Sevier,2000,16373
47157,Tennessee,Shelby,2000,253270
47159,Tennessee,Smith,2000,4521
47161,Tennessee,Stewart,2000,2960
47163,Tennessee,Sullivan,2000,33411
47165,Tennessee,Sumner,2000,34337
47167,Tennessee,Tipton,2000,15025
47169,Tennessee,Trousdale,2000,1757
47171,Tennessee,Unicoi,2000,3625
47173,Tennessee,Union,2000,4576
47175,Tennessee,Van Buren,2000,1265
47177,Tennessee,Warren,2000,9280
47179,Tennessee,Washington,2000,22837
47181,Tennessee,Wayne,2000,3599
47183,Tennessee,Weakley,2000,7551
47185,Tennessee,White,2000,5439
47187,Tennessee,Williamson,2000,37350
47189,Tennessee,Wilson,2000,23305
48001,Texas,Anderson,2000,11431
48003,Texas,Andrews,2000,4101
48005,Texas,Angelina,2000,22156
48007,Texas,Aransas,2000,5346
48009,Texas,Archer,2000,2496
48011,Texas,Armstrong,2000,559
48013,Texas,Atascosa,2000,12255
48015,Texas,Austin,2000,6375
48017,Texas,Bailey,2000,1997
48019,Texas,Bandera,2000,4353
48021,Texas,Bastrop,2000,16144
48023,Texas,Baylor,2000,958
48025,Texas,Bee,2000,7565
48027,Texas,Bell,2000,68738
48029,Texas,Bexar,2000,396473
48031,Texas,Blanco,2000,2050
48033,Texas,Borden,2000,179
48035,Texas,Bosque,2000,4201
48037,Texas,Bowie,2000,22171
48039,Texas,Brazoria,2000,69103
48041,Texas,Brazos,2000,32735
48043,Texas,Brewster,2000,1964
48045,Texas,Briscoe,2000,485
48047,Texas,Brooks,2000,2517
48049,Texas,Brown,2000,9731
48051,Texas,Burleson,2000,4423
48053,Texas,Burnet,2000,8368
48055,Texas,Caldwell,2000,9126
48057,Texas,Calhoun,2000,5880
48059,Texas,Callahan,2000,3378
48061,Texas,Cameron,2000,113295
48063,Texas,Camp,2000,3102
48065,Texas,Carson,2000,1816
48067,Texas,Cass,2000,7569
48069,Texas,Castro,2000,2744
48071,Texas,Chambers,2000,7524
48073,Texas,Cherokee,2000,12276
48075,Texas,Childress,2000,1699
48077,Texas,Clay,2000,2735
48079,Texas,Cochran,2000,1176
48081,Texas,Coke,2000,942
48083,Texas,Coleman,2000,2182
48085,Texas,Collin,2000,141307
48087,Texas,Collingsworth,2000,846
48089,Texas,Colorado,2000,5219
48091,Texas,Comal,2000,19914
48093,Texas,Comanche,2000,3551
48095,Texas,Concho,2000,638
48097,Texas,Cooke,2000,9942
48099,Texas,Coryell,2000,19673
48101,Texas,Cottle,2000,456
48103,Texas,Crane,2000,1274
48105,Texas,Crockett,2000,1185
48107,Texas,Crosby,2000,2174
48109,Texas,Culberson,2000,957
48111,Texas,Dallam,2000,1978
48113,Texas,Dallas,2000,619031
48115,Texas,Dawson,2000,3837
48117,Texas,Deaf Smith,2000,6181
48119,Texas,Delta,2000,1363
48121,Texas,Denton,2000,120110
48123,Texas,Dewitt,2000,4760
48125,Texas,Dickens,2000,512
48127,Texas,Dimmit,2000,3401
48129,Texas,Donley,2000,856
48131,Texas,Duval,2000,3868
48133,Texas,Eastland,2000,4247
48135,Texas,Ector,2000,36820
48137,Texas,Edwards,2000,616
48139,Texas,Ellis,2000,33644
48141,Texas,El Paso,2000,217423
48143,Texas,Erath,2000,8112
48145,Texas,Falls,2000,5136
48147,Texas,Fannin,2000,7250
48149,Texas,Fayette,2000,5057
48151,Texas,Fisher,2000,1040
48153,Texas,Floyd,2000,2439
48155,Texas,Foard,2000,419
48157,Texas,Fort Bend,2000,113472
48159,Texas,Franklin,2000,2299
48161,Texas,Freestone,2000,4222
48163,Texas,Frio,2000,4660
48165,Texas,Gaines,2000,5065
48167,Texas,Galveston,2000,66869
48169,Texas,Garza,2000,1366
48171,Texas,Gillespie,2000,4487
48173,Texas,Glasscock,2000,471
48175,Texas,Goliad,2000,1793
48177,Texas,Gonzales,2000,5207
48179,Texas,Gray,2000,5462
48181,Texas,Grayson,2000,27975
48183,Texas,Gregg,2000,29791
48185,Texas,Grimes,2000,5837
48187,Texas,Guadalupe,2000,25330
48189,Texas,Hale,2000,11070
48191,Texas,Hall,2000,1029
48193,Texas,Hamilton,2000,1959
48195,Texas,Hansford,2000,1574
48197,Texas,Hardeman,2000,1198
48199,Texas,Hardin,2000,13358
48201,Texas,Harris,2000,984556
48203,Texas,Harrison,2000,16669
48205,Texas,Hartley,2000,1152
48207,Texas,Haskell,2000,1447
48209,Texas,Hays,2000,23906
48211,Texas,Hemphill,2000,939
48213,Texas,Henderson,2000,17851
48215,Texas,Hidalgo,2000,201002
48217,Texas,Hill,2000,8360
48219,Texas,Hockley,2000,6618
48221,Texas,Hood,2000,9693
48223,Texas,Hopkins,2000,8355
48225,Texas,Houston,2000,5378
48227,Texas,Howard,2000,8139
48229,Texas,Hudspeth,2000,1141
48231,Texas,Hunt,2000,20328
48233,Texas,Hutchinson,2000,6547
48235,Texas,Irion,2000,473
48237,Texas,Jack,2000,2051
48239,Texas,Jackson,2000,3943
48241,Texas,Jasper,2000,9439
48243,Texas,Jeff Davis,2000,539
48245,Texas,Jefferson,2000,65324
48247,Texas,Jim Hogg,2000,1668
48249,Texas,Jim Wells,2000,12351
48251,Texas,Johnson,2000,36517
48253,Texas,Jones,2000,4674
48255,Texas,Karnes,2000,3365
48257,Texas,Kaufman,2000,20827
48259,Texas,Kendall,2000,6466
48261,Texas,Kenedy,2000,121
48263,Texas,Kent,2000,177
48265,Texas,Kerr,2000,9893
48267,Texas,Kimble,2000,1056
48269,Texas,King,2000,120
48271,Texas,Kinney,2000,868
48273,Texas,Kleberg,2000,8600
48275,Texas,Knox,2000,1180
48277,Texas,Lamar,2000,12668
48279,Texas,Lamb,2000,4356
48281,Texas,Lampasas,2000,4898
48283,Texas,La Salle,2000,1723
48285,Texas,Lavaca,2000,4648
48287,Texas,Lee,2000,4509
48289,Texas,Leon,2000,3725
48291,Texas,Liberty,2000,19377
48293,Texas,Limestone,2000,5600
48295,Texas,Lipscomb,2000,843
48297,Texas,Live Oak,2000,2739
48299,Texas,Llano,2000,2711
48301,Texas,Loving,2000,13
48303,Texas,Lubbock,2000,62261
48305,Texas,Lynn,2000,2044
48307,Texas,McCulloch,2000,2186
48309,Texas,McLennan,2000,56830
48311,Texas,McMullen,2000,199
48313,Texas,Madison,2000,2733
48315,Texas,Marion,2000,2445
48317,Texas,Martin,2000,1610
48319,Texas,Mason,2000,836
48321,Texas,Matagorda,2000,11382
48323,Texas,Maverick,2000,17459
48325,Texas,Medina,2000,11379
48327,Texas,Menard,2000,572
48329,Texas,Midland,2000,35034
48331,Texas,Milam,2000,6656
48333,Texas,Mills,2000,1316
48335,Texas,Mitchell,2000,1921
48337,Texas,Montague,2000,4589
48339,Texas,Montgomery,2000,86732
48341,Texas,Moore,2000,6753
48343,Texas,Morris,2000,3289
48345,Texas,Motley,2000,342
48347,Texas,Nacogdoches,2000,14208
48349,Texas,Navarro,2000,12294
48351,Texas,Newton,2000,3945
48353,Texas,Nolan,2000,4281
48355,Texas,Nueces,2000,89117
48357,Texas,Ochiltree,2000,2752
48359,Texas,Oldham,2000,765
48361,Texas,Orange,2000,23183
48363,Texas,Palo Pinto,2000,7022
48365,Texas,Panola,2000,5741
48367,Texas,Parker,2000,24356
48369,Texas,Parmer,2000,3295
48371,Texas,Pecos,2000,4649
48373,Texas,Polk,2000,9435
48375,Texas,Potter,2000,31799
48377,Texas,Presidio,2000,2389
48379,Texas,Rains,2000,2171
48381,Texas,Randall,2000,27212
48383,Texas,Reagan,2000,1137
48385,Texas,Real,2000,714
48387,Texas,Red River,2000,3414
48389,Texas,Reeves,2000,3923
48391,Texas,Refugio,2000,2044
48393,Texas,Roberts,2000,222
48395,Texas,Robertson,2000,4515
48397,Texas,Rockwall,2000,12953
48399,Texas,Runnels,2000,3097
48401,Texas,Rusk,2000,11791
48403,Texas,Sabine,2000,2211
48405,Texas,San Augustine,2000,2124
48407,Texas,San Jacinto,2000,5599
48409,Texas,San Patricio,2000,20878
48411,Texas,San Saba,2000,1726
48413,Texas,Schleicher,2000,820
48415,Texas,Scurry,2000,4116
48417,Texas,Shackelford,2000,881
48419,Texas,Shelby,2000,6706
48421,Texas,Sherman,2000,1000
48423,Texas,Smith,2000,46498
48425,Texas,Somervell,2000,1935
48427,Texas,Starr,2000,20042
48429,Texas,Stephens,2000,2361
48431,Texas,Sterling,2000,400
48433,Texas,Stonewall,2000,386
48435,Texas,Sutton,2000,1173
48437,Texas,Swisher,2000,2338
48439,Texas,Tarrant,2000,406472
48441,Texas,Taylor,2000,33660
48443,Texas,Terrell,2000,287
48445,Texas,Terry,2000,3618
48447,Texas,Throckmorton,2000,466
48449,Texas,Titus,2000,8518
48451,Texas,Tom Green,2000,27131
48453,Texas,Travis,2000,192944
48455,Texas,Trinity,2000,3154
48457,Texas,Tyler,2000,4837
48459,Texas,Upshur,2000,9520
48461,Texas,Upton,2000,998
48463,Texas,Uvalde,2000,8131
48465,Texas,Val Verde,2000,14382
48467,Texas,Van Zandt,2000,12299
48469,Texas,Victoria,2000,24502
48471,Texas,Walker,2000,11116
48473,Texas,Waller,2000,8386
48475,Texas,Ward,2000,3336
48477,Texas,Washington,2000,7505
48479,Texas,Webb,2000,69862
48481,Texas,Wharton,2000,11837
48483,Texas,Wheeler,2000,1315
48485,Texas,Wichita,2000,33120
48487,Texas,Wilbarger,2000,4094
48489,Texas,Willacy,2000,6352
48491,Texas,Williamson,2000,74902
48493,Texas,Wilson,2000,9452
48495,Texas,Winkler,2000,2140
48497,Texas,Wise,2000,13803
48499,Texas,Wood,2000,8027
48501,Texas,Yoakum,2000,2350
48503,Texas,Young,2000,4485
48505,Texas,Zapata,2000,4025
48507,Texas,Zavala,2000,3956
49001,Utah,Beaver,2000,2011
49003,Utah,Box Elder,2000,15426
49005,Utah,Cache,2000,28593
49007,Utah,Carbon,2000,5874
49009,Utah,Daggett,2000,214
49011,Utah,Davis,2000,83963
49013,Utah,Duchesne,2000,5285
49015,Utah,Emery,2000,3843
49017,Utah,Garfield,2000,1545
49019,Utah,Grand,2000,2282
49021,Utah,Iron,2000,10547
49023,Utah,Juab,2000,3177
49025,Utah,Kane,2000,1777
49027,Utah,Millard,2000,4626
49029,Utah,Morgan,2000,2643
49031,Utah,Piute,2000,441
49033,Utah,Rich,2000,679
49035,Utah,Salt Lake,2000,273583
49037,Utah,San Juan,2000,5667
49039,Utah,Sanpete,2000,7554
49041,Utah,Sevier,2000,6500
49043,Utah,Summit,2000,8863
49045,Utah,Tooele,2000,14253
49047,Utah,Uintah,2000,8732
49049,Utah,Utah,2000,125487
49051,Utah,Wasatch,2000,5205
49053,Utah,Washington,2000,28190
49055,Utah,Wayne,2000,812
49057,Utah,Weber,2000,60926
50001,Vermont,Addison,2000,8949
50003,Vermont,Bennington,2000,8758
50005,Vermont,Caledonia,2000,7509
50007,Vermont,Chittenden,2000,34513
50009,Vermont,Essex,2000,1653
50011,Vermont,Franklin,2000,12759
50013,Vermont,Grand Isle,2000,1712
50015,Vermont,Lamoille,2000,5645
50017,Vermont,Orange,2000,7229
50019,Vermont,Orleans,2000,6608
50021,Vermont,Rutland,2000,14739
50023,Vermont,Washington,2000,13636
50025,Vermont,Windham,2000,10412
50027,Vermont,Windsor,2000,13401
51001,Virginia,Accomack,2000,9319
51003,Virginia,Albemarle,2000,19683
51005,Virginia,Alleghany,2000,2951
51007,Virginia,Amelia,2000,2889
51009,Virginia,Amherst,2000,7486
51011,Virginia,Appomattox,2000,3383
51013,Virginia,Arlington,2000,31239
51015,Virginia,Augusta,2000,15567
51017,Virginia,Bath,2000,1062
51019,Virginia,Bedford,2000,14500
51021,Virginia,Bland,2000,1334
51023,Virginia,Botetourt,2000,7138
51025,Virginia,Brunswick,2000,3767
51027,Virginia,Buchanan,2000,5773
51029,Virginia,Buckingham,2000,3499
51031,Virginia,Campbell,2000,12236
51033,Virginia,Caroline,2000,5476
51035,Virginia,Carroll,2000,6165
51036,Virginia,Charles City,2000,1533
51037,Virginia,Charlotte,2000,3033
51041,Virginia,Chesterfield,2000,73427
51043,Virginia,Clarke,2000,2958
51045,Virginia,Craig,2000,1202
51047,Virginia,Culpeper,2000,8813
51049,Virginia,Cumberland,2000,2231
51051,Virginia,Dickenson,2000,3619
51053,Virginia,Dinwiddie,2000,5885
51057,Virginia,Essex,2000,2291
51059,Virginia,Fairfax,2000,246264
51061,Virginia,Fauquier,2000,14795
51063,Virginia,Floyd,2000,3080
51065,Virginia,Fluvanna,2000,4722
51067,Virginia,Franklin,2000,10500
51069,Virginia,Frederick,2000,15603
51071,Virginia,Giles,2000,3668
51073,Virginia,Gloucester,2000,9116
51075,Virginia,Goochland,2000,3587
51077,Virginia,Grayson,2000,3497
51079,Virginia,Greene,2000,4174
51081,Virginia,Greensville,2000,2107
51083,Virginia,Halifax,2000,8735
51085,Virginia,Hanover,2000,23363
51087,Virginia,Henrico,2000,64702
51089,Virginia,Henry,2000,12923
51091,Virginia,Highland,2000,504
51093,Virginia,Isle Of Wight,2000,7544
51095,Virginia,James City,2000,11213
51097,Virginia,King And Queen,2000,1507
51099,Virginia,King George,2000,4671
51101,Virginia,King William,2000,3433
51103,Virginia,Lancaster,2000,2192
51105,Virginia,Lee,2000,5372
51107,Virginia,Loudoun,2000,50555
51109,Virginia,Louisa,2000,6255
51111,Virginia,Lunenburg,2000,2803
51113,Virginia,Madison,2000,3017
51115,Virginia,Mathews,2000,1831
51117,Virginia,Mecklenburg,2000,6984
51119,Virginia,Middlesex,2000,1909
51121,Virginia,Montgomery,2000,14340
51125,Virginia,Nelson,2000,3133
51127,Virginia,New Kent,2000,3363
51131,Virginia,Northampton,2000,3048
51133,Virginia,Northumberland,2000,2286
51135,Virginia,Nottoway,2000,3598
51137,Virginia,Orange,2000,5955
51139,Virginia,Page,2000,5323
51141,Virginia,Patrick,2000,4218
51143,Virginia,Pittsylvania,2000,14230
51145,Virginia,Powhatan,2000,5369
51147,Virginia,Prince Edward,2000,3992
51149,Virginia,Prince George,2000,8305
51153,Virginia,Prince William,2000,85449
51155,Virginia,Pulaski,2000,7239
51157,Virginia,Rappahannock,2000,1559
51159,Virginia,Richmond,2000,1617
51161,Virginia,Roanoke,2000,19500
51163,Virginia,Rockbridge,2000,4629
51165,Virginia,Rockingham,2000,16679
51167,Virginia,Russell,2000,6421
51169,Virginia,Scott,2000,4830
51171,Virginia,Shenandoah,2000,7811
51173,Virginia,Smyth,2000,7147
51175,Virginia,Southampton,2000,3973
51177,Virginia,Spotsylvania,2000,27108
51179,Virginia,Stafford,2000,29169
51181,Virginia,Surry,2000,1721
51183,Virginia,Sussex,2000,2457
51185,Virginia,Tazewell,2000,9565
51187,Virginia,Warren,2000,8083
51191,Virginia,Washington,2000,10605
51193,Virginia,Westmoreland,2000,3846
51195,Virginia,Wise,2000,9234
51197,Virginia,Wythe,2000,6030
51199,Virginia,York,2000,16403
51510,Virginia,Alexandria City,2000,21537
51515,Virginia,Bedford City,2000,1363
51520,Virginia,Bristol City,2000,3530
51530,Virginia,Buena Vista City,2000,1426
51540,Virginia,Charlottesville City,2000,6835
51550,Virginia,Chesapeake City,2000,57283
51560,Virginia,Clifton Forge City,2000,905
51570,Virginia,Colonial Heights City,2000,3815
51580,Virginia,Covington City,2000,1352
51590,Virginia,Danville City,2000,11272
51595,Virginia,Emporia City,2000,1425
51600,Virginia,Fairfax City,2000,4416
51610,Virginia,Falls Church City,2000,2430
51620,Virginia,Franklin City,2000,2099
51630,Virginia,Fredericksburg City,2000,3428
51640,Virginia,Galax City,2000,1572
51650,Virginia,Hampton City,2000,35497
51660,Virginia,Harrisonburg City,2000,6237
51670,Virginia,Hopewell City,2000,5965
51678,Virginia,Lexington City,2000,755
51680,Virginia,Lynchburg City,2000,14457
51683,Virginia,Manassas City,2000,10387
51685,Virginia,Manassas Park City,2000,3191
51690,Virginia,Martinsville City,2000,3478
51700,Virginia,Newport News City,2000,49525
51710,Virginia,Norfolk City,2000,56352
51720,Virginia,Norton City,2000,850
51730,Virginia,Petersburg City,2000,8484
51735,Virginia,Poquoson City,2000,3102
51740,Virginia,Portsmouth City,2000,25854
51750,Virginia,Radford City,2000,2049
51760,Virginia,Richmond City,2000,43178
51770,Virginia,Roanoke City,2000,21457
51775,Virginia,Salem City,2000,5162
51790,Virginia,Staunton City,2000,4729
51800,Virginia,Suffolk City,2000,17733
51810,Virginia,Virginia Beach City,2000,116888
51820,Virginia,Waynesboro City,2000,4664
51830,Virginia,Williamsburg City,2000,1148
51840,Virginia,Winchester City,2000,5112
53001,Washington,Adams,2000,5613
53003,Washington,Asotin,2000,5241
53005,Washington,Benton,2000,42359
53007,Washington,Chelan,2000,18636
53009,Washington,Clallam,2000,14170
53011,Washington,Clark,2000,98985
53013,Washington,Columbia,2000,973
53015,Washington,Cowlitz,2000,24905
53017,Washington,Douglas,2000,9602
53019,Washington,Ferry,2000,1951
53021,Washington,Franklin,2000,17076
53023,Washington,Garfield,2000,622
53025,Washington,Grant,2000,23934
53027,Washington,Grays Harbor,2000,17251
53029,Washington,Island,2000,18243
53031,Washington,Jefferson,2000,5138
53033,Washington,King,2000,390646
53035,Washington,Kitsap,2000,62064
53037,Washington,Kittitas,2000,6864
53039,Washington,Klickitat,2000,5188
53041,Washington,Lewis,2000,18205
53043,Washington,Lincoln,2000,2574
53045,Washington,Mason,2000,11619
53047,Washington,Okanogan,2000,10946
53049,Washington,Pacific,2000,4500
53051,Washington,Pend Oreille,2000,3084
53053,Washington,Pierce,2000,190569
53055,Washington,San Juan,2000,2695
53057,Washington,Skagit,2000,27082
53059,Washington,Skamania,2000,2624
53061,Washington,Snohomish,2000,166139
53063,Washington,Spokane,2000,107500
53065,Washington,Stevens,2000,11497
53067,Washington,Thurston,2000,52527
53069,Washington,Wahkiakum,2000,896
53071,Washington,Walla Walla,2000,13562
53073,Washington,Whatcom,2000,40247
53075,Washington,Whitman,2000,7365
53077,Washington,Yakima,2000,70751
54001,West Virginia,Barbour,2000,3577
54003,West Virginia,Berkeley,2000,19529
54005,West Virginia,Boone,2000,5925
54007,West Virginia,Braxton,2000,3346
54009,West Virginia,Brooke,2000,5200
54011,West Virginia,Cabell,2000,19402
54013,West Virginia,Calhoun,2000,1698
54015,West Virginia,Clay,2000,2644
54017,West Virginia,Doddridge,2000,1853
54019,West Virginia,Fayette,2000,10340
54021,West Virginia,Gilmer,2000,1452
54023,West Virginia,Grant,2000,2562
54025,West Virginia,Greenbrier,2000,7457
54027,West Virginia,Hampshire,2000,5081
54029,West Virginia,Hancock,2000,6802
54031,West Virginia,Hardy,2000,2954
54033,West Virginia,Harrison,2000,15858
54035,West Virginia,Jackson,2000,6757
54037,West Virginia,Jefferson,2000,10066
54039,West Virginia,Kanawha,2000,42638
54041,West Virginia,Lewis,2000,3739
54043,West Virginia,Lincoln,2000,5209
54045,West Virginia,Logan,2000,8336
54047,West Virginia,McDowell,2000,6334
54049,West Virginia,Marion,2000,11671
54051,West Virginia,Marshall,2000,8112
54053,West Virginia,Mason,2000,5901
54055,West Virginia,Mercer,2000,13270
54057,West Virginia,Mineral,2000,6331
54059,West Virginia,Mingo,2000,6839
54061,West Virginia,Monongalia,2000,14916
54063,West Virginia,Monroe,2000,2933
54065,West Virginia,Morgan,2000,3348
54067,West Virginia,Nicholas,2000,6188
54069,West Virginia,Ohio,2000,10096
54071,West Virginia,Pendleton,2000,1789
54073,West Virginia,Pleasants,2000,1786
54075,West Virginia,Pocahontas,2000,1904
54077,West Virginia,Preston,2000,6944
54079,West Virginia,Putnam,2000,12881
54081,West Virginia,Raleigh,2000,17070
54083,West Virginia,Randolph,2000,6310
54085,West Virginia,Ritchie,2000,2376
54087,West Virginia,Roane,2000,3612
54089,West Virginia,Summers,2000,2669
54091,West Virginia,Taylor,2000,3686
54093,West Virginia,Tucker,2000,1557
54095,West Virginia,Tyler,2000,2231
54097,West Virginia,Upshur,2000,5278
54099,West Virginia,Wayne,2000,10022
54101,West Virginia,Webster,2000,2232
54103,West Virginia,Wetzel,2000,4204
54105,West Virginia,Wirt,2000,1492
54107,West Virginia,Wood,2000,20228
54109,West Virginia,Wyoming,2000,5758
55001,Wisconsin,Adams,2000,3883
55003,Wisconsin,Ashland,2000,4284
55005,Wisconsin,Barron,2000,11380
55007,Wisconsin,Bayfield,2000,3700
55009,Wisconsin,Brown,2000,59123
55011,Wisconsin,Buffalo,2000,3461
55013,Wisconsin,Burnett,2000,3465
55015,Wisconsin,Calumet,2000,11619
55017,Wisconsin,Chippewa,2000,14602
55019,Wisconsin,Clark,2000,10038
55021,Wisconsin,Columbia,2000,13221
55023,Wisconsin,Crawford,2000,4512
55025,Wisconsin,Dane,2000,96255
55027,Wisconsin,Dodge,2000,21263
55029,Wisconsin,Door,2000,6172
55031,Wisconsin,Douglas,2000,10202
55033,Wisconsin,Dunn,2000,9305
55035,Wisconsin,Eau Claire,2000,21820
55037,Wisconsin,Florence,2000,1164
55039,Wisconsin,Fond du Lac,2000,24489
55041,Wisconsin,Forest,2000,2536
55043,Wisconsin,Grant,2000,11768
55045,Wisconsin,Green,2000,8908
55047,Wisconsin,Green Lake,2000,4614
55049,Wisconsin,Iowa,2000,6171
55051,Wisconsin,Iron,2000,1334
55053,Wisconsin,Jackson,2000,4603
55055,Wisconsin,Jefferson,2000,18657
55057,Wisconsin,Juneau,2000,6182
55059,Wisconsin,Kenosha,2000,40502
55061,Wisconsin,Kewaunee,2000,5217
55063,Wisconsin,La Crosse,2000,25261
55065,Wisconsin,Lafayette,2000,4389
55067,Wisconsin,Langlade,2000,5057
55069,Wisconsin,Lincoln,2000,7541
55071,Wisconsin,Manitowoc,2000,21101
55073,Wisconsin,Marathon,2000,33716
55075,Wisconsin,Marinette,2000,10201
55077,Wisconsin,Marquette,2000,3335
55078,Wisconsin,Menominee,2000,1776
55079,Wisconsin,Milwaukee,2000,247825
55081,Wisconsin,Monroe,2000,11498
55083,Wisconsin,Oconto,2000,9160
55085,Wisconsin,Oneida,2000,8203
55087,Wisconsin,Outagamie,2000,44527
55089,Wisconsin,Ozaukee,2000,21931
55091,Wisconsin,Pepin,2000,1909
55093,Wisconsin,Pierce,2000,8997
55095,Wisconsin,Polk,2000,10835
55097,Wisconsin,Portage,2000,16177
55099,Wisconsin,Price,2000,3770
55101,Wisconsin,Racine,2000,50951
55103,Wisconsin,Richland,2000,4512
55105,Wisconsin,Rock,2000,40366
55107,Wisconsin,Rusk,2000,3803
55109,Wisconsin,St Croix,2000,17617
55111,Wisconsin,Sauk,2000,14371
55113,Wisconsin,Sawyer,2000,3901
55115,Wisconsin,Shawano,2000,10433
55117,Wisconsin,Sheboygan,2000,28775
55119,Wisconsin,Taylor,2000,5332
55121,Wisconsin,Trempealeau,2000,6844
55123,Wisconsin,Vernon,2000,7696
55125,Wisconsin,Vilas,2000,4345
55127,Wisconsin,Walworth,2000,22654
55129,Wisconsin,Washburn,2000,3815
55131,Wisconsin,Washington,2000,31330
55133,Wisconsin,Waukesha,2000,94903
55135,Wisconsin,Waupaca,2000,13277
55137,Wisconsin,Waushara,2000,5444
55139,Wisconsin,Winnebago,2000,37343
55141,Wisconsin,Wood,2000,19385
56001,Wyoming,Albany,2000,5894
56003,Wyoming,Big Horn,2000,3287
56005,Wyoming,Campbell,2000,10456
56007,Wyoming,Carbon,2000,3772
56009,Wyoming,Converse,2000,3430
56011,Wyoming,Crook,2000,1581
56013,Wyoming,Fremont,2000,9827
56015,Wyoming,Goshen,2000,3034
56017,Wyoming,Hot Springs,2000,1076
56019,Wyoming,Johnson,2000,1712
56021,Wyoming,Laramie,2000,21023
56023,Wyoming,Lincoln,2000,4502
56025,Wyoming,Natrona,2000,17300
56027,Wyoming,Niobrara,2000,544
56029,Wyoming,Park,2000,6302
56031,Wyoming,Platte,2000,2233
56033,Wyoming,Sheridan,2000,6412
56035,Wyoming,Sublette,2000,1526
56037,Wyoming,Sweetwater,2000,10869
56039,Wyoming,Teton,2000,3632
56041,Wyoming,Uinta,2000,6605
56043,Wyoming,Washakie,2000,2258
56045,Wyoming,Weston,2000,1598
01001,Alabama,Autauga County,2010,14613
01003,Alabama,Baldwin County,2010,41898
01005,Alabama,Barbour County,2010,6015
01007,Alabama,Bibb County,2010,5201
01009,Alabama,Blount County,2010,14106
01011,Alabama,Bullock County,2010,2430
01013,Alabama,Butler County,2010,5056
01015,Alabama,Calhoun County,2010,27126
01017,Alabama,Chambers County,2010,7703
01019,Alabama,Cherokee County,2010,5566
01021,Alabama,Chilton County,2010,10960
01023,Alabama,Choctaw County,2010,3141
01025,Alabama,Clarke County,2010,6389
01027,Alabama,Clay County,2010,3144
01029,Alabama,Cleburne County,2010,3551
01031,Alabama,Coffee County,2010,12084
01033,Alabama,Colbert County,2010,12034
01035,Alabama,Conecuh County,2010,3042
01037,Alabama,Coosa County,2010,2370
01039,Alabama,Covington County,2010,8523
01041,Alabama,Crenshaw County,2010,3308
01043,Alabama,Cullman County,2010,18641
01045,Alabama,Dale County,2010,12477
01047,Alabama,Dallas County,2010,11595
01049,Alabama,DeKalb County,2010,18366
01051,Alabama,Elmore County,2010,18707
01053,Alabama,Escambia County,2010,8679
01055,Alabama,Etowah County,2010,23986
01057,Alabama,Fayette County,2010,3837
01059,Alabama,Franklin County,2010,7867
01061,Alabama,Geneva County,2010,5991
01063,Alabama,Greene County,2010,2194
01065,Alabama,Hale County,2010,3915
01067,Alabama,Henry County,2010,3918
01069,Alabama,Houston County,2010,24926
01071,Alabama,Jackson County,2010,11985
01073,Alabama,Jefferson County,2010,154528
01075,Alabama,Lamar County,2010,3227
01077,Alabama,Lauderdale County,2010,19982
01079,Alabama,Lawrence County,2010,7964
01081,Alabama,Lee County,2010,31591
01083,Alabama,Limestone County,2010,19859
01085,Alabama,Lowndes County,2010,2732
01087,Alabama,Macon County,2010,4420
01089,Alabama,Madison County,2010,79490
01091,Alabama,Marengo County,2010,5191
01093,Alabama,Marion County,2010,6665
01095,Alabama,Marshall County,2010,23259
01097,Alabama,Mobile County,2010,103581
01099,Alabama,Monroe County,2010,5841
01101,Alabama,Montgomery County,2010,56167
01103,Alabama,Morgan County,2010,28624
01105,Alabama,Perry County,2010,2553
01107,Alabama,Pickens County,2010,4601
01109,Alabama,Pike County,2010,6682
01111,Alabama,Randolph County,2010,5473
01113,Alabama,Russell County,2010,13499
01115,Alabama,St. Clair County,2010,19826
01117,Alabama,Shelby County,2010,49962
01119,Alabama,Sumter County,2010,3068
01121,Alabama,Talladega County,2010,19285
01123,Alabama,Tallapoosa County,2010,9219
01125,Alabama,Tuscaloosa County,2010,41786
01127,Alabama,Walker County,2010,15107
01129,Alabama,Washington County,2010,4484
01131,Alabama,Wilcox County,2010,3150
01133,Alabama,Winston County,2010,5299
02013,Alaska,Aleutians East Borough,2010,371
02016,Alaska,Aleutians West Census Area,2010,815
02020,Alaska,Anchorage Municipality,2010,75786
02050,Alaska,Bethel Census Area,2010,6218
02060,Alaska,Bristol Bay Borough,2010,225
02068,Alaska,Denali Borough,2010,411
02070,Alaska,Dillingham Census Area,2010,1595
02090,Alaska,Fairbanks North Star Borough,2010,25001
02100,Alaska,Haines Borough,2010,499
02105,Alaska,Hoonah-Angoon Census Area,2010,424
02110,Alaska,Juneau City and Borough,2010,7336
02122,Alaska,Kenai Peninsula Borough,2010,13111
02130,Alaska,Ketchikan Gateway Borough,2010,3227
02150,Alaska,Kodiak Island Borough,2010,3894
02164,Alaska,Lake and Peninsula Borough,2010,492
02170,Alaska,Matanuska-Susitna Borough,2010,25719
02180,Alaska,Nome Census Area,2010,3259
02185,Alaska,North Slope Borough,2010,2251
02188,Alaska,Northwest Arctic Borough,2010,2655
02195,Alaska,Petersburg Census Area,2010,891
02198,Alaska,Prince of Wales-Hyder Census Area,2010,1424
02220,Alaska,Sitka City and Borough,2010,2090
02230,Alaska,Skagway Municipality,2010,152
02240,Alaska,Southeast Fairbanks Census Area,2010,1849
02261,Alaska,Valdez-Cordova Census Area,2010,2348
02270,Alaska,Wade Hampton Census Area,2010,3101
02275,Alaska,Wrangell City and Borough,2010,520
02282,Alaska,Yakutat City and Borough,2010,162
02290,Alaska,Yukon-Koyukuk Census Area,2010,1552
04001,Arizona,Apache County,2010,22660
04003,Arizona,Cochise County,2010,30250
04005,Arizona,Coconino County,2010,31788
04007,Arizona,Gila County,2010,11471
04009,Arizona,Graham County,2010,10575
04011,Arizona,Greenlee County,2010,2463
04012,Arizona,La Paz County,2010,3678
04013,Arizona,Maricopa County,2010,1007861
04015,Arizona,Mohave County,2010,41265
04017,Arizona,Navajo County,2010,31973
04019,Arizona,Pima County,2010,225316
04021,Arizona,Pinal County,2010,99700
04023,Arizona,Santa Cruz County,2010,14560
04025,Arizona,Yavapai County,2010,40269
04027,Arizona,Yuma County,2010,55185
05001,Arkansas,Arkansas County,2010,4425
05003,Arkansas,Ashley County,2010,5330
05005,Arkansas,Baxter County,2010,7506
05007,Arkansas,Benton County,2010,61848
05009,Arkansas,Boone County,2010,8585
05011,Arkansas,Bradley County,2010,2681
05013,Arkansas,Calhoun County,2010,1102
05015,Arkansas,Carroll County,2010,6183
05017,Arkansas,Chicot County,2010,2724
05019,Arkansas,Clark County,2010,4480
05021,Arkansas,Clay County,2010,3590
05023,Arkansas,Cleburne County,2010,5162
05025,Arkansas,Cleveland County,2010,2151
05027,Arkansas,Columbia County,2010,5594
05029,Arkansas,Conway County,2010,5145
05031,Arkansas,Craighead County,2010,24141
05033,Arkansas,Crawford County,2010,16350
05035,Arkansas,Crittenden County,2010,14809
05037,Arkansas,Cross County,2010,4494
05039,Arkansas,Dallas County,2010,1913
05041,Arkansas,Desha County,2010,3377
05043,Arkansas,Drew County,2010,4361
05045,Arkansas,Faulkner County,2010,27742
05047,Arkansas,Franklin County,2010,4431
05049,Arkansas,Fulton County,2010,2598
05051,Arkansas,Garland County,2010,20093
05053,Arkansas,Grant County,2010,4315
05055,Arkansas,Greene County,2010,10590
05057,Arkansas,Hempstead County,2010,5878
05059,Arkansas,Hot Spring County,2010,7686
05061,Arkansas,Howard County,2010,3623
05063,Arkansas,Independence County,2010,8792
05065,Arkansas,Izard County,2010,2625
05067,Arkansas,Jackson County,2010,3734
05069,Arkansas,Jefferson County,2010,18428
05071,Arkansas,Johnson County,2010,6329
05073,Arkansas,Lafayette County,2010,1776
05075,Arkansas,Lawrence County,2010,3992
05077,Arkansas,Lee County,2010,2160
05079,Arkansas,Lincoln County,2010,2743
05081,Arkansas,Little River County,2010,3137
05083,Arkansas,Logan County,2010,5491
05085,Arkansas,Lonoke County,2010,18831
05087,Arkansas,Madison County,2010,3801
05089,Arkansas,Marion County,2010,2983
05091,Arkansas,Miller County,2010,10549
05093,Arkansas,Mississippi County,2010,13104
05095,Arkansas,Monroe County,2010,1840
05097,Arkansas,Montgomery County,2010,1998
05099,Arkansas,Nevada County,2010,2131
05101,Arkansas,Newton County,2010,1736
05103,Arkansas,Ouachita County,2010,6145
05105,Arkansas,Perry County,2010,2402
05107,Arkansas,Phillips County,2010,6113
05109,Arkansas,Pike County,2010,2787
05111,Arkansas,Poinsett County,2010,5959
05113,Arkansas,Polk County,2010,4921
05115,Arkansas,Pope County,2010,14241
05117,Arkansas,Prairie County,2010,1878
05119,Arkansas,Pulaski County,2010,92185
05121,Arkansas,Randolph County,2010,4171
05123,Arkansas,St. Francis County,2010,6677
05125,Arkansas,Saline County,2010,26139
05127,Arkansas,Scott County,2010,2883
05129,Arkansas,Searcy County,2010,1675
05131,Arkansas,Sebastian County,2010,31882
05133,Arkansas,Sevier County,2010,5040
05135,Arkansas,Sharp County,2010,3717
05137,Arkansas,Stone County,2010,2555
05139,Arkansas,Union County,2010,10061
05141,Arkansas,Van Buren County,2010,3537
05143,Arkansas,Washington County,2010,51484
05145,Arkansas,White County,2010,18433
05147,Arkansas,Woodruff County,2010,1672
05149,Arkansas,Yell County,2010,5831
06001,California,Alameda County,2010,340621
06003,California,Alpine County,2010,256
06005,California,Amador County,2010,6393
06007,California,Butte County,2010,46168
06009,California,Calaveras County,2010,8943
06011,California,Colusa County,2010,6410
06013,California,Contra Costa County,2010,260505
06015,California,Del Norte County,2010,6138
06017,California,El Dorado County,2010,41175
06019,California,Fresno County,2010,277507
06021,California,Glenn County,2010,7865
06023,California,Humboldt County,2010,27061
06025,California,Imperial County,2010,51098
06027,California,Inyo County,2010,3900
06029,California,Kern County,2010,254081
06031,California,Kings County,2010,42548
06033,California,Lake County,2010,13672
06035,California,Lassen County,2010,6293
06037,California,Los Angeles County,2010,2402208
06039,California,Madera County,2010,42849
06041,California,Marin County,2010,52214
06043,California,Mariposa County,2010,3242
06045,California,Mendocino County,2010,19461
06047,California,Merced County,2010,80698
06049,California,Modoc County,2010,2124
06051,California,Mono County,2010,2979
06053,California,Monterey County,2010,111013
06055,California,Napa County,2010,31486
06057,California,Nevada County,2010,19106
06059,California,Orange County,2010,736659
06061,California,Placer County,2010,85085
06063,California,Plumas County,2010,3601
06065,California,Riverside County,2010,620108
06067,California,Sacramento County,2010,363053
06069,California,San Benito County,2010,16066
06071,California,San Bernardino County,2010,594588
06073,California,San Diego County,2010,724168
06075,California,San Francisco County,2010,107524
06077,California,San Joaquin County,2010,200724
06079,California,San Luis Obispo County,2010,50841
06081,California,San Mateo County,2010,159772
06083,California,Santa Barbara County,2010,98047
06085,California,Santa Clara County,2010,429545
06087,California,Santa Cruz County,2010,55418
06089,California,Shasta County,2010,39652
06091,California,Sierra County,2010,552
06093,California,Siskiyou County,2010,9325
06095,California,Solano County,2010,101535
06097,California,Sonoma County,2010,106471
06099,California,Stanislaus County,2010,147158
06101,California,Sutter County,2010,26112
06103,California,Tehama County,2010,16160
06105,California,Trinity County,2010,2520
06107,California,Tulare County,2010,144124
06109,California,Tuolumne County,2010,9682
06111,California,Ventura County,2010,211915
06113,California,Yolo County,2010,45631
06115,California,Yuba County,2010,20990
08001,Colorado,Adams County,2010,126123
08003,Colorado,Alamosa County,2010,3828
08005,Colorado,Arapahoe County,2010,147324
08007,Colorado,Archuleta County,2010,2408
08009,Colorado,Baca County,2010,814
08011,Colorado,Bent County,2010,1096
08013,Colorado,Boulder County,2010,62754
08014,Colorado,Broomfield County,2010,14652
08015,Colorado,Chaffee County,2010,2988
08017,Colorado,Cheyenne County,2010,450
08019,Colorado,Clear Creek County,2010,1571
08021,Colorado,Conejos County,2010,2336
08023,Colorado,Costilla County,2010,736
08025,Colorado,Crowley County,2010,789
08027,Colorado,Custer County,2010,730
08029,Colorado,Delta County,2010,6851
08031,Colorado,Denver County,2010,128766
08033,Colorado,Dolores County,2010,462
08035,Colorado,Douglas County,2010,87012
08037,Colorado,Eagle County,2010,12800
08039,Colorado,Elbert County,2010,5854
08041,Colorado,El Paso County,2010,162676
08043,Colorado,Fremont County,2010,8211
08045,Colorado,Garfield County,2010,15216
08047,Colorado,Gilpin County,2010,959
08049,Colorado,Grand County,2010,3018
08051,Colorado,Gunnison County,2010,2780
08053,Colorado,Hinsdale County,2010,168
08055,Colorado,Huerfano County,2010,1188
08057,Colorado,Jackson County,2010,260
08059,Colorado,Jefferson County,2010,119090
08061,Colorado,Kiowa County,2010,314
08063,Colorado,Kit Carson County,2010,1839
08065,Colorado,Lake County,2010,1822
08067,Colorado,La Plata County,2010,10512
08069,Colorado,Larimer County,2010,64057
08071,Colorado,Las Animas County,2010,3241
08073,Colorado,Lincoln County,2010,1120
08075,Colorado,Logan County,2010,4542
08077,Colorado,Mesa County,2010,34517
08079,Colorado,Mineral County,2010,101
08081,Colorado,Moffat County,2010,3733
08083,Colorado,Montezuma County,2010,5999
08085,Colorado,Montrose County,2010,10179
08087,Colorado,Morgan County,2010,7875
08089,Colorado,Otero County,2010,4660
08091,Colorado,Ouray County,2010,797
08093,Colorado,Park County,2010,3108
08095,Colorado,Phillips County,2010,1122
08097,Colorado,Pitkin County,2010,2999
08099,Colorado,Prowers County,2010,3404
08101,Colorado,Pueblo County,2010,38915
08103,Colorado,Rio Blanco County,2010,1621
08105,Colorado,Rio Grande County,2010,3025
08107,Colorado,Routt County,2010,4909
08109,Colorado,Saguache County,2010,1416
08111,Colorado,San Juan County,2010,128
08113,Colorado,San Miguel County,2010,1447
08115,Colorado,Sedgwick County,2010,460
08117,Colorado,Summit County,2010,4884
08119,Colorado,Teller County,2010,4780
08121,Colorado,Washington County,2010,1125
08123,Colorado,Weld County,2010,70401
08125,Colorado,Yuma County,2010,2647
09001,Connecticut,Fairfield County,2010,227019
09003,Connecticut,Hartford County,2010,204043
09005,Connecticut,Litchfield County,2010,40952
09007,Connecticut,Middlesex County,2010,35098
09009,Connecticut,New Haven County,2010,192974
09011,Connecticut,New London County,2010,59599
09013,Connecticut,Tolland County,2010,30884
09015,Connecticut,Windham County,2010,26446
10001,Delaware,Kent County,2010,40379
10003,Delaware,New Castle County,2010,125079
10005,Delaware,Sussex County,2010,40307
11001,District Of Columbia,District Of Columbia,2010,100815
12001,Florida,Alachua County,2010,44285
12003,Florida,Baker County,2010,7047
12005,Florida,Bay County,2010,37076
12007,Florida,Bradford County,2010,5635
12009,Florida,Brevard County,2010,107686
12011,Florida,Broward County,2010,391349
12013,Florida,Calhoun County,2010,3132
12015,Florida,Charlotte County,2010,22878
12017,Florida,Citrus County,2010,22394
12019,Florida,Clay County,2010,50170
12021,Florida,Collier County,2010,62647
12023,Florida,Columbia County,2010,15193
12027,Florida,DeSoto County,2010,7835
12029,Florida,Dixie County,2010,3144
12031,Florida,Duval County,2010,203514
12033,Florida,Escambia County,2010,64154
12035,Florida,Flagler County,2010,19036
12037,Florida,Franklin County,2010,1970
12039,Florida,Gadsden County,2010,11205
12041,Florida,Gilchrist County,2010,3631
12043,Florida,Glades County,2010,2417
12045,Florida,Gulf County,2010,2574
12047,Florida,Hamilton County,2010,2913
12049,Florida,Hardee County,2010,7675
12051,Florida,Hendry County,2010,10886
12053,Florida,Hernando County,2010,34158
12055,Florida,Highlands County,2010,17972
12057,Florida,Hillsborough County,2010,294208
12059,Florida,Holmes County,2010,4282
12061,Florida,Indian River County,2010,25952
12063,Florida,Jackson County,2010,9907
12065,Florida,Jefferson County,2010,2748
12067,Florida,Lafayette County,2010,1785
12069,Florida,Lake County,2010,61741
12071,Florida,Lee County,2010,120869
12073,Florida,Leon County,2010,53973
12075,Florida,Levy County,2010,8629
12077,Florida,Liberty County,2010,1777
12079,Florida,Madison County,2010,4187
12081,Florida,Manatee County,2010,66283
12083,Florida,Marion County,2010,64181
12085,Florida,Martin County,2010,25746
12086,Florida,Miami-Dade County,2010,545728
12087,Florida,Monroe County,2010,11001
12089,Florida,Nassau County,2010,15919
12091,Florida,Okaloosa County,2010,40388
12093,Florida,Okeechobee County,2010,9584
12095,Florida,Orange County,2010,270147
12097,Florida,Osceola County,2010,70416
12099,Florida,Palm Beach County,2010,268884
12101,Florida,Pasco County,2010,98573
12103,Florida,Pinellas County,2010,162888
12105,Florida,Polk County,2010,141736
12107,Florida,Putnam County,2010,16785
12109,Florida,St. Johns County,2010,43851
12111,Florida,St. Lucie County,2010,62008
12113,Florida,Santa Rosa County,2010,36209
12115,Florida,Sarasota County,2010,59735
12117,Florida,Seminole County,2010,97181
12119,Florida,Sumter County,2010,8512
12121,Florida,Suwannee County,2010,9449
12123,Florida,Taylor County,2010,4445
12125,Florida,Union County,2010,3010
12127,Florida,Volusia County,2010,93273
12129,Florida,Wakulla County,2010,6925
12131,Florida,Walton County,2010,11330
12133,Florida,Washington County,2010,5270
13001,Georgia,Appling County,2010,4694
13003,Georgia,Atkinson County,2010,2430
13005,Georgia,Bacon County,2010,2826
13007,Georgia,Baker County,2010,801
13009,Georgia,Baldwin County,2010,9351
13011,Georgia,Banks County,2010,4643
13013,Georgia,Barrow County,2010,19589
13015,Georgia,Bartow County,2010,26800
13017,Georgia,Ben Hill County,2010,4668
13019,Georgia,Berrien County,2010,4939
13021,Georgia,Bibb County,2010,40119
13023,Georgia,Bleckley County,2010,2949
13025,Georgia,Brantley County,2010,4893
13027,Georgia,Brooks County,2010,3850
13029,Georgia,Bryan County,2010,8857
13031,Georgia,Bulloch County,2010,14393
13033,Georgia,Burke County,2010,6585
13035,Georgia,Butts County,2010,5325
13037,Georgia,Calhoun County,2010,1320
13039,Georgia,Camden County,2010,13652
13043,Georgia,Candler County,2010,2819
13045,Georgia,Carroll County,2010,28124
13047,Georgia,Catoosa County,2010,15940
13049,Georgia,Charlton County,2010,2642
13051,Georgia,Chatham County,2010,60007
13053,Georgia,Chattahoochee County,2010,3053
13055,Georgia,Chattooga County,2010,5858
13057,Georgia,Cherokee County,2010,58920
13059,Georgia,Clarke County,2010,20423
13061,Georgia,Clay County,2010,717
13063,Georgia,Clayton County,2010,74979
13065,Georgia,Clinch County,2010,1843
13067,Georgia,Cobb County,2010,176487
13069,Georgia,Coffee County,2010,11101
13071,Georgia,Colquitt County,2010,12584
13073,Georgia,Columbia County,2010,33810
13075,Georgia,Cook County,2010,4682
13077,Georgia,Coweta County,2010,34832
13079,Georgia,Crawford County,2010,2868
13081,Georgia,Crisp County,2010,6122
13083,Georgia,Dade County,2010,3586
13085,Georgia,Dawson County,2010,5083
13087,Georgia,Decatur County,2010,7082
13089,Georgia,DeKalb County,2010,165136
13091,Georgia,Dodge County,2010,5077
13093,Georgia,Dooly County,2010,3159
13095,Georgia,Dougherty County,2010,24334
13097,Georgia,Douglas County,2010,37533
13099,Georgia,Early County,2010,2901
13101,Georgia,Echols County,2010,1183
13103,Georgia,Effingham County,2010,14906
13105,Georgia,Elbert County,2010,4699
13107,Georgia,Emanuel County,2010,5748
13109,Georgia,Evans County,2010,2837
13111,Georgia,Fannin County,2010,4531
13113,Georgia,Fayette County,2010,28099
13115,Georgia,Floyd County,2010,23445
13117,Georgia,Forsyth County,2010,53405
13119,Georgia,Franklin County,2010,4956
13121,Georgia,Fulton County,2010,219686
13123,Georgia,Gilmer County,2010,6229
13125,Georgia,Glascock County,2010,813
13127,Georgia,Glynn County,2010,19231
13129,Georgia,Gordon County,2010,14875
13131,Georgia,Grady County,2010,6427
13133,Georgia,Greene County,2010,3297
13135,Georgia,Gwinnett County,2010,234707
13137,Georgia,Habersham County,2010,10304
13139,Georgia,Hall County,2010,50166
13141,Georgia,Hancock County,2010,1719
13143,Georgia,Haralson County,2010,7233
13145,Georgia,Harris County,2010,7618
13147,Georgia,Hart County,2010,5611
13149,Georgia,Heard County,2010,3048
13151,Georgia,Henry County,2010,59657
13153,Georgia,Houston County,2010,37491
13155,Georgia,Irwin County,2010,2315
13157,Georgia,Jackson County,2010,16045
13159,Georgia,Jasper County,2010,3475
13161,Georgia,Jeff Davis County,2010,4166
13163,Georgia,Jefferson County,2010,4271
13165,Georgia,Jenkins County,2010,2236
13167,Georgia,Johnson County,2010,2090
13169,Georgia,Jones County,2010,7473
13171,Georgia,Lamar County,2010,3869
13173,Georgia,Lanier County,2010,2768
13175,Georgia,Laurens County,2010,12475
13177,Georgia,Lee County,2010,7935
13179,Georgia,Liberty County,2010,19191
13181,Georgia,Lincoln County,2010,1651
13183,Georgia,Long County,2010,4419
13185,Georgia,Lowndes County,2010,26970
13187,Georgia,Lumpkin County,2010,6241
13189,Georgia,McDuffie County,2010,5698
13191,Georgia,McIntosh County,2010,3078
13193,Georgia,Macon County,2010,3253
13195,Georgia,Madison County,2010,6874
13197,Georgia,Marion County,2010,2096
13199,Georgia,Meriwether County,2010,5210
13201,Georgia,Miller County,2010,1436
13205,Georgia,Mitchell County,2010,5836
13207,Georgia,Monroe County,2010,5953
13209,Georgia,Montgomery County,2010,2084
13211,Georgia,Morgan County,2010,4439
13213,Georgia,Murray County,2010,10648
13215,Georgia,Muscogee County,2010,48598
13217,Georgia,Newton County,2010,28873
13219,Georgia,Oconee County,2010,9303
13221,Georgia,Oglethorpe County,2010,3555
13223,Georgia,Paulding County,2010,43094
13225,Georgia,Peach County,2010,6320
13227,Georgia,Pickens County,2010,6637
13229,Georgia,Pierce County,2010,4896
13231,Georgia,Pike County,2010,4838
13233,Georgia,Polk County,2010,11046
13235,Georgia,Pulaski County,2010,2578
13237,Georgia,Putnam County,2010,4601
13239,Georgia,Quitman County,2010,514
13241,Georgia,Rabun County,2010,3429
13243,Georgia,Randolph County,2010,1728
13245,Georgia,Richmond County,2010,49305
13247,Georgia,Rockdale County,2010,22914
13249,Georgia,Schley County,2010,1503
13251,Georgia,Screven County,2010,3690
13253,Georgia,Seminole County,2010,2004
13255,Georgia,Spalding County,2010,16211
13257,Georgia,Stephens County,2010,5952
13259,Georgia,Stewart County,2010,949
13261,Georgia,Sumter County,2010,8301
13263,Georgia,Talbot County,2010,1464
13265,Georgia,Taliaferro County,2010,323
13267,Georgia,Tattnall County,2010,5406
13269,Georgia,Taylor County,2010,2178
13271,Georgia,Telfair County,2010,3316
13273,Georgia,Terrell County,2010,2304
13275,Georgia,Thomas County,2010,11137
13277,Georgia,Tift County,2010,10360
13279,Georgia,Toombs County,2010,7615
13281,Georgia,Towns County,2010,1641
13283,Georgia,Treutlen County,2010,1713
13285,Georgia,Troup County,2010,17802
13287,Georgia,Turner County,2010,2203
13289,Georgia,Twiggs County,2010,1856
13291,Georgia,Union County,2010,3793
13293,Georgia,Upson County,2010,6417
13295,Georgia,Walker County,2010,16256
13297,Georgia,Walton County,2010,22588
13299,Georgia,Ware County,2010,8557
13301,Georgia,Warren County,2010,1373
13303,Georgia,Washington County,2010,5046
13305,Georgia,Wayne County,2010,7461
13307,Georgia,Webster County,2010,710
13309,Georgia,Wheeler County,2010,1399
13311,Georgia,White County,2010,6200
13313,Georgia,Whitfield County,2010,29283
13315,Georgia,Wilcox County,2010,1787
13317,Georgia,Wilkes County,2010,2356
13319,Georgia,Wilkinson County,2010,2324
13321,Georgia,Worth County,2010,5343
15001,Hawaii,Hawaii County,2010,42280
15003,Hawaii,Honolulu County,2010,210500
15005,Hawaii,Kalawao County,2010,0
15007,Hawaii,Kauai County,2010,15223
15009,Hawaii,Maui County,2010,35815
16001,Idaho,Ada County,2010,103706
16003,Idaho,Adams County,2010,763
16005,Idaho,Bannock County,2010,22714
16007,Idaho,Bear Lake County,2010,1636
16009,Idaho,Benewah County,2010,2201
16011,Idaho,Bingham County,2010,15048
16013,Idaho,Blaine County,2010,5203
16015,Idaho,Boise County,2010,1509
16017,Idaho,Bonner County,2010,8850
16019,Idaho,Bonneville County,2010,32794
16021,Idaho,Boundary County,2010,2812
16023,Idaho,Butte County,2010,815
16025,Idaho,Camas County,2010,240
16027,Idaho,Canyon County,2010,59492
16029,Idaho,Caribou County,2010,2016
16031,Idaho,Cassia County,2010,7587
16033,Idaho,Clark County,2010,308
16035,Idaho,Clearwater County,2010,1556
16037,Idaho,Custer County,2010,858
16039,Idaho,Elmore County,2010,7675
16041,Idaho,Franklin County,2010,4498
16043,Idaho,Fremont County,2010,4154
16045,Idaho,Gem County,2010,4098
16047,Idaho,Gooding County,2010,4563
16049,Idaho,Idaho County,2010,3405
16051,Idaho,Jefferson County,2010,9287
16053,Idaho,Jerome County,2010,6948
16055,Idaho,Kootenai County,2010,34244
16057,Idaho,Latah County,2010,6969
16059,Idaho,Lemhi County,2010,1576
16061,Idaho,Lewis County,2010,848
16063,Idaho,Lincoln County,2010,1699
16065,Idaho,Madison County,2010,9748
16067,Idaho,Minidoka County,2010,5893
16069,Idaho,Nez Perce County,2010,8515
16071,Idaho,Oneida County,2010,1283
16073,Idaho,Owyhee County,2010,3369
16075,Idaho,Payette County,2010,6484
16077,Idaho,Power County,2010,2414
16079,Idaho,Shoshone County,2010,2660
16081,Idaho,Teton County,2010,3023
16083,Idaho,Twin Falls County,2010,21144
16085,Idaho,Valley County,2010,1949
16087,Idaho,Washington County,2010,2518
17001,Illinois,Adams County,2010,15461
17003,Illinois,Alexander County,2010,1885
17005,Illinois,Bond County,2010,3650
17007,Illinois,Boone County,2010,15684
17009,Illinois,Brown County,2010,1114
17011,Illinois,Bureau County,2010,8155
17013,Illinois,Calhoun County,2010,1113
17015,Illinois,Carroll County,2010,3161
17017,Illinois,Cass County,2010,3401
17019,Illinois,Champaign County,2010,39079
17021,Illinois,Christian County,2010,7776
17023,Illinois,Clark County,2010,3718
17025,Illinois,Clay County,2010,3164
17027,Illinois,Clinton County,2010,8582
17029,Illinois,Coles County,2010,9942
17031,Illinois,Cook County,2010,1232280
17033,Illinois,Crawford County,2010,4053
17035,Illinois,Cumberland County,2010,2598
17037,Illinois,DeKalb County,2010,23490
17039,Illinois,De Witt County,2010,3822
17041,Illinois,Douglas County,2010,5174
17043,Illinois,DuPage County,2010,227430
17045,Illinois,Edgar County,2010,4121
17047,Illinois,Edwards County,2010,1536
17049,Illinois,Effingham County,2010,8442
17051,Illinois,Fayette County,2010,4976
17053,Illinois,Ford County,2010,3347
17055,Illinois,Franklin County,2010,8961
17057,Illinois,Fulton County,2010,7753
17059,Illinois,Gallatin County,2010,1184
17061,Illinois,Greene County,2010,3198
17063,Illinois,Grundy County,2010,13657
17065,Illinois,Hamilton County,2010,1931
17067,Illinois,Hancock County,2010,4197
17069,Illinois,Hardin County,2010,876
17071,Illinois,Henderson County,2010,1493
17073,Illinois,Henry County,2010,12095
17075,Illinois,Iroquois County,2010,7015
17077,Illinois,Jackson County,2010,10738
17079,Illinois,Jasper County,2010,2204
17081,Illinois,Jefferson County,2010,8596
17083,Illinois,Jersey County,2010,5239
17085,Illinois,Jo Daviess County,2010,4715
17087,Illinois,Johnson County,2010,2441
17089,Illinois,Kane County,2010,149190
17091,Illinois,Kankakee County,2010,28754
17093,Illinois,Kendall County,2010,36066
17095,Illinois,Knox County,2010,10880
17097,Illinois,Lake County,2010,192672
17099,Illinois,LaSalle County,2010,26218
17101,Illinois,Lawrence County,2010,3207
17103,Illinois,Lee County,2010,7734
17105,Illinois,Livingston County,2010,8758
17107,Illinois,Logan County,2010,6062
17109,Illinois,McDonough County,2010,5243
17111,Illinois,McHenry County,2010,84175
17113,Illinois,McLean County,2010,38412
17115,Illinois,Macon County,2010,25284
17117,Illinois,Macoupin County,2010,10775
17119,Illinois,Madison County,2010,61246
17121,Illinois,Marion County,2010,9238
17123,Illinois,Marshall County,2010,2742
17125,Illinois,Mason County,2010,3227
17127,Illinois,Massac County,2010,3518
17129,Illinois,Menard County,2010,3001
17131,Illinois,Mercer County,2010,3720
17133,Illinois,Monroe County,2010,8071
17135,Illinois,Montgomery County,2010,6386
17137,Illinois,Morgan County,2010,7587
17139,Illinois,Moultrie County,2010,3701
17141,Illinois,Ogle County,2010,13244
17143,Illinois,Peoria County,2010,44893
17145,Illinois,Perry County,2010,4633
17147,Illinois,Piatt County,2010,4007
17149,Illinois,Pike County,2010,3712
17151,Illinois,Pope County,2010,814
17153,Illinois,Pulaski County,2010,1405
17155,Illinois,Putnam County,2010,1279
17157,Illinois,Randolph County,2010,6631
17159,Illinois,Richland County,2010,3608
17161,Illinois,Rock Island County,2010,33187
17163,Illinois,St. Clair County,2010,68588
17165,Illinois,Saline County,2010,5704
17167,Illinois,Sangamon County,2010,46816
17169,Illinois,Schuyler County,2010,1580
17171,Illinois,Scott County,2010,1272
17173,Illinois,Shelby County,2010,5052
17175,Illinois,Stark County,2010,1411
17177,Illinois,Stephenson County,2010,10811
17179,Illinois,Tazewell County,2010,31836
17181,Illinois,Union County,2010,3828
17183,Illinois,Vermilion County,2010,19928
17185,Illinois,Wabash County,2010,2648
17187,Illinois,Warren County,2010,3919
17189,Illinois,Washington County,2010,3258
17191,Illinois,Wayne County,2010,3780
17193,Illinois,White County,2010,3065
17195,Illinois,Whiteside County,2010,13740
17197,Illinois,Will County,2010,196954
17199,Illinois,Williamson County,2010,14692
17201,Illinois,Winnebago County,2010,73580
17203,Illinois,Woodford County,2010,9990
18001,Indiana,Adams County,2010,10714
18003,Indiana,Allen County,2010,95958
18005,Indiana,Bartholomew County,2010,19360
18007,Indiana,Benton County,2010,2284
18009,Indiana,Blackford County,2010,2914
18011,Indiana,Boone County,2010,15917
18013,Indiana,Brown County,2010,3172
18015,Indiana,Carroll County,2010,4957
18017,Indiana,Cass County,2010,10093
18019,Indiana,Clark County,2010,26109
18021,Indiana,Clay County,2010,6441
18023,Indiana,Clinton County,2010,8849
18025,Indiana,Crawford County,2010,2495
18027,Indiana,Daviess County,2010,9120
18029,Indiana,Dearborn County,2010,12515
18031,Indiana,Decatur County,2010,6560
18033,Indiana,DeKalb County,2010,11136
18035,Indiana,Delaware County,2010,23573
18037,Indiana,Dubois County,2010,10669
18039,Indiana,Elkhart County,2010,56175
18041,Indiana,Fayette County,2010,5818
18043,Indiana,Floyd County,2010,17931
18045,Indiana,Fountain County,2010,4174
18047,Indiana,Franklin County,2010,6033
18049,Indiana,Fulton County,2010,5163
18051,Indiana,Gibson County,2010,8145
18053,Indiana,Grant County,2010,15169
18055,Indiana,Greene County,2010,7883
18057,Indiana,Hamilton County,2010,82938
18059,Indiana,Hancock County,2010,18338
18061,Indiana,Harrison County,2010,9307
18063,Indiana,Hendricks County,2010,39908
18065,Indiana,Henry County,2010,11044
18067,Indiana,Howard County,2010,19585
18069,Indiana,Huntington County,2010,8795
18071,Indiana,Jackson County,2010,10416
18073,Indiana,Jasper County,2010,8594
18075,Indiana,Jay County,2010,5644
18077,Indiana,Jefferson County,2010,7334
18079,Indiana,Jennings County,2010,7530
18081,Indiana,Johnson County,2010,36900
18083,Indiana,Knox County,2010,8192
18085,Indiana,Kosciusko County,2010,19817
18087,Indiana,LaGrange County,2010,12806
18089,Indiana,Lake County,2010,127273
18091,Indiana,LaPorte County,2010,25382
18093,Indiana,Lawrence County,2010,10872
18095,Indiana,Madison County,2010,30389
18097,Indiana,Marion County,2010,226505
18099,Indiana,Marshall County,2010,12649
18101,Indiana,Martin County,2010,2481
18103,Indiana,Miami County,2010,8393
18105,Indiana,Monroe County,2010,22471
18107,Indiana,Montgomery County,2010,9139
18109,Indiana,Morgan County,2010,17328
18111,Indiana,Newton County,2010,3279
18113,Indiana,Noble County,2010,12850
18115,Indiana,Ohio County,2010,1300
18117,Indiana,Orange County,2010,4887
18119,Indiana,Owen County,2010,5011
18121,Indiana,Parke County,2010,3713
18123,Indiana,Perry County,2010,4143
18125,Indiana,Pike County,2010,2880
18127,Indiana,Porter County,2010,39921
18129,Indiana,Posey County,2010,6138
18131,Indiana,Pulaski County,2010,3198
18133,Indiana,Putnam County,2010,7996
18135,Indiana,Randolph County,2010,6383
18137,Indiana,Ripley County,2010,7590
18139,Indiana,Rush County,2010,4307
18141,Indiana,St. Joseph County,2010,65851
18143,Indiana,Scott County,2010,5812
18145,Indiana,Shelby County,2010,10845
18147,Indiana,Spencer County,2010,5063
18149,Indiana,Starke County,2010,5696
18151,Indiana,Steuben County,2010,7835
18153,Indiana,Sullivan County,2010,4590
18155,Indiana,Switzerland County,2010,2722
18157,Indiana,Tippecanoe County,2010,35717
18159,Indiana,Tipton County,2010,3703
18161,Indiana,Union County,2010,1885
18163,Indiana,Vanderburgh County,2010,39896
18165,Indiana,Vermillion County,2010,3744
18167,Indiana,Vigo County,2010,23049
18169,Indiana,Wabash County,2010,7459
18171,Indiana,Warren County,2010,1996
18173,Indiana,Warrick County,2010,15431
18175,Indiana,Washington County,2010,7126
18177,Indiana,Wayne County,2010,15883
18179,Indiana,Wells County,2010,6899
18181,Indiana,White County,2010,5960
18183,Indiana,Whitley County,2010,8183
19001,Iowa,Adair County,2010,1725
19003,Iowa,Adams County,2010,849
19005,Iowa,Allamakee County,2010,3310
19007,Iowa,Appanoose County,2010,2894
19009,Iowa,Audubon County,2010,1339
19011,Iowa,Benton County,2010,6646
19013,Iowa,Black Hawk County,2010,28496
19015,Iowa,Boone County,2010,6279
19017,Iowa,Bremer County,2010,5513
19019,Iowa,Buchanan County,2010,5676
19021,Iowa,Buena Vista County,2010,5056
19023,Iowa,Butler County,2010,3503
19025,Iowa,Calhoun County,2010,2052
19027,Iowa,Carroll County,2010,5176
19029,Iowa,Cass County,2010,3188
19031,Iowa,Cedar County,2010,4537
19033,Iowa,Cerro Gordo County,2010,9491
19035,Iowa,Cherokee County,2010,2555
19037,Iowa,Chickasaw County,2010,3035
19039,Iowa,Clarke County,2010,2346
19041,Iowa,Clay County,2010,3830
19043,Iowa,Clayton County,2010,4204
19045,Iowa,Clinton County,2010,11590
19047,Iowa,Crawford County,2010,4516
19049,Iowa,Dallas County,2010,19221
19051,Iowa,Davis County,2010,2550
19053,Iowa,Decatur County,2010,1918
19055,Iowa,Delaware County,2010,4483
19057,Iowa,Des Moines County,2010,9343
19059,Iowa,Dickinson County,2010,3227
19061,Iowa,Dubuque County,2010,22252
19063,Iowa,Emmet County,2010,2370
19065,Iowa,Fayette County,2010,4691
19067,Iowa,Floyd County,2010,3891
19069,Iowa,Franklin County,2010,2547
19071,Iowa,Fremont County,2010,1699
19073,Iowa,Greene County,2010,2156
19075,Iowa,Grundy County,2010,2965
19077,Iowa,Guthrie County,2010,2621
19079,Iowa,Hamilton County,2010,3769
19081,Iowa,Hancock County,2010,2658
19083,Iowa,Hardin County,2010,4048
19085,Iowa,Harrison County,2010,3595
19087,Iowa,Henry County,2010,4669
19089,Iowa,Howard County,2010,2412
19091,Iowa,Humboldt County,2010,2258
19093,Iowa,Ida County,2010,1698
19095,Iowa,Iowa County,2010,4017
19097,Iowa,Jackson County,2010,4605
19099,Iowa,Jasper County,2010,8417
19101,Iowa,Jefferson County,2010,3066
19103,Iowa,Johnson County,2010,25918
19105,Iowa,Jones County,2010,4626
19107,Iowa,Keokuk County,2010,2442
19109,Iowa,Kossuth County,2010,3555
19111,Iowa,Lee County,2010,7961
19113,Iowa,Linn County,2010,51847
19115,Iowa,Louisa County,2010,2943
19117,Iowa,Lucas County,2010,2175
19119,Iowa,Lyon County,2010,3205
19121,Iowa,Madison County,2010,4268
19123,Iowa,Mahaska County,2010,5441
19125,Iowa,Marion County,2010,8362
19127,Iowa,Marshall County,2010,10304
19129,Iowa,Mills County,2010,3819
19131,Iowa,Mitchell County,2010,2664
19133,Iowa,Monona County,2010,2048
19135,Iowa,Monroe County,2010,1925
19137,Iowa,Montgomery County,2010,2511
19139,Iowa,Muscatine County,2010,11164
19141,Iowa,O'Brien County,2010,3393
19143,Iowa,Osceola County,2010,1490
19145,Iowa,Page County,2010,3506
19147,Iowa,Palo Alto County,2010,2068
19149,Iowa,Plymouth County,2010,6484
19151,Iowa,Pocahontas County,2010,1569
19153,Iowa,Polk County,2010,109925
19155,Iowa,Pottawattamie County,2010,22479
19157,Iowa,Poweshiek County,2010,3952
19159,Iowa,Ringgold County,2010,1243
19161,Iowa,Sac County,2010,2325
19163,Iowa,Scott County,2010,40566
19165,Iowa,Shelby County,2010,2866
19167,Iowa,Sioux County,2010,9047
19169,Iowa,Story County,2010,15953
19171,Iowa,Tama County,2010,4540
19173,Iowa,Taylor County,2010,1476
19175,Iowa,Union County,2010,2936
19177,Iowa,Van Buren County,2010,1822
19179,Iowa,Wapello County,2010,8119
19181,Iowa,Warren County,2010,12018
19183,Iowa,Washington County,2010,5459
19185,Iowa,Wayne County,2010,1500
19187,Iowa,Webster County,2010,8419
19189,Iowa,Winnebago County,2010,2354
19191,Iowa,Winneshiek County,2010,4297
19193,Iowa,Woodbury County,2010,27214
19195,Iowa,Worth County,2010,1757
19197,Iowa,Wright County,2010,3086
20001,Kansas,Allen County,2010,3148
20003,Kansas,Anderson County,2010,2057
20005,Kansas,Atchison County,2010,4093
20007,Kansas,Barber County,2010,1092
20009,Kansas,Barton County,2010,6784
20011,Kansas,Bourbon County,2010,3886
20013,Kansas,Brown County,2010,2534
20015,Kansas,Butler County,2010,17751
20017,Kansas,Chase County,2010,615
20019,Kansas,Chautauqua County,2010,758
20021,Kansas,Cherokee County,2010,5389
20023,Kansas,Cheyenne County,2010,581
20025,Kansas,Clark County,2010,559
20027,Kansas,Clay County,2010,2021
20029,Kansas,Cloud County,2010,2137
20031,Kansas,Coffey County,2010,2087
20033,Kansas,Comanche County,2010,435
20035,Kansas,Cowley County,2010,8870
20037,Kansas,Crawford County,2010,8725
20039,Kansas,Decatur County,2010,555
20041,Kansas,Dickinson County,2010,4895
20043,Kansas,Doniphan County,2010,1775
20045,Kansas,Douglas County,2010,21131
20047,Kansas,Edwards County,2010,721
20049,Kansas,Elk County,2010,615
20051,Kansas,Ellis County,2010,5981
20053,Kansas,Ellsworth County,2010,1217
20055,Kansas,Finney County,2010,11776
20057,Kansas,Ford County,2010,10470
20059,Kansas,Franklin County,2010,6750
20061,Kansas,Geary County,2010,10617
20063,Kansas,Gove County,2010,602
20065,Kansas,Graham County,2010,497
20067,Kansas,Grant County,2010,2455
20069,Kansas,Gray County,2010,1823
20071,Kansas,Greeley County,2010,266
20073,Kansas,Greenwood County,2010,1477
20075,Kansas,Hamilton County,2010,763
20077,Kansas,Harper County,2010,1428
20079,Kansas,Harvey County,2010,8853
20081,Kansas,Haskell County,2010,1326
20083,Kansas,Hodgeman County,2010,460
20085,Kansas,Jackson County,2010,3574
20087,Kansas,Jefferson County,2010,4725
20089,Kansas,Jewell County,2010,577
20091,Kansas,Johnson County,2010,143356
20093,Kansas,Kearny County,2010,1187
20095,Kansas,Kingman County,2010,1900
20097,Kansas,Kiowa County,2010,550
20099,Kansas,Labette County,2010,5262
20101,Kansas,Lane County,2010,394
20103,Kansas,Leavenworth County,2010,19147
20105,Kansas,Lincoln County,2010,780
20107,Kansas,Linn County,2010,2240
20109,Kansas,Logan County,2010,629
20111,Kansas,Lyon County,2010,7940
20113,Kansas,McPherson County,2010,6858
20115,Kansas,Marion County,2010,2866
20117,Kansas,Marshall County,2010,2336
20119,Kansas,Meade County,2010,1328
20121,Kansas,Miami County,2010,8843
20123,Kansas,Mitchell County,2010,1367
20125,Kansas,Montgomery County,2010,8399
20127,Kansas,Morris County,2010,1272
20129,Kansas,Morton County,2010,873
20131,Kansas,Nemaha County,2010,2667
20133,Kansas,Neosho County,2010,4082
20135,Kansas,Ness County,2010,696
20137,Kansas,Norton County,2010,1133
20139,Kansas,Osage County,2010,4047
20141,Kansas,Osborne County,2010,814
20143,Kansas,Ottawa County,2010,1549
20145,Kansas,Pawnee County,2010,1528
20147,Kansas,Phillips County,2010,1367
20149,Kansas,Pottawatomie County,2010,6411
20151,Kansas,Pratt County,2010,2205
20153,Kansas,Rawlins County,2010,475
20155,Kansas,Reno County,2010,15236
20157,Kansas,Republic County,2010,962
20159,Kansas,Rice County,2010,2409
20161,Kansas,Riley County,2010,13168
20163,Kansas,Rooks County,2010,1224
20165,Kansas,Rush County,2010,641
20167,Kansas,Russell County,2010,1483
20169,Kansas,Saline County,2010,13936
20171,Kansas,Scott County,2010,1236
20173,Kansas,Sedgwick County,2010,135376
20175,Kansas,Seward County,2010,7335
20177,Kansas,Shawnee County,2010,44171
20179,Kansas,Sheridan County,2010,603
20181,Kansas,Sherman County,2010,1350
20183,Kansas,Smith County,2010,774
20185,Kansas,Stafford County,2010,1037
20187,Kansas,Stanton County,2010,650
20189,Kansas,Stevens County,2010,1751
20191,Kansas,Sumner County,2010,6314
20193,Kansas,Thomas County,2010,1844
20195,Kansas,Trego County,2010,599
20197,Kansas,Wabaunsee County,2010,1792
20199,Kansas,Wallace County,2010,374
20201,Kansas,Washington County,2010,1328
20203,Kansas,Wichita County,2010,608
20205,Kansas,Wilson County,2010,2293
20207,Kansas,Woodson County,2010,658
20209,Kansas,Wyandotte County,2010,44435
21001,Kentucky,Adair County,2010,4206
21003,Kentucky,Allen County,2010,4887
21005,Kentucky,Anderson County,2010,5446
21007,Kentucky,Ballard County,2010,1828
21009,Kentucky,Barren County,2010,10216
21011,Kentucky,Bath County,2010,2866
21013,Kentucky,Bell County,2010,6229
21015,Kentucky,Boone County,2010,33579
21017,Kentucky,Bourbon County,2010,4813
21019,Kentucky,Boyd County,2010,10593
21021,Kentucky,Boyle County,2010,6158
21023,Kentucky,Bracken County,2010,2152
21025,Kentucky,Breathitt County,2010,3220
21027,Kentucky,Breckinridge County,2010,4850
21029,Kentucky,Bullitt County,2010,18783
21031,Kentucky,Butler County,2010,2926
21033,Kentucky,Caldwell County,2010,2885
21035,Kentucky,Calloway County,2010,6712
21037,Kentucky,Campbell County,2010,20600
21039,Kentucky,Carlisle County,2010,1154
21041,Kentucky,Carroll County,2010,2718
21043,Kentucky,Carter County,2010,6504
21045,Kentucky,Casey County,2010,3765
21047,Kentucky,Christian County,2010,21075
21049,Kentucky,Clark County,2010,8369
21051,Kentucky,Clay County,2010,4772
21053,Kentucky,Clinton County,2010,2451
21055,Kentucky,Crittenden County,2010,2110
21057,Kentucky,Cumberland County,2010,1524
21059,Kentucky,Daviess County,2010,23605
21061,Kentucky,Edmonson County,2010,2657
21063,Kentucky,Elliott County,2010,1600
21065,Kentucky,Estill County,2010,3339
21067,Kentucky,Fayette County,2010,62633
21069,Kentucky,Fleming County,2010,3506
21071,Kentucky,Floyd County,2010,8874
21073,Kentucky,Franklin County,2010,10665
21075,Kentucky,Fulton County,2010,1368
21077,Kentucky,Gallatin County,2010,2303
21079,Kentucky,Garrard County,2010,3914
21081,Kentucky,Grant County,2010,6923
21083,Kentucky,Graves County,2010,9052
21085,Kentucky,Grayson County,2010,6144
21087,Kentucky,Green County,2010,2549
21089,Kentucky,Greenup County,2010,8325
21091,Kentucky,Hancock County,2010,2225
21093,Kentucky,Hardin County,2010,27416
21095,Kentucky,Harlan County,2010,6685
21097,Kentucky,Harrison County,2010,4581
21099,Kentucky,Hart County,2010,4545
21101,Kentucky,Henderson County,2010,10870
21103,Kentucky,Henry County,2010,3823
21105,Kentucky,Hickman County,2010,1054
21107,Kentucky,Hopkins County,2010,10891
21109,Kentucky,Jackson County,2010,3182
21111,Kentucky,Jefferson County,2010,171807
21113,Kentucky,Jessamine County,2010,12549
21115,Kentucky,Johnson County,2010,5249
21117,Kentucky,Kenton County,2010,39946
21119,Kentucky,Knott County,2010,3536
21121,Kentucky,Knox County,2010,7863
21123,Kentucky,Larue County,2010,3375
21125,Kentucky,Laurel County,2010,14311
21127,Kentucky,Lawrence County,2010,3681
21129,Kentucky,Lee County,2010,1538
21131,Kentucky,Leslie County,2010,2418
21133,Kentucky,Letcher County,2010,5430
21135,Kentucky,Lewis County,2010,3308
21137,Kentucky,Lincoln County,2010,6100
21139,Kentucky,Livingston County,2010,1953
21141,Kentucky,Logan County,2010,6588
21143,Kentucky,Lyon County,2010,1283
21145,Kentucky,McCracken County,2010,14706
21147,Kentucky,McCreary County,2010,4117
21149,Kentucky,McLean County,2010,2225
21151,Kentucky,Madison County,2010,17850
21153,Kentucky,Magoffin County,2010,3194
21155,Kentucky,Marion County,2010,4888
21157,Kentucky,Marshall County,2010,6540
21159,Kentucky,Martin County,2010,2758
21161,Kentucky,Mason County,2010,4265
21163,Kentucky,Meade County,2010,7805
21165,Kentucky,Menifee County,2010,1464
21167,Kentucky,Mercer County,2010,5038
21169,Kentucky,Metcalfe County,2010,2419
21171,Kentucky,Monroe County,2010,2546
21173,Kentucky,Montgomery County,2010,6500
21175,Kentucky,Morgan County,2010,2840
21177,Kentucky,Muhlenberg County,2010,6821
21179,Kentucky,Nelson County,2010,11285
21181,Kentucky,Nicholas County,2010,1724
21183,Kentucky,Ohio County,2010,5934
21185,Kentucky,Oldham County,2010,16796
21187,Kentucky,Owen County,2010,2663
21189,Kentucky,Owsley County,2010,1058
21191,Kentucky,Pendleton County,2010,3680
21193,Kentucky,Perry County,2010,6244
21195,Kentucky,Pike County,2010,14262
21197,Kentucky,Powell County,2010,3105
21199,Kentucky,Pulaski County,2010,14358
21201,Kentucky,Robertson County,2010,490
21203,Kentucky,Rockcastle County,2010,3957
21205,Kentucky,Rowan County,2010,4562
21207,Kentucky,Russell County,2010,3923
21209,Kentucky,Scott County,2010,12668
21211,Kentucky,Shelby County,2010,10443
21213,Kentucky,Simpson County,2010,4268
21215,Kentucky,Spencer County,2010,4386
21217,Kentucky,Taylor County,2010,5465
21219,Kentucky,Todd County,2010,3393
21221,Kentucky,Trigg County,2010,3228
21223,Kentucky,Trimble County,2010,2210
21225,Kentucky,Union County,2010,3447
21227,Kentucky,Warren County,2010,25912
21229,Kentucky,Washington County,2010,2714
21231,Kentucky,Wayne County,2010,4696
21233,Kentucky,Webster County,2010,3189
21235,Kentucky,Whitley County,2010,8509
21237,Kentucky,Wolfe County,2010,1768
21239,Kentucky,Woodford County,2010,6003
22001,Louisiana,Acadia Parish,2010,16863
22003,Louisiana,Allen Parish,2010,5894
22005,Louisiana,Ascension Parish,2010,30755
22007,Louisiana,Assumption Parish,2010,5756
22009,Louisiana,Avoyelles Parish,2010,10283
22011,Louisiana,Beauregard Parish,2010,9295
22013,Louisiana,Bienville Parish,2010,3341
22015,Louisiana,Bossier Parish,2010,30034
22017,Louisiana,Caddo Parish,2010,62654
22019,Louisiana,Calcasieu Parish,2010,49012
22021,Louisiana,Caldwell Parish,2010,2374
22023,Louisiana,Cameron Parish,2010,1656
22025,Louisiana,Catahoula Parish,2010,2350
22027,Louisiana,Claiborne Parish,2010,3380
22029,Louisiana,Concordia Parish,2010,5233
22031,Louisiana,De Soto Parish,2010,6650
22033,Louisiana,East Baton Rouge Parish,2010,103665
22035,Louisiana,East Carroll Parish,2010,1993
22037,Louisiana,East Feliciana Parish,2010,4192
22039,Louisiana,Evangeline Parish,2010,9167
22041,Louisiana,Franklin Parish,2010,5317
22043,Louisiana,Grant Parish,2010,5151
22045,Louisiana,Iberia Parish,2010,19842
22047,Louisiana,Iberville Parish,2010,7502
22049,Louisiana,Jackson Parish,2010,3704
22051,Louisiana,Jefferson Parish,2010,97397
22053,Louisiana,Jefferson Davis Parish,2010,8398
22055,Louisiana,Lafayette Parish,2010,54263
22057,Louisiana,Lafourche Parish,2010,23666
22059,Louisiana,La Salle Parish,2010,3524
22061,Louisiana,Lincoln Parish,2010,9605
22063,Louisiana,Livingston Parish,2010,35330
22065,Louisiana,Madison Parish,2010,3022
22067,Louisiana,Morehouse Parish,2010,6918
22069,Louisiana,Natchitoches Parish,2010,9600
22071,Louisiana,Orleans Parish,2010,73215
22073,Louisiana,Ouachita Parish,2010,40373
22075,Louisiana,Plaquemines Parish,2010,6329
22077,Louisiana,Pointe Coupee Parish,2010,5475
22079,Louisiana,Rapides Parish,2010,34014
22081,Louisiana,Red River Parish,2010,2313
22083,Louisiana,Richland Parish,2010,5285
22085,Louisiana,Sabine Parish,2010,5922
22087,Louisiana,St. Bernard Parish,2010,9177
22089,Louisiana,St. Charles Parish,2010,14208
22091,Louisiana,St. Helena Parish,2010,2763
22093,Louisiana,St. James Parish,2010,5701
22095,Louisiana,St. John the Baptist Parish,2010,12356
22097,Louisiana,St. Landry Parish,2010,22680
22099,Louisiana,St. Martin Parish,2010,13771
22101,Louisiana,St. Mary Parish,2010,13904
22103,Louisiana,St. Tammany Parish,2010,60136
22105,Louisiana,Tangipahoa Parish,2010,30420
22107,Louisiana,Tensas Parish,2010,1329
22109,Louisiana,Terrebonne Parish,2010,29123
22111,Louisiana,Union Parish,2010,5228
22113,Louisiana,Vermilion Parish,2010,15477
22115,Louisiana,Vernon Parish,2010,14512
22117,Louisiana,Washington Parish,2010,11863
22119,Louisiana,Webster Parish,2010,9710
22121,Louisiana,West Baton Rouge Parish,2010,5927
22123,Louisiana,West Carroll Parish,2010,2858
22125,Louisiana,West Feliciana Parish,2010,2718
22127,Louisiana,Winn Parish,2010,3442
23001,Maine,Androscoggin County,2010,24308
23003,Maine,Aroostook County,2010,14384
23005,Maine,Cumberland County,2010,58894
23007,Maine,Franklin County,2010,6047
23009,Maine,Hancock County,2010,9977
23011,Maine,Kennebec County,2010,25308
23013,Maine,Knox County,2010,7710
23015,Maine,Lincoln County,2010,6468
23017,Maine,Oxford County,2010,12317
23019,Maine,Penobscot County,2010,30355
23021,Maine,Piscataquis County,2010,3365
23023,Maine,Sagadahoc County,2010,7422
23025,Maine,Somerset County,2010,11176
23027,Maine,Waldo County,2010,8147
23029,Maine,Washington County,2010,6564
23031,Maine,York County,2010,42091
24001,Maryland,Allegany County,2010,13519
24003,Maryland,Anne Arundel County,2010,125061
24005,Maryland,Baltimore County,2010,176750
24009,Maryland,Calvert County,2010,23231
24011,Maryland,Caroline County,2010,8347
24013,Maryland,Carroll County,2010,41237
24015,Maryland,Cecil County,2010,25355
24017,Maryland,Charles County,2010,38884
24019,Maryland,Dorchester County,2010,7068
24021,Maryland,Frederick County,2010,59044
24023,Maryland,Garrett County,2010,6660
24025,Maryland,Harford County,2010,60410
24027,Maryland,Howard County,2010,74664
24029,Maryland,Kent County,2010,3548
24031,Maryland,Montgomery County,2010,233530
24033,Maryland,Prince George's County,2010,205999
24035,Maryland,Queen Anne's County,2010,11374
24037,Maryland,St. Mary's County,2010,27586
24039,Maryland,Somerset County,2010,4465
24041,Maryland,Talbot County,2010,7375
24043,Maryland,Washington County,2010,33779
24045,Maryland,Wicomico County,2010,22095
24047,Maryland,Worcester County,2010,9423
24510,Maryland,Baltimore City,2010,133560
25001,Massachusetts,Barnstable County,2010,37249
25003,Massachusetts,Berkshire County,2010,25624
25005,Massachusetts,Bristol County,2010,122409
25007,Massachusetts,Dukes County,2010,3173
25009,Massachusetts,Essex County,2010,172089
25011,Massachusetts,Franklin County,2010,14068
25013,Massachusetts,Hampden County,2010,109885
25015,Massachusetts,Hampshire County,2010,26766
25017,Massachusetts,Middlesex County,2010,320439
25019,Massachusetts,Nantucket County,2010,2108
25021,Massachusetts,Norfolk County,2010,152132
25023,Massachusetts,Plymouth County,2010,119475
25025,Massachusetts,Suffolk County,2010,126275
25027,Massachusetts,Worcester County,2010,187231
26001,Michigan,Alcona County,2010,1593
26003,Michigan,Alger County,2010,1645
26005,Michigan,Allegan County,2010,29224
26007,Michigan,Alpena County,2010,6189
26009,Michigan,Antrim County,2010,4964
26011,Michigan,Arenac County,2010,3195
26013,Michigan,Baraga County,2010,1794
26015,Michigan,Barry County,2010,14458
26017,Michigan,Bay County,2010,23952
26019,Michigan,Benzie County,2010,3678
26021,Michigan,Berrien County,2010,36672
26023,Michigan,Branch County,2010,10836
26025,Michigan,Calhoun County,2010,33009
26027,Michigan,Cass County,2010,12258
26029,Michigan,Charlevoix County,2010,5716
26031,Michigan,Cheboygan County,2010,5346
26033,Michigan,Chippewa County,2010,7751
26035,Michigan,Clare County,2010,6467
26037,Michigan,Clinton County,2010,18612
26039,Michigan,Crawford County,2010,2795
26041,Michigan,Delta County,2010,7738
26043,Michigan,Dickinson County,2010,5609
26045,Michigan,Eaton County,2010,25101
26047,Michigan,Emmet County,2010,7389
26049,Michigan,Genesee County,2010,106579
26051,Michigan,Gladwin County,2010,5158
26053,Michigan,Gogebic County,2010,2777
26055,Michigan,Grand Traverse County,2010,19195
26057,Michigan,Gratiot County,2010,9117
26059,Michigan,Hillsdale County,2010,11091
26061,Michigan,Houghton County,2010,7562
26063,Michigan,Huron County,2010,6842
26065,Michigan,Ingham County,2010,58599
26067,Michigan,Ionia County,2010,15675
26069,Michigan,Iosco County,2010,4554
26071,Michigan,Iron County,2010,2021
26073,Michigan,Isabella County,2010,12634
26075,Michigan,Jackson County,2010,37195
26077,Michigan,Kalamazoo County,2010,56926
26079,Michigan,Kalkaska County,2010,3893
26081,Michigan,Kent County,2010,158134
26083,Michigan,Keweenaw County,2010,385
26085,Michigan,Lake County,2010,2065
26087,Michigan,Lapeer County,2010,21354
26089,Michigan,Leelanau County,2010,4240
26091,Michigan,Lenawee County,2010,23128
26093,Michigan,Livingston County,2010,46237
26095,Michigan,Luce County,2010,1186
26097,Michigan,Mackinac County,2010,2074
26099,Michigan,Macomb County,2010,193655
26101,Michigan,Manistee County,2010,4716
26103,Michigan,Marquette County,2010,12530
26105,Michigan,Mason County,2010,6240
26107,Michigan,Mecosta County,2010,8546
26109,Michigan,Menominee County,2010,5042
26111,Michigan,Midland County,2010,19855
26113,Michigan,Missaukee County,2010,3596
26115,Michigan,Monroe County,2010,36677
26117,Michigan,Montcalm County,2010,15291
26119,Michigan,Montmorency County,2010,1642
26121,Michigan,Muskegon County,2010,42787
26123,Michigan,Newaygo County,2010,12097
26125,Michigan,Oakland County,2010,282105
26127,Michigan,Oceana County,2010,6606
26129,Michigan,Ogemaw County,2010,4419
26131,Michigan,Ontonagon County,2010,1073
26133,Michigan,Osceola County,2010,5823
26135,Michigan,Oscoda County,2010,1743
26137,Michigan,Otsego County,2010,5535
26139,Michigan,Ottawa County,2010,68737
26141,Michigan,Presque Isle County,2010,2337
26143,Michigan,Roscommon County,2010,3926
26145,Michigan,Saginaw County,2010,46841
26147,Michigan,St. Clair County,2010,38613
26149,Michigan,St. Joseph County,2010,15875
26151,Michigan,Sanilac County,2010,10188
26153,Michigan,Schoolcraft County,2010,1687
26155,Michigan,Shiawassee County,2010,17059
26157,Michigan,Tuscola County,2010,13091
26159,Michigan,Van Buren County,2010,19408
26161,Michigan,Washtenaw County,2010,71953
26163,Michigan,Wayne County,2010,461795
26165,Michigan,Wexford County,2010,7968
27001,Minnesota,Aitkin County,2010,2918
27003,Minnesota,Anoka County,2010,86031
27005,Minnesota,Becker County,2010,7999
27007,Minnesota,Beltrami County,2010,11108
27009,Minnesota,Benton County,2010,9500
27011,Minnesota,Big Stone County,2010,1105
27013,Minnesota,Blue Earth County,2010,12381
27015,Minnesota,Brown County,2010,5698
27017,Minnesota,Carlton County,2010,8364
27019,Minnesota,Carver County,2010,27205
27021,Minnesota,Cass County,2010,6203
27023,Minnesota,Chippewa County,2010,2914
27025,Minnesota,Chisago County,2010,13847
27027,Minnesota,Clay County,2010,13744
27029,Minnesota,Clearwater County,2010,2170
27031,Minnesota,Cook County,2010,871
27033,Minnesota,Cottonwood County,2010,2791
27035,Minnesota,Crow Wing County,2010,14372
27037,Minnesota,Dakota County,2010,105060
27039,Minnesota,Dodge County,2010,5824
27041,Minnesota,Douglas County,2010,7876
27043,Minnesota,Faribault County,2010,3199
27045,Minnesota,Fillmore County,2010,5065
27047,Minnesota,Freeborn County,2010,6872
27049,Minnesota,Goodhue County,2010,10950
27051,Minnesota,Grant County,2010,1287
27053,Minnesota,Hennepin County,2010,261345
27055,Minnesota,Houston County,2010,4403
27057,Minnesota,Hubbard County,2010,4464
27059,Minnesota,Isanti County,2010,9805
27061,Minnesota,Itasca County,2010,9836
27063,Minnesota,Jackson County,2010,2320
27065,Minnesota,Kanabec County,2010,3896
27067,Minnesota,Kandiyohi County,2010,10157
27069,Minnesota,Kittson County,2010,984
27071,Minnesota,Koochiching County,2010,2782
27073,Minnesota,Lac qui Parle County,2010,1534
27075,Minnesota,Lake County,2010,2067
27077,Minnesota,Lake of the Woods County,2010,814
27079,Minnesota,Le Sueur County,2010,7052
27081,Minnesota,Lincoln County,2010,1316
27083,Minnesota,Lyon County,2010,6265
27085,Minnesota,McLeod County,2010,9265
27087,Minnesota,Mahnomen County,2010,1586
27089,Minnesota,Marshall County,2010,2226
27091,Minnesota,Martin County,2010,4632
27093,Minnesota,Meeker County,2010,5920
27095,Minnesota,Mille Lacs County,2010,6615
27097,Minnesota,Morrison County,2010,8165
27099,Minnesota,Mower County,2010,9883
27101,Minnesota,Murray County,2010,1934
27103,Minnesota,Nicollet County,2010,7383
27105,Minnesota,Nobles County,2010,5483
27107,Minnesota,Norman County,2010,1666
27109,Minnesota,Olmsted County,2010,36440
27111,Minnesota,Otter Tail County,2010,12457
27113,Minnesota,Pennington County,2010,3311
27115,Minnesota,Pine County,2010,6599
27117,Minnesota,Pipestone County,2010,2391
27119,Minnesota,Polk County,2010,7521
27121,Minnesota,Pope County,2010,2337
27123,Minnesota,Ramsey County,2010,118493
27125,Minnesota,Red Lake County,2010,1007
27127,Minnesota,Redwood County,2010,4017
27129,Minnesota,Renville County,2010,3656
27131,Minnesota,Rice County,2010,15163
27133,Minnesota,Rock County,2010,2503
27135,Minnesota,Roseau County,2010,4104
27137,Minnesota,St. Louis County,2010,39559
27139,Minnesota,Scott County,2010,39228
27141,Minnesota,Sherburne County,2010,25777
27143,Minnesota,Sibley County,2010,3903
27145,Minnesota,Stearns County,2010,34900
27147,Minnesota,Steele County,2010,9650
27149,Minnesota,Stevens County,2010,2037
27151,Minnesota,Swift County,2010,2183
27153,Minnesota,Todd County,2010,6210
27155,Minnesota,Traverse County,2010,778
27157,Minnesota,Wabasha County,2010,5053
27159,Minnesota,Wadena County,2010,3326
27161,Minnesota,Waseca County,2010,4523
27163,Minnesota,Washington County,2010,63598
27165,Minnesota,Watonwan County,2010,2808
27167,Minnesota,Wilkin County,2010,1574
27169,Minnesota,Winona County,2010,9969
27171,Minnesota,Wright County,2010,37361
27173,Minnesota,Yellow Medicine County,2010,2475
28001,Mississippi,Adams County,2010,7195
28003,Mississippi,Alcorn County,2010,9021
28005,Mississippi,Amite County,2010,2955
28007,Mississippi,Attala County,2010,5086
28009,Mississippi,Benton County,2010,2157
28011,Mississippi,Bolivar County,2010,8643
28013,Mississippi,Calhoun County,2010,3739
28015,Mississippi,Carroll County,2010,2283
28017,Mississippi,Chickasaw County,2010,4572
28019,Mississippi,Choctaw County,2010,2077
28021,Mississippi,Claiborne County,2010,2269
28023,Mississippi,Clarke County,2010,4128
28025,Mississippi,Clay County,2010,5302
28027,Mississippi,Coahoma County,2010,7664
28029,Mississippi,Copiah County,2010,7384
28031,Mississippi,Covington County,2010,5087
28033,Mississippi,DeSoto County,2010,45625
28035,Mississippi,Forrest County,2010,17703
28037,Mississippi,Franklin County,2010,2043
28039,Mississippi,George County,2010,6060
28041,Mississippi,Greene County,2010,3156
28043,Mississippi,Grenada County,2010,5391
28045,Mississippi,Hancock County,2010,10498
28047,Mississippi,Harrison County,2010,45853
28049,Mississippi,Hinds County,2010,65043
28051,Mississippi,Holmes County,2010,5577
28053,Mississippi,Humphreys County,2010,2702
28055,Mississippi,Issaquena County,2010,281
28057,Mississippi,Itawamba County,2010,5400
28059,Mississippi,Jackson County,2010,35600
28061,Mississippi,Jasper County,2010,4123
28063,Mississippi,Jefferson County,2010,1825
28065,Mississippi,Jefferson Davis County,2010,2948
28067,Mississippi,Jones County,2010,17348
28069,Mississippi,Kemper County,2010,2441
28071,Mississippi,Lafayette County,2010,8760
28073,Mississippi,Lamar County,2010,14608
28075,Mississippi,Lauderdale County,2010,20080
28077,Mississippi,Lawrence County,2010,3266
28079,Mississippi,Leake County,2010,7362
28081,Mississippi,Lee County,2010,22106
28083,Mississippi,Leflore County,2010,8751
28085,Mississippi,Lincoln County,2010,9103
28087,Mississippi,Lowndes County,2010,15055
28089,Mississippi,Madison County,2010,25648
28091,Mississippi,Marion County,2010,6932
28093,Mississippi,Marshall County,2010,8703
28095,Mississippi,Monroe County,2010,9082
28097,Mississippi,Montgomery County,2010,2670
28099,Mississippi,Neshoba County,2010,8515
28101,Mississippi,Newton County,2010,5653
28103,Mississippi,Noxubee County,2010,3129
28105,Mississippi,Oktibbeha County,2010,8706
28107,Mississippi,Panola County,2010,9344
28109,Mississippi,Pearl River County,2010,13732
28111,Mississippi,Perry County,2010,3114
28113,Mississippi,Pike County,2010,10971
28115,Mississippi,Pontotoc County,2010,8080
28117,Mississippi,Prentiss County,2010,5885
28119,Mississippi,Quitman County,2010,2153
28121,Mississippi,Rankin County,2010,35534
28123,Mississippi,Scott County,2010,7634
28125,Mississippi,Sharkey County,2010,1256
28127,Mississippi,Simpson County,2010,7251
28129,Mississippi,Smith County,2010,4261
28131,Mississippi,Stone County,2010,4331
28133,Mississippi,Sunflower County,2010,7147
28135,Mississippi,Tallahatchie County,2010,3485
28137,Mississippi,Tate County,2010,7459
28139,Mississippi,Tippah County,2010,5643
28141,Mississippi,Tishomingo County,2010,4538
28143,Mississippi,Tunica County,2010,3217
28145,Mississippi,Union County,2010,6990
28147,Mississippi,Walthall County,2010,4075
28149,Mississippi,Warren County,2010,12638
28151,Mississippi,Washington County,2010,14337
28153,Mississippi,Wayne County,2010,5434
28155,Mississippi,Webster County,2010,2579
28157,Mississippi,Wilkinson County,2010,2271
28159,Mississippi,Winston County,2010,4789
28161,Mississippi,Yalobusha County,2010,3022
28163,Mississippi,Yazoo County,2010,7077
29001,Missouri,Adair County,2010,4972
29003,Missouri,Andrew County,2010,4164
29005,Missouri,Atchison County,2010,1182
29007,Missouri,Audrain County,2010,6369
29009,Missouri,Barry County,2010,8640
29011,Missouri,Barton County,2010,3214
29013,Missouri,Bates County,2010,4254
29015,Missouri,Benton County,2010,3437
29017,Missouri,Bollinger County,2010,2917
29019,Missouri,Boone County,2010,34251
29021,Missouri,Buchanan County,2010,20963
29023,Missouri,Butler County,2010,9971
29025,Missouri,Caldwell County,2010,2404
29027,Missouri,Callaway County,2010,10003
29029,Missouri,Camden County,2010,8390
29031,Missouri,Cape Girardeau County,2010,16599
29033,Missouri,Carroll County,2010,2192
29035,Missouri,Carter County,2010,1515
29037,Missouri,Cass County,2010,26385
29039,Missouri,Cedar County,2010,3308
29041,Missouri,Chariton County,2010,1769
29043,Missouri,Christian County,2010,21186
29045,Missouri,Clark County,2010,1717
29047,Missouri,Clay County,2010,57267
29049,Missouri,Clinton County,2010,5094
29051,Missouri,Cole County,2010,17937
29053,Missouri,Cooper County,2010,3979
29055,Missouri,Crawford County,2010,6001
29057,Missouri,Dade County,2010,1785
29059,Missouri,Dallas County,2010,4169
29061,Missouri,Daviess County,2010,2252
29063,Missouri,DeKalb County,2010,2310
29065,Missouri,Dent County,2010,3652
29067,Missouri,Douglas County,2010,3061
29069,Missouri,Dunklin County,2010,8084
29071,Missouri,Franklin County,2010,25104
29073,Missouri,Gasconade County,2010,3364
29075,Missouri,Gentry County,2010,1654
29077,Missouri,Greene County,2010,58373
29079,Missouri,Grundy County,2010,2467
29081,Missouri,Harrison County,2010,2221
29083,Missouri,Henry County,2010,4956
29085,Missouri,Hickory County,2010,1665
29087,Missouri,Holt County,2010,971
29089,Missouri,Howard County,2010,2178
29091,Missouri,Howell County,2010,10064
29093,Missouri,Iron County,2010,2403
29095,Missouri,Jackson County,2010,165635
29097,Missouri,Jasper County,2010,30279
29099,Missouri,Jefferson County,2010,54988
29101,Missouri,Johnson County,2010,12043
29103,Missouri,Knox County,2010,1032
29105,Missouri,Laclede County,2010,8907
29107,Missouri,Lafayette County,2010,8187
29109,Missouri,Lawrence County,2010,10175
29111,Missouri,Lewis County,2010,2395
29113,Missouri,Lincoln County,2010,14726
29115,Missouri,Linn County,2010,3156
29117,Missouri,Livingston County,2010,3329
29119,Missouri,McDonald County,2010,6475
29121,Missouri,Macon County,2010,3779
29123,Missouri,Madison County,2010,2931
29125,Missouri,Maries County,2010,2154
29127,Missouri,Marion County,2010,6888
29129,Missouri,Mercer County,2010,963
29131,Missouri,Miller County,2010,6144
29133,Missouri,Mississippi County,2010,3188
29135,Missouri,Moniteau County,2010,3926
29137,Missouri,Monroe County,2010,2061
29139,Missouri,Montgomery County,2010,2853
29141,Missouri,Morgan County,2010,4534
29143,Missouri,New Madrid County,2010,4514
29145,Missouri,Newton County,2010,14762
29147,Missouri,Nodaway County,2010,4263
29149,Missouri,Oregon County,2010,2426
29151,Missouri,Osage County,2010,3433
29153,Missouri,Ozark County,2010,1949
29155,Missouri,Pemiscot County,2010,5034
29157,Missouri,Perry County,2010,4762
29159,Missouri,Pettis County,2010,10784
29161,Missouri,Phelps County,2010,9792
29163,Missouri,Pike County,2010,4107
29165,Missouri,Platte County,2010,21996
29167,Missouri,Polk County,2010,7666
29169,Missouri,Pulaski County,2010,12537
29171,Missouri,Putnam County,2010,1160
29173,Missouri,Ralls County,2010,2378
29175,Missouri,Randolph County,2010,5879
29177,Missouri,Ray County,2010,5867
29179,Missouri,Reynolds County,2010,1532
29181,Missouri,Ripley County,2010,3307
29183,Missouri,St. Charles County,2010,92860
29185,Missouri,St. Clair County,2010,1960
29186,Missouri,Ste. Genevieve County,2010,4221
29187,Missouri,St. Francois County,2010,14408
29189,Missouri,St. Louis County,2010,234174
29195,Missouri,Saline County,2010,5396
29197,Missouri,Schuyler County,2010,1140
29199,Missouri,Scotland County,2010,1362
29201,Missouri,Scott County,2010,9850
29203,Missouri,Shannon County,2010,1971
29205,Missouri,Shelby County,2010,1597
29207,Missouri,Stoddard County,2010,6831
29209,Missouri,Stone County,2010,6032
29211,Missouri,Sullivan County,2010,1625
29213,Missouri,Taney County,2010,11427
29215,Missouri,Texas County,2010,5721
29217,Missouri,Vernon County,2010,5263
29219,Missouri,Warren County,2010,8126
29221,Missouri,Washington County,2010,6063
29223,Missouri,Wayne County,2010,2806
29225,Missouri,Webster County,2010,10039
29227,Missouri,Worth County,2010,444
29229,Missouri,Wright County,2010,4872
29510,Missouri,St. Louis city,2010,67539
30001,Montana,Beaverhead County,2010,1860
30003,Montana,Big Horn County,2010,4268
30005,Montana,Blaine County,2010,1949
30007,Montana,Broadwater County,2010,1262
30009,Montana,Carbon County,2010,1986
30011,Montana,Carter County,2010,203
30013,Montana,Cascade County,2010,18630
30015,Montana,Chouteau County,2010,1551
30017,Montana,Custer County,2010,2657
30019,Montana,Daniels County,2010,368
30021,Montana,Dawson County,2010,1869
30023,Montana,Deer Lodge County,2010,1758
30025,Montana,Fallon County,2010,679
30027,Montana,Fergus County,2010,2340
30029,Montana,Flathead County,2010,21254
30031,Montana,Gallatin County,2010,18733
30033,Montana,Garfield County,2010,279
30035,Montana,Glacier County,2010,4236
30037,Montana,Golden Valley County,2010,192
30039,Montana,Granite County,2010,524
30041,Montana,Hill County,2010,4310
30043,Montana,Jefferson County,2010,2631
30045,Montana,Judith Basin County,2010,427
30047,Montana,Lake County,2010,7281
30049,Montana,Lewis and Clark County,2010,14376
30051,Montana,Liberty County,2010,514
30053,Montana,Lincoln County,2010,3896
30055,Montana,McCone County,2010,363
30057,Montana,Madison County,2010,1364
30059,Montana,Meagher County,2010,365
30061,Montana,Mineral County,2010,758
30063,Montana,Missoula County,2010,21828
30065,Montana,Musselshell County,2010,934
30067,Montana,Park County,2010,3086
30069,Montana,Petroleum County,2010,113
30071,Montana,Phillips County,2010,984
30073,Montana,Pondera County,2010,1536
30075,Montana,Powder River County,2010,363
30077,Montana,Powell County,2010,1219
30079,Montana,Prairie County,2010,209
30081,Montana,Ravalli County,2010,8824
30083,Montana,Richland County,2010,2283
30085,Montana,Roosevelt County,2010,3311
30087,Montana,Rosebud County,2010,2732
30089,Montana,Sanders County,2010,2354
30091,Montana,Sheridan County,2010,658
30093,Montana,Silver Bow County,2010,7184
30095,Montana,Stillwater County,2010,2094
30097,Montana,Sweet Grass County,2010,840
30099,Montana,Teton County,2010,1414
30101,Montana,Toole County,2010,1103
30103,Montana,Treasure County,2010,134
30105,Montana,Valley County,2010,1707
30107,Montana,Wheatland County,2010,513
30109,Montana,Wibaux County,2010,217
30111,Montana,Yellowstone County,2010,35040
31001,Nebraska,Adams County,2010,7517
31003,Nebraska,Antelope County,2010,1574
31005,Nebraska,Arthur County,2010,125
31007,Nebraska,Banner County,2010,154
31009,Nebraska,Blaine County,2010,117
31011,Nebraska,Boone County,2010,1304
31013,Nebraska,Box Butte County,2010,2849
31015,Nebraska,Boyd County,2010,451
31017,Nebraska,Brown County,2010,681
31019,Nebraska,Buffalo County,2010,11069
31021,Nebraska,Burt County,2010,1544
31023,Nebraska,Butler County,2010,2080
31025,Nebraska,Cass County,2010,6393
31027,Nebraska,Cedar County,2010,2250
31029,Nebraska,Chase County,2010,944
31031,Nebraska,Cherry County,2010,1265
31033,Nebraska,Cheyenne County,2010,2394
31035,Nebraska,Clay County,2010,1650
31037,Nebraska,Colfax County,2010,3063
31039,Nebraska,Cuming County,2010,2282
31041,Nebraska,Custer County,2010,2586
31043,Nebraska,Dakota County,2010,6318
31045,Nebraska,Dawes County,2010,1766
31047,Nebraska,Dawson County,2010,6949
31049,Nebraska,Deuel County,2010,408
31051,Nebraska,Dixon County,2010,1537
31053,Nebraska,Dodge County,2010,8768
31055,Nebraska,Douglas County,2010,134719
31057,Nebraska,Dundy County,2010,446
31059,Nebraska,Fillmore County,2010,1404
31061,Nebraska,Franklin County,2010,696
31063,Nebraska,Frontier County,2010,594
31065,Nebraska,Furnas County,2010,1156
31067,Nebraska,Gage County,2010,5125
31069,Nebraska,Garden County,2010,382
31071,Nebraska,Garfield County,2010,431
31073,Nebraska,Gosper County,2010,458
31075,Nebraska,Grant County,2010,115
31077,Nebraska,Greeley County,2010,597
31079,Nebraska,Hall County,2010,15977
31081,Nebraska,Hamilton County,2010,2339
31083,Nebraska,Harlan County,2010,737
31085,Nebraska,Hayes County,2010,223
31087,Nebraska,Hitchcock County,2010,621
31089,Nebraska,Holt County,2010,2449
31091,Nebraska,Hooker County,2010,157
31093,Nebraska,Howard County,2010,1543
31095,Nebraska,Jefferson County,2010,1608
31097,Nebraska,Johnson County,2010,987
31099,Nebraska,Kearney County,2010,1572
31101,Nebraska,Keith County,2010,1805
31103,Nebraska,Keya Paha County,2010,179
31105,Nebraska,Kimball County,2010,857
31107,Nebraska,Knox County,2010,2096
31109,Nebraska,Lancaster County,2010,65901
31111,Nebraska,Lincoln County,2010,9085
31113,Nebraska,Logan County,2010,192
31115,Nebraska,Loup County,2010,141
31117,Nebraska,McPherson County,2010,151
31119,Nebraska,Madison County,2010,8727
31121,Nebraska,Merrick County,2010,1945
31123,Nebraska,Morrill County,2010,1210
31125,Nebraska,Nance County,2010,876
31127,Nebraska,Nemaha County,2010,1566
31129,Nebraska,Nuckolls County,2010,956
31131,Nebraska,Otoe County,2010,3790
31133,Nebraska,Pawnee County,2010,611
31135,Nebraska,Perkins County,2010,735
31137,Nebraska,Phelps County,2010,2258
31139,Nebraska,Pierce County,2010,1885
31141,Nebraska,Platte County,2010,8514
31143,Nebraska,Polk County,2010,1318
31145,Nebraska,Red Willow County,2010,2538
31147,Nebraska,Richardson County,2010,1797
31149,Nebraska,Rock County,2010,309
31151,Nebraska,Saline County,2010,3471
31153,Nebraska,Sarpy County,2010,45722
31155,Nebraska,Saunders County,2010,5374
31157,Nebraska,Scotts Bluff County,2010,9152
31159,Nebraska,Seward County,2010,3962
31161,Nebraska,Sheridan County,2010,1293
31163,Nebraska,Sherman County,2010,707
31165,Nebraska,Sioux County,2010,293
31167,Nebraska,Stanton County,2010,1684
31169,Nebraska,Thayer County,2010,1117
31171,Nebraska,Thomas County,2010,148
31173,Nebraska,Thurston County,2010,2467
31175,Nebraska,Valley County,2010,941
31177,Nebraska,Washington County,2010,5092
31179,Nebraska,Wayne County,2010,1862
31181,Nebraska,Webster County,2010,861
31183,Nebraska,Wheeler County,2010,201
31185,Nebraska,York County,2010,3058
32001,Nevada,Churchill County,2010,6274
32003,Nevada,Clark County,2010,488618
32005,Nevada,Douglas County,2010,9485
32007,Nevada,Elko County,2010,14230
32009,Nevada,Esmeralda County,2010,132
32011,Nevada,Eureka County,2010,481
32013,Nevada,Humboldt County,2010,4524
32015,Nevada,Lander County,2010,1594
32017,Nevada,Lincoln County,2010,1437
32019,Nevada,Lyon County,2010,12928
32021,Nevada,Mineral County,2010,874
32023,Nevada,Nye County,2010,9088
32027,Nevada,Pershing County,2010,1322
32029,Nevada,Storey County,2010,701
32031,Nevada,Washoe County,2010,99332
32033,Nevada,White Pine County,2010,2173
32510,Nevada,Carson City,2010,11815
33001,New Hampshire,Belknap County,2010,12481
33003,New Hampshire,Carroll County,2010,8917
33005,New Hampshire,Cheshire County,2010,15112
33007,New Hampshire,Coos County,2010,6252
33009,New Hampshire,Grafton County,2010,16384
33011,New Hampshire,Hillsborough County,2010,94082
33013,New Hampshire,Merrimack County,2010,31946
33015,New Hampshire,Rockingham County,2010,67438
33017,New Hampshire,Strafford County,2010,25420
33019,New Hampshire,Sullivan County,2010,9202
34001,New Jersey,Atlantic County,2010,63888
34003,New Jersey,Bergen County,2010,204405
34005,New Jersey,Burlington County,2010,104243
34007,New Jersey,Camden County,2010,125117
34009,New Jersey,Cape May County,2010,18349
34011,New Jersey,Cumberland County,2010,37705
34013,New Jersey,Essex County,2010,194918
34015,New Jersey,Gloucester County,2010,70261
34017,New Jersey,Hudson County,2010,131162
34019,New Jersey,Hunterdon County,2010,30217
34021,New Jersey,Mercer County,2010,82982
34023,New Jersey,Middlesex County,2010,185457
34025,New Jersey,Monmouth County,2010,150299
34027,New Jersey,Morris County,2010,117695
34029,New Jersey,Ocean County,2010,134919
34031,New Jersey,Passaic County,2010,124613
34033,New Jersey,Salem County,2010,15510
34035,New Jersey,Somerset County,2010,80835
34037,New Jersey,Sussex County,2010,35773
34039,New Jersey,Union County,2010,131258
34041,New Jersey,Warren County,2010,25608
35001,New Mexico,Bernalillo County,2010,159130
35003,New Mexico,Catron County,2010,590
35005,New Mexico,Chaves County,2010,18383
35006,New Mexico,Cibola County,2010,6834
35007,New Mexico,Colfax County,2010,2839
35009,New Mexico,Curry County,2010,13717
35011,New Mexico,De Baca County,2010,451
35013,New Mexico,Dona Ana County,2010,55858
35015,New Mexico,Eddy County,2010,14035
35017,New Mexico,Grant County,2010,6473
35019,New Mexico,Guadalupe County,2010,1021
35021,New Mexico,Harding County,2010,92
35023,New Mexico,Hidalgo County,2010,1262
35025,New Mexico,Lea County,2010,19028
35027,New Mexico,Lincoln County,2010,3888
35028,New Mexico,Los Alamos County,2010,4348
35029,New Mexico,Luna County,2010,6645
35031,New Mexico,McKinley County,2010,22373
35033,New Mexico,Mora County,2010,1042
35035,New Mexico,Otero County,2010,15961
35037,New Mexico,Quay County,2010,1968
35039,New Mexico,Rio Arriba County,2010,9913
35041,New Mexico,Roosevelt County,2010,5270
35043,New Mexico,Sandoval County,2010,35159
35045,New Mexico,San Juan County,2010,37651
35047,New Mexico,San Miguel County,2010,6462
35049,New Mexico,Santa Fe County,2010,30236
35051,New Mexico,Sierra County,2010,1928
35053,New Mexico,Socorro County,2010,4270
35055,New Mexico,Taos County,2010,6782
35057,New Mexico,Torrance County,2010,3951
35059,New Mexico,Union County,2010,930
35061,New Mexico,Valencia County,2010,20182
36001,New York,Albany County,2010,60631
36003,New York,Allegany County,2010,10576
36005,New York,Bronx County,2010,368196
36007,New York,Broome County,2010,40559
36009,New York,Cattaraugus County,2010,18801
36011,New York,Cayuga County,2010,17298
36013,New York,Chautauqua County,2010,29446
36015,New York,Chemung County,2010,19880
36017,New York,Chenango County,2010,11479
36019,New York,Clinton County,2010,15890
36021,New York,Columbia County,2010,12807
36023,New York,Cortland County,2010,10411
36025,New York,Delaware County,2010,9405
36027,New York,Dutchess County,2010,65969
36029,New York,Erie County,2010,198944
36031,New York,Essex County,2010,7586
36033,New York,Franklin County,2010,10720
36035,New York,Fulton County,2010,12326
36037,New York,Genesee County,2010,13259
36039,New York,Greene County,2010,9482
36041,New York,Hamilton County,2010,795
36043,New York,Herkimer County,2010,14298
36045,New York,Jefferson County,2010,29633
36047,New York,Kings County,2010,594378
36049,New York,Lewis County,2010,6703
36051,New York,Livingston County,2010,13217
36053,New York,Madison County,2010,16005
36055,New York,Monroe County,2010,168699
36057,New York,Montgomery County,2010,11801
36059,New York,Nassau County,2010,311580
36061,New York,New York County,2010,234435
36063,New York,Niagara County,2010,46490
36065,New York,Oneida County,2010,51377
36067,New York,Onondaga County,2010,107255
36069,New York,Ontario County,2010,24300
36071,New York,Orange County,2010,101529
36073,New York,Orleans County,2010,9540
36075,New York,Oswego County,2010,28223
36077,New York,Otsego County,2010,11618
36079,New York,Putnam County,2010,23650
36081,New York,Queens County,2010,461901
36083,New York,Rensselaer County,2010,33969
36085,New York,Richmond County,2010,109201
36087,New York,Rockland County,2010,87580
36089,New York,St. Lawrence County,2010,23805
36091,New York,Saratoga County,2010,49856
36093,New York,Schenectady County,2010,35509
36095,New York,Schoharie County,2010,6532
36097,New York,Schuyler County,2010,3890
36099,New York,Seneca County,2010,7519
36101,New York,Steuben County,2010,23198
36103,New York,Suffolk County,2010,357670
36105,New York,Sullivan County,2010,17576
36107,New York,Tioga County,2010,11977
36109,New York,Tompkins County,2010,16659
36111,New York,Ulster County,2010,36816
36113,New York,Warren County,2010,13545
36115,New York,Washington County,2010,13317
36117,New York,Wayne County,2010,22299
36119,New York,Westchester County,2010,228000
36121,New York,Wyoming County,2010,8704
36123,New York,Yates County,2010,6215
37001,North Carolina,Alamance County,2010,35443
37003,North Carolina,Alexander County,2010,8453
37005,North Carolina,Alleghany County,2010,2235
37007,North Carolina,Anson County,2010,5966
37009,North Carolina,Ashe County,2010,5301
37011,North Carolina,Avery County,2010,3059
37013,North Carolina,Beaufort County,2010,10527
37015,North Carolina,Bertie County,2010,4436
37017,North Carolina,Bladen County,2010,8117
37019,North Carolina,Brunswick County,2010,20161
37021,North Carolina,Buncombe County,2010,48840
37023,North Carolina,Burke County,2010,20188
37025,North Carolina,Cabarrus County,2010,48781
37027,North Carolina,Caldwell County,2010,18786
37029,North Carolina,Camden County,2010,2557
37031,North Carolina,Carteret County,2010,12575
37033,North Carolina,Caswell County,2010,4889
37035,North Carolina,Catawba County,2010,36795
37037,North Carolina,Chatham County,2010,13841
37039,North Carolina,Cherokee County,2010,5287
37041,North Carolina,Chowan County,2010,3317
37043,North Carolina,Clay County,2010,1983
37045,North Carolina,Cleveland County,2010,22998
37047,North Carolina,Columbus County,2010,13532
37049,North Carolina,Craven County,2010,24203
37051,North Carolina,Cumberland County,2010,85541
37053,North Carolina,Currituck County,2010,5591
37055,North Carolina,Dare County,2010,6792
37057,North Carolina,Davidson County,2010,38872
37059,North Carolina,Davie County,2010,9751
37061,North Carolina,Duplin County,2010,14870
37063,North Carolina,Durham County,2010,60321
37065,North Carolina,Edgecombe County,2010,13879
37067,North Carolina,Forsyth County,2010,85401
37069,North Carolina,Franklin County,2010,14862
37071,North Carolina,Gaston County,2010,49241
37073,North Carolina,Gates County,2010,2903
37075,North Carolina,Graham County,2010,1913
37077,North Carolina,Granville County,2010,13333
37079,North Carolina,Greene County,2010,4952
37081,North Carolina,Guilford County,2010,114483
37083,North Carolina,Halifax County,2010,12618
37085,North Carolina,Harnett County,2010,31827
37087,North Carolina,Haywood County,2010,11535
37089,North Carolina,Henderson County,2010,21959
37091,North Carolina,Hertford County,2010,5197
37093,North Carolina,Hoke County,2010,14185
37095,North Carolina,Hyde County,2010,1076
37097,North Carolina,Iredell County,2010,40585
37099,North Carolina,Jackson County,2010,7123
37101,North Carolina,Johnston County,2010,46970
37103,North Carolina,Jones County,2010,2208
37105,North Carolina,Lee County,2010,14860
37107,North Carolina,Lenoir County,2010,14332
37109,North Carolina,Lincoln County,2010,18481
37111,North Carolina,McDowell County,2010,9785
37113,North Carolina,Macon County,2010,6534
37115,North Carolina,Madison County,2010,4092
37117,North Carolina,Martin County,2010,5435
37119,North Carolina,Mecklenburg County,2010,233338
37121,North Carolina,Mitchell County,2010,3035
37123,North Carolina,Montgomery County,2010,6746
37125,North Carolina,Moore County,2010,19149
37127,North Carolina,Nash County,2010,22935
37129,North Carolina,New Hanover County,2010,40413
37131,North Carolina,Northampton County,2010,4600
37133,North Carolina,Onslow County,2010,44938
37135,North Carolina,Orange County,2010,27969
37137,North Carolina,Pamlico County,2010,2354
37139,North Carolina,Pasquotank County,2010,9199
37141,North Carolina,Pender County,2010,11889
37143,North Carolina,Perquimans County,2010,2769
37145,North Carolina,Person County,2010,9114
37147,North Carolina,Pitt County,2010,37798
37149,North Carolina,Polk County,2010,3938
37151,North Carolina,Randolph County,2010,34714
37153,North Carolina,Richmond County,2010,11380
37155,North Carolina,Robeson County,2010,35927
37157,North Carolina,Rockingham County,2010,20789
37159,North Carolina,Rowan County,2010,32942
37161,North Carolina,Rutherford County,2010,15224
37163,North Carolina,Sampson County,2010,16277
37165,North Carolina,Scotland County,2010,9073
37167,North Carolina,Stanly County,2010,13733
37169,North Carolina,Stokes County,2010,10521
37171,North Carolina,Surry County,2010,17217
37173,North Carolina,Swain County,2010,3269
37175,North Carolina,Transylvania County,2010,5832
37177,North Carolina,Tyrrell County,2010,795
37179,North Carolina,Union County,2010,60880
37181,North Carolina,Vance County,2010,11541
37183,North Carolina,Wake County,2010,234613
37185,North Carolina,Warren County,2010,4258
37187,North Carolina,Washington County,2010,3043
37189,North Carolina,Watauga County,2010,7074
37191,North Carolina,Wayne County,2010,30484
37193,North Carolina,Wilkes County,2010,15536
37195,North Carolina,Wilson County,2010,20052
37197,North Carolina,Yadkin County,2010,8938
37199,North Carolina,Yancey County,2010,3562
38001,North Dakota,Adams County,2010,446
38003,North Dakota,Barnes County,2010,2280
38005,North Dakota,Benson County,2010,2239
38007,North Dakota,Billings County,2010,138
38009,North Dakota,Bottineau County,2010,1222
38011,North Dakota,Bowman County,2010,676
38013,North Dakota,Burke County,2010,409
38015,North Dakota,Burleigh County,2010,18343
38017,North Dakota,Cass County,2010,32660
38019,North Dakota,Cavalier County,2010,786
38021,North Dakota,Dickey County,2010,1215
38023,North Dakota,Divide County,2010,354
38025,North Dakota,Dunn County,2010,777
38027,North Dakota,Eddy County,2010,498
38029,North Dakota,Emmons County,2010,759
38031,North Dakota,Foster County,2010,728
38033,North Dakota,Golden Valley County,2010,404
38035,North Dakota,Grand Forks County,2010,13421
38037,North Dakota,Grant County,2010,450
38039,North Dakota,Griggs County,2010,459
38041,North Dakota,Hettinger County,2010,468
38043,North Dakota,Kidder County,2010,523
38045,North Dakota,LaMoure County,2010,873
38047,North Dakota,Logan County,2010,420
38049,North Dakota,McHenry County,2010,1179
38051,North Dakota,McIntosh County,2010,513
38053,North Dakota,McKenzie County,2010,1691
38055,North Dakota,McLean County,2010,1767
38057,North Dakota,Mercer County,2010,1799
38059,North Dakota,Morton County,2010,6561
38061,North Dakota,Mountrail County,2010,1830
38063,North Dakota,Nelson County,2010,560
38065,North Dakota,Oliver County,2010,410
38067,North Dakota,Pembina County,2010,1600
38069,North Dakota,Pierce County,2010,938
38071,North Dakota,Ramsey County,2010,2515
38073,North Dakota,Ransom County,2010,1281
38075,North Dakota,Renville County,2010,534
38077,North Dakota,Richland County,2010,3662
38079,North Dakota,Rolette County,2010,4660
38081,North Dakota,Sargent County,2010,872
38083,North Dakota,Sheridan County,2010,211
38085,North Dakota,Sioux County,2010,1516
38087,North Dakota,Slope County,2010,146
38089,North Dakota,Stark County,2010,5186
38091,North Dakota,Steele County,2010,421
38093,North Dakota,Stutsman County,2010,4331
38095,North Dakota,Towner County,2010,432
38097,North Dakota,Traill County,2010,1810
38099,North Dakota,Walsh County,2010,2467
38101,North Dakota,Ward County,2010,14502
38103,North Dakota,Wells County,2010,764
38105,North Dakota,Williams County,2010,5165
39001,Ohio,Adams County,2010,7135
39003,Ohio,Allen County,2010,25445
39005,Ohio,Ashland County,2010,12676
39007,Ohio,Ashtabula County,2010,24007
39009,Ohio,Athens County,2010,10249
39011,Ohio,Auglaize County,2010,11666
39013,Ohio,Belmont County,2010,13855
39015,Ohio,Brown County,2010,11038
39017,Ohio,Butler County,2010,92604
39019,Ohio,Carroll County,2010,6637
39021,Ohio,Champaign County,2010,10040
39023,Ohio,Clark County,2010,32643
39025,Ohio,Clermont County,2010,50590
39027,Ohio,Clinton County,2010,10262
39029,Ohio,Columbiana County,2010,23584
39031,Ohio,Coshocton County,2010,8879
39033,Ohio,Crawford County,2010,10133
39035,Ohio,Cuyahoga County,2010,290262
39037,Ohio,Darke County,2010,13213
39039,Ohio,Defiance County,2010,9603
39041,Ohio,Delaware County,2010,50504
39043,Ohio,Erie County,2010,17145
39045,Ohio,Fairfield County,2010,38409
39047,Ohio,Fayette County,2010,7163
39049,Ohio,Franklin County,2010,278542
39051,Ohio,Fulton County,2010,11009
39053,Ohio,Gallia County,2010,7352
39055,Ohio,Geauga County,2010,24237
39057,Ohio,Greene County,2010,35133
39059,Ohio,Guernsey County,2010,9615
39061,Ohio,Hamilton County,2010,189640
39063,Ohio,Hancock County,2010,17628
39065,Ohio,Hardin County,2010,7560
39067,Ohio,Harrison County,2010,3472
39069,Ohio,Henry County,2010,7094
39071,Ohio,Highland County,2010,11092
39073,Ohio,Hocking County,2010,7005
39075,Ohio,Holmes County,2010,14511
39077,Ohio,Huron County,2010,15667
39079,Ohio,Jackson County,2010,8155
39081,Ohio,Jefferson County,2010,14054
39083,Ohio,Knox County,2010,14701
39085,Ohio,Lake County,2010,51026
39087,Ohio,Lawrence County,2010,14649
39089,Ohio,Licking County,2010,41125
39091,Ohio,Logan County,2010,11619
39093,Ohio,Lorain County,2010,72078
39095,Ohio,Lucas County,2010,106137
39097,Ohio,Madison County,2010,9807
39099,Ohio,Mahoning County,2010,51338
39101,Ohio,Marion County,2010,14729
39103,Ohio,Medina County,2010,43741
39105,Ohio,Meigs County,2010,5414
39107,Ohio,Mercer County,2010,10773
39109,Ohio,Miami County,2010,24768
39111,Ohio,Monroe County,2010,3147
39113,Ohio,Montgomery County,2010,123279
39115,Ohio,Morgan County,2010,3520
39117,Ohio,Morrow County,2010,8993
39119,Ohio,Muskingum County,2010,20651
39121,Ohio,Noble County,2010,2797
39123,Ohio,Ottawa County,2010,8595
39125,Ohio,Paulding County,2010,4938
39127,Ohio,Perry County,2010,9431
39129,Ohio,Pickaway County,2010,13157
39131,Ohio,Pike County,2010,7120
39133,Ohio,Portage County,2010,33678
39135,Ohio,Preble County,2010,10238
39137,Ohio,Putnam County,2010,9200
39139,Ohio,Richland County,2010,28019
39141,Ohio,Ross County,2010,17585
39143,Ohio,Sandusky County,2010,14868
39145,Ohio,Scioto County,2010,18090
39147,Ohio,Seneca County,2010,13368
39149,Ohio,Shelby County,2010,13502
39151,Ohio,Stark County,2010,85986
39153,Ohio,Summit County,2010,123575
39155,Ohio,Trumbull County,2010,46632
39157,Ohio,Tuscarawas County,2010,21964
39159,Ohio,Union County,2010,14250
39161,Ohio,Van Wert County,2010,7164
39163,Ohio,Vinton County,2010,3335
39165,Ohio,Warren County,2010,58475
39167,Ohio,Washington County,2010,12941
39169,Ohio,Wayne County,2010,29145
39171,Ohio,Williams County,2010,8919
39173,Ohio,Wood County,2010,27275
39175,Ohio,Wyandot County,2010,5501
40001,Oklahoma,Adair County,2010,6357
40003,Oklahoma,Alfalfa County,2010,1018
40005,Oklahoma,Atoka County,2010,3348
40007,Oklahoma,Beaver County,2010,1469
40009,Oklahoma,Beckham County,2010,5338
40011,Oklahoma,Blaine County,2010,2552
40013,Oklahoma,Bryan County,2010,9913
40015,Oklahoma,Caddo County,2010,7489
40017,Oklahoma,Canadian County,2010,31094
40019,Oklahoma,Carter County,2010,12247
40021,Oklahoma,Cherokee County,2010,11333
40023,Oklahoma,Choctaw County,2010,3679
40025,Oklahoma,Cimarron County,2010,630
40027,Oklahoma,Cleveland County,2010,59176
40029,Oklahoma,Coal County,2010,1511
40031,Oklahoma,Comanche County,2010,31134
40033,Oklahoma,Cotton County,2010,1524
40035,Oklahoma,Craig County,2010,3413
40037,Oklahoma,Creek County,2010,17428
40039,Oklahoma,Custer County,2010,6410
40041,Oklahoma,Delaware County,2010,9307
40043,Oklahoma,Dewey County,2010,1221
40045,Oklahoma,Ellis County,2010,1031
40047,Oklahoma,Garfield County,2010,14948
40049,Oklahoma,Garvin County,2010,6733
40051,Oklahoma,Grady County,2010,13174
40053,Oklahoma,Grant County,2010,1026
40055,Oklahoma,Greer County,2010,1233
40057,Oklahoma,Harmon County,2010,754
40059,Oklahoma,Harper County,2010,930
40061,Oklahoma,Haskell County,2010,3252
40063,Oklahoma,Hughes County,2010,3107
40065,Oklahoma,Jackson County,2010,6907
40067,Oklahoma,Jefferson County,2010,1565
40069,Oklahoma,Johnston County,2010,2686
40071,Oklahoma,Kay County,2010,11781
40073,Oklahoma,Kingfisher County,2010,3995
40075,Oklahoma,Kiowa County,2010,2207
40077,Oklahoma,Latimer County,2010,2673
40079,Oklahoma,Le Flore County,2010,12445
40081,Oklahoma,Lincoln County,2010,8741
40083,Oklahoma,Logan County,2010,10471
40085,Oklahoma,Love County,2010,2294
40087,Oklahoma,McClain County,2010,9195
40089,Oklahoma,McCurtain County,2010,8599
40091,Oklahoma,McIntosh County,2010,4257
40093,Oklahoma,Major County,2010,1748
40095,Oklahoma,Marshall County,2010,3783
40097,Oklahoma,Mayes County,2010,10514
40099,Oklahoma,Murray County,2010,3221
40101,Oklahoma,Muskogee County,2010,17511
40103,Oklahoma,Noble County,2010,2855
40105,Oklahoma,Nowata County,2010,2552
40107,Oklahoma,Okfuskee County,2010,2842
40109,Oklahoma,Oklahoma County,2010,181118
40111,Oklahoma,Okmulgee County,2010,9873
40113,Oklahoma,Osage County,2010,11553
40115,Oklahoma,Ottawa County,2010,7856
40117,Oklahoma,Pawnee County,2010,4086
40119,Oklahoma,Payne County,2010,14626
40121,Oklahoma,Pittsburg County,2010,10120
40123,Oklahoma,Pontotoc County,2010,8759
40125,Oklahoma,Pottawatomie County,2010,17355
40127,Oklahoma,Pushmataha County,2010,2595
40129,Oklahoma,Roger Mills County,2010,916
40131,Oklahoma,Rogers County,2010,22716
40133,Oklahoma,Seminole County,2010,6556
40135,Oklahoma,Sequoyah County,2010,10926
40137,Oklahoma,Stephens County,2010,10824
40139,Oklahoma,Texas County,2010,5940
40141,Oklahoma,Tillman County,2010,1975
40143,Oklahoma,Tulsa County,2010,154276
40145,Oklahoma,Wagoner County,2010,19468
40147,Oklahoma,Washington County,2010,11953
40149,Oklahoma,Washita County,2010,3002
40151,Oklahoma,Woods County,2010,1667
40153,Oklahoma,Woodward County,2010,4885
41001,Oregon,Baker County,2010,3280
41003,Oregon,Benton County,2010,15249
41005,Oregon,Clackamas County,2010,89231
41007,Oregon,Clatsop County,2010,7601
41009,Oregon,Columbia County,2010,11619
41011,Oregon,Coos County,2010,11930
41013,Oregon,Crook County,2010,4600
41015,Oregon,Curry County,2010,3511
41017,Oregon,Deschutes County,2010,36221
41019,Oregon,Douglas County,2010,22094
41021,Oregon,Gilliam County,2010,353
41023,Oregon,Grant County,2010,1430
41025,Oregon,Harney County,2010,1664
41027,Oregon,Hood River County,2010,5807
41029,Oregon,Jackson County,2010,44312
41031,Oregon,Jefferson County,2010,5490
41033,Oregon,Josephine County,2010,16883
41035,Oregon,Klamath County,2010,14803
41037,Oregon,Lake County,2010,1525
41039,Oregon,Lane County,2010,69689
41041,Oregon,Lincoln County,2010,7953
41043,Oregon,Linn County,2010,28173
41045,Oregon,Malheur County,2010,8004
41047,Oregon,Marion County,2010,83381
41049,Oregon,Morrow County,2010,3190
41051,Oregon,Multnomah County,2010,150683
41053,Oregon,Polk County,2010,18333
41055,Oregon,Sherman County,2010,349
41057,Oregon,Tillamook County,2010,5005
41059,Oregon,Umatilla County,2010,20200
41061,Oregon,Union County,2010,5797
41063,Oregon,Wallowa County,2010,1319
41065,Oregon,Wasco County,2010,5848
41067,Oregon,Washington County,2010,135838
41069,Oregon,Wheeler County,2010,259
41071,Oregon,Yamhill County,2010,24829
42001,Pennsylvania,Adams County,2010,22438
42003,Pennsylvania,Allegheny County,2010,241663
42005,Pennsylvania,Armstrong County,2010,14189
42007,Pennsylvania,Beaver County,2010,34878
42009,Pennsylvania,Bedford County,2010,10739
42011,Pennsylvania,Berks County,2010,98136
42013,Pennsylvania,Blair County,2010,26878
42015,Pennsylvania,Bradford County,2010,14238
42017,Pennsylvania,Bucks County,2010,143514
42019,Pennsylvania,Butler County,2010,41266
42021,Pennsylvania,Cambria County,2010,28235
42023,Pennsylvania,Cameron County,2010,985
42025,Pennsylvania,Carbon County,2010,13540
42027,Pennsylvania,Centre County,2010,24512
42029,Pennsylvania,Chester County,2010,124055
42031,Pennsylvania,Clarion County,2010,7755
42033,Pennsylvania,Clearfield County,2010,16296
42035,Pennsylvania,Clinton County,2010,8117
42037,Pennsylvania,Columbia County,2010,12556
42039,Pennsylvania,Crawford County,2010,19911
42041,Pennsylvania,Cumberland County,2010,48712
42043,Pennsylvania,Dauphin County,2010,62215
42045,Pennsylvania,Delaware County,2010,130412
42047,Pennsylvania,Elk County,2010,6651
42049,Pennsylvania,Erie County,2010,63808
42051,Pennsylvania,Fayette County,2010,27680
42053,Pennsylvania,Forest County,2010,957
42055,Pennsylvania,Franklin County,2010,35740
42057,Pennsylvania,Fulton County,2010,3431
42059,Pennsylvania,Greene County,2010,7680
42061,Pennsylvania,Huntingdon County,2010,9244
42063,Pennsylvania,Indiana County,2010,16846
42065,Pennsylvania,Jefferson County,2010,9757
42067,Pennsylvania,Juniata County,2010,5913
42069,Pennsylvania,Lackawanna County,2010,43947
42071,Pennsylvania,Lancaster County,2010,129015
42073,Pennsylvania,Lawrence County,2010,19352
42075,Pennsylvania,Lebanon County,2010,30765
42077,Pennsylvania,Lehigh County,2010,82680
42079,Pennsylvania,Luzerne County,2010,64800
42081,Pennsylvania,Lycoming County,2010,24212
42083,Pennsylvania,McKean County,2010,9149
42085,Pennsylvania,Mercer County,2010,25229
42087,Pennsylvania,Mifflin County,2010,10784
42089,Pennsylvania,Monroe County,2010,40574
42091,Pennsylvania,Montgomery County,2010,183499
42093,Pennsylvania,Montour County,2010,3874
42095,Pennsylvania,Northampton County,2010,65177
42097,Pennsylvania,Northumberland County,2010,19443
42099,Pennsylvania,Perry County,2010,10706
42101,Pennsylvania,Philadelphia County,2010,343837
42103,Pennsylvania,Pike County,2010,13358
42105,Pennsylvania,Potter County,2010,3901
42107,Pennsylvania,Schuylkill County,2010,29738
42109,Pennsylvania,Snyder County,2010,8894
42111,Pennsylvania,Somerset County,2010,15131
42113,Pennsylvania,Sullivan County,2010,1026
42115,Pennsylvania,Susquehanna County,2010,9167
42117,Pennsylvania,Tioga County,2010,8590
42119,Pennsylvania,Union County,2010,8310
42121,Pennsylvania,Venango County,2010,11832
42123,Pennsylvania,Warren County,2010,8718
42125,Pennsylvania,Washington County,2010,42684
42127,Pennsylvania,Wayne County,2010,10042
42129,Pennsylvania,Westmoreland County,2010,72611
42131,Pennsylvania,Wyoming County,2010,6149
42133,Pennsylvania,York County,2010,102014
44001,Rhode Island,Bristol County,2010,10160
44003,Rhode Island,Kent County,2010,34254
44005,Rhode Island,Newport County,2010,16426
44007,Rhode Island,Providence County,2010,137625
44009,Rhode Island,Washington County,2010,25491
45001,South Carolina,Abbeville County,2010,5787
45003,South Carolina,Aiken County,2010,36828
45005,South Carolina,Allendale County,2010,2326
45007,South Carolina,Anderson County,2010,44825
45009,South Carolina,Bamberg County,2010,3573
45011,South Carolina,Barnwell County,2010,5798
45013,South Carolina,Beaufort County,2010,34348
45015,South Carolina,Berkeley County,2010,44962
45017,South Carolina,Calhoun County,2010,3295
45019,South Carolina,Charleston County,2010,72658
45021,South Carolina,Cherokee County,2010,13654
45023,South Carolina,Chester County,2010,7928
45025,South Carolina,Chesterfield County,2010,11557
45027,South Carolina,Clarendon County,2010,7809
45029,South Carolina,Colleton County,2010,9492
45031,South Carolina,Darlington County,2010,16658
45033,South Carolina,Dillon County,2010,8574
45035,South Carolina,Dorchester County,2010,37026
45037,South Carolina,Edgefield County,2010,5771
45039,South Carolina,Fairfield County,2010,5431
45041,South Carolina,Florence County,2010,33700
45043,South Carolina,Georgetown County,2010,13020
45045,South Carolina,Greenville County,2010,109317
45047,South Carolina,Greenwood County,2010,16507
45049,South Carolina,Hampton County,2010,5091
45051,South Carolina,Horry County,2010,54242
45053,South Carolina,Jasper County,2010,6141
45055,South Carolina,Kershaw County,2010,15139
45057,South Carolina,Lancaster County,2010,17831
45059,South Carolina,Laurens County,2010,15427
45061,South Carolina,Lee County,2010,4263
45063,South Carolina,Lexington County,2010,64162
45065,South Carolina,McCormick County,2010,1482
45067,South Carolina,Marion County,2010,8071
45069,South Carolina,Marlboro County,2010,6323
45071,South Carolina,Newberry County,2010,8544
45073,South Carolina,Oconee County,2010,15707
45075,South Carolina,Orangeburg County,2010,21439
45077,South Carolina,Pickens County,2010,24287
45079,South Carolina,Richland County,2010,87553
45081,South Carolina,Saluda County,2010,4581
45083,South Carolina,Spartanburg County,2010,69450
45085,South Carolina,Sumter County,2010,27431
45087,South Carolina,Union County,2010,6600
45089,South Carolina,Williamsburg County,2010,8122
45091,South Carolina,York County,2010,57744
46003,South Dakota,Aurora County,2010,725
46005,South Dakota,Beadle County,2010,4219
46007,South Dakota,Bennett County,2010,1189
46009,South Dakota,Bon Homme County,2010,1395
46011,South Dakota,Brookings County,2010,6038
46013,South Dakota,Brown County,2010,8473
46015,South Dakota,Brule County,2010,1358
46017,South Dakota,Buffalo County,2010,750
46019,South Dakota,Butte County,2010,2527
46021,South Dakota,Campbell County,2010,279
46023,South Dakota,Charles Mix County,2010,2705
46025,South Dakota,Clark County,2010,876
46027,South Dakota,Clay County,2010,2424
46029,South Dakota,Codington County,2010,6749
46031,South Dakota,Corson County,2010,1390
46033,South Dakota,Custer County,2010,1630
46035,South Dakota,Davison County,2010,4585
46037,South Dakota,Day County,2010,1247
46039,South Dakota,Deuel County,2010,1028
46041,South Dakota,Dewey County,2010,1803
46043,South Dakota,Douglas County,2010,687
46045,South Dakota,Edmunds County,2010,977
46047,South Dakota,Fall River County,2010,1334
46049,South Dakota,Faulk County,2010,555
46051,South Dakota,Grant County,2010,1701
46053,South Dakota,Gregory County,2010,964
46055,South Dakota,Haakon County,2010,431
46057,South Dakota,Hamlin County,2010,1805
46059,South Dakota,Hand County,2010,715
46061,South Dakota,Hanson County,2010,1081
46063,South Dakota,Harding County,2010,292
46065,South Dakota,Hughes County,2010,4037
46067,South Dakota,Hutchinson County,2010,1742
46069,South Dakota,Hyde County,2010,318
46071,South Dakota,Jackson County,2010,997
46073,South Dakota,Jerauld County,2010,435
46075,South Dakota,Jones County,2010,225
46077,South Dakota,Kingsbury County,2010,1126
46079,South Dakota,Lake County,2010,2425
46081,South Dakota,Lawrence County,2010,4720
46083,South Dakota,Lincoln County,2010,13299
46085,South Dakota,Lyman County,2010,1106
46087,South Dakota,McCook County,2010,1454
46089,South Dakota,McPherson County,2010,536
46091,South Dakota,Marshall County,2010,1036
46093,South Dakota,Meade County,2010,6415
46095,South Dakota,Mellette County,2010,661
46097,South Dakota,Miner County,2010,576
46099,South Dakota,Minnehaha County,2010,42563
46101,South Dakota,Moody County,2010,1695
46103,South Dakota,Pennington County,2010,24837
46105,South Dakota,Perkins County,2010,639
46107,South Dakota,Potter County,2010,456
46109,South Dakota,Roberts County,2010,2880
46111,South Dakota,Sanborn County,2010,513
46113,South Dakota,Shannon County,2010,5342
46115,South Dakota,Spink County,2010,1597
46117,South Dakota,Stanley County,2010,721
46119,South Dakota,Sully County,2010,310
46121,South Dakota,Todd County,2010,3857
46123,South Dakota,Tripp County,2010,1323
46125,South Dakota,Turner County,2010,1984
46127,South Dakota,Union County,2010,3767
46129,South Dakota,Walworth County,2010,1204
46135,South Dakota,Yankton County,2010,4974
46137,South Dakota,Ziebach County,2010,1095
47001,Tennessee,Anderson County,2010,16464
47003,Tennessee,Bedford County,2010,12069
47005,Tennessee,Benton County,2010,3381
47007,Tennessee,Bledsoe County,2010,2768
47009,Tennessee,Blount County,2010,27376
47011,Tennessee,Bradley County,2010,22736
47013,Tennessee,Campbell County,2010,8949
47015,Tennessee,Cannon County,2010,3101
47017,Tennessee,Carroll County,2010,6253
47019,Tennessee,Carter County,2010,11532
47021,Tennessee,Cheatham County,2010,9752
47023,Tennessee,Chester County,2010,3990
47025,Tennessee,Claiborne County,2010,6775
47027,Tennessee,Clay County,2010,1641
47029,Tennessee,Cocke County,2010,7651
47031,Tennessee,Coffee County,2010,12860
47033,Tennessee,Crockett County,2010,3571
47035,Tennessee,Cumberland County,2010,10679
47037,Tennessee,Davidson County,2010,136391
47039,Tennessee,Decatur County,2010,2525
47041,Tennessee,DeKalb County,2010,4291
47043,Tennessee,Dickson County,2010,12437
47045,Tennessee,Dyer County,2010,9552
47047,Tennessee,Fayette County,2010,8878
47049,Tennessee,Fentress County,2010,4154
47051,Tennessee,Franklin County,2010,8959
47053,Tennessee,Gibson County,2010,12399
47055,Tennessee,Giles County,2010,6509
47057,Tennessee,Grainger County,2010,5048
47059,Tennessee,Greene County,2010,14583
47061,Tennessee,Grundy County,2010,3168
47063,Tennessee,Hamblen County,2010,14740
47065,Tennessee,Hamilton County,2010,72611
47067,Tennessee,Hancock County,2010,1496
47069,Tennessee,Hardeman County,2010,5777
47071,Tennessee,Hardin County,2010,5645
47073,Tennessee,Hawkins County,2010,12690
47075,Tennessee,Haywood County,2010,4810
47077,Tennessee,Henderson County,2010,6757
47079,Tennessee,Henry County,2010,7028
47081,Tennessee,Hickman County,2010,5562
47083,Tennessee,Houston County,2010,1992
47085,Tennessee,Humphreys County,2010,4293
47087,Tennessee,Jackson County,2010,2371
47089,Tennessee,Jefferson County,2010,11359
47091,Tennessee,Johnson County,2010,3362
47093,Tennessee,Knox County,2010,94490
47095,Tennessee,Lake County,2010,1309
47097,Tennessee,Lauderdale County,2010,6747
47099,Tennessee,Lawrence County,2010,10529
47101,Tennessee,Lewis County,2010,2898
47103,Tennessee,Lincoln County,2010,7786
47105,Tennessee,Loudon County,2010,9868
47107,Tennessee,McMinn County,2010,11795
47109,Tennessee,McNairy County,2010,6118
47111,Tennessee,Macon County,2010,5567
47113,Tennessee,Madison County,2010,23634
47115,Tennessee,Marion County,2010,6157
47117,Tennessee,Marshall County,2010,7550
47119,Tennessee,Maury County,2010,19657
47121,Tennessee,Meigs County,2010,2526
47123,Tennessee,Monroe County,2010,10178
47125,Tennessee,Montgomery County,2010,48214
47127,Tennessee,Moore County,2010,1411
47129,Tennessee,Morgan County,2010,4623
47131,Tennessee,Obion County,2010,7269
47133,Tennessee,Overton County,2010,5129
47135,Tennessee,Perry County,2010,1786
47137,Tennessee,Pickett County,2010,974
47139,Tennessee,Polk County,2010,3725
47141,Tennessee,Putnam County,2010,15567
47143,Tennessee,Rhea County,2010,7456
47145,Tennessee,Roane County,2010,11285
47147,Tennessee,Robertson County,2010,17042
47149,Tennessee,Rutherford County,2010,68714
47151,Tennessee,Scott County,2010,5630
47153,Tennessee,Sequatchie County,2010,3324
47155,Tennessee,Sevier County,2010,19892
47157,Tennessee,Shelby County,2010,244742
47159,Tennessee,Smith County,2010,4643
47161,Tennessee,Stewart County,2010,3046
47163,Tennessee,Sullivan County,2010,32293
47165,Tennessee,Sumner County,2010,40630
47167,Tennessee,Tipton County,2010,16631
47169,Tennessee,Trousdale County,2010,1935
47171,Tennessee,Unicoi County,2010,3691
47173,Tennessee,Union County,2010,4563
47175,Tennessee,Van Buren County,2010,1157
47177,Tennessee,Warren County,2010,9699
47179,Tennessee,Washington County,2010,24827
47181,Tennessee,Wayne County,2010,3334
47183,Tennessee,Weakley County,2010,7030
47185,Tennessee,White County,2010,5805
47187,Tennessee,Williamson County,2010,53629
47189,Tennessee,Wilson County,2010,28561
48001,Texas,Anderson County,2010,11475
48003,Texas,Andrews County,2010,4312
48005,Texas,Angelina County,2010,23206
48007,Texas,Aransas County,2010,4523
48009,Texas,Archer County,2010,2185
48011,Texas,Armstrong County,2010,423
48013,Texas,Atascosa County,2010,12862
48015,Texas,Austin County,2010,7129
48017,Texas,Bailey County,2010,2216
48019,Texas,Bandera County,2010,4023
48021,Texas,Bastrop County,2010,19452
48023,Texas,Baylor County,2010,768
48025,Texas,Bee County,2010,6989
48027,Texas,Bell County,2010,88117
48029,Texas,Bexar County,2010,465286
48031,Texas,Blanco County,2010,2294
48033,Texas,Borden County,2010,138
48035,Texas,Bosque County,2010,4171
48037,Texas,Bowie County,2010,22452
48039,Texas,Brazoria County,2010,86985
48041,Texas,Brazos County,2010,39831
48043,Texas,Brewster County,2010,1877
48045,Texas,Briscoe County,2010,362
48047,Texas,Brooks County,2010,2006
48049,Texas,Brown County,2010,9121
48051,Texas,Burleson County,2010,4045
48053,Texas,Burnet County,2010,9921
48055,Texas,Caldwell County,2010,10058
48057,Texas,Calhoun County,2010,5671
48059,Texas,Callahan County,2010,3225
48061,Texas,Cameron County,2010,134199
48063,Texas,Camp County,2010,3355
48065,Texas,Carson County,2010,1587
48067,Texas,Cass County,2010,7065
48069,Texas,Castro County,2010,2523
48071,Texas,Chambers County,2010,10011
48073,Texas,Cherokee County,2010,13173
48075,Texas,Childress County,2010,1508
48077,Texas,Clay County,2010,2442
48079,Texas,Cochran County,2010,918
48081,Texas,Coke County,2010,699
48083,Texas,Coleman County,2010,1979
48085,Texas,Collin County,2010,224677
48087,Texas,Collingsworth County,2010,845
48089,Texas,Colorado County,2010,4968
48091,Texas,Comal County,2010,25697
48093,Texas,Comanche County,2010,3380
48095,Texas,Concho County,2010,577
48097,Texas,Cooke County,2010,9831
48099,Texas,Coryell County,2010,21005
48101,Texas,Cottle County,2010,350
48103,Texas,Crane County,2010,1289
48105,Texas,Crockett County,2010,994
48107,Texas,Crosby County,2010,1747
48109,Texas,Culberson County,2010,667
48111,Texas,Dallam County,2010,2003
48113,Texas,Dallas County,2010,654263
48115,Texas,Dawson County,2010,3422
48117,Texas,Deaf Smith County,2010,6241
48119,Texas,Delta County,2010,1185
48121,Texas,Denton County,2010,182260
48123,Texas,DeWitt County,2010,4493
48125,Texas,Dickens County,2010,492
48127,Texas,Dimmit County,2010,3001
48129,Texas,Donley County,2010,758
48131,Texas,Duval County,2010,3075
48133,Texas,Eastland County,2010,4162
48135,Texas,Ector County,2010,39808
48137,Texas,Edwards County,2010,417
48139,Texas,Ellis County,2010,43315
48141,Texas,El Paso County,2010,240813
48143,Texas,Erath County,2010,8448
48145,Texas,Falls County,2010,3877
48147,Texas,Fannin County,2010,7503
48149,Texas,Fayette County,2010,5389
48151,Texas,Fisher County,2010,898
48153,Texas,Floyd County,2010,1862
48155,Texas,Foard County,2010,278
48157,Texas,Fort Bend County,2010,173835
48159,Texas,Franklin County,2010,2602
48161,Texas,Freestone County,2010,4630
48163,Texas,Frio County,2010,4259
48165,Texas,Gaines County,2010,6106
48167,Texas,Galveston County,2010,74167
48169,Texas,Garza County,2010,1276
48171,Texas,Gillespie County,2010,5041
48173,Texas,Glasscock County,2010,352
48175,Texas,Goliad County,2010,1648
48177,Texas,Gonzales County,2010,5368
48179,Texas,Gray County,2010,5571
48181,Texas,Grayson County,2010,29132
48183,Texas,Gregg County,2010,31021
48185,Texas,Grimes County,2010,6059
48187,Texas,Guadalupe County,2010,36404
48189,Texas,Hale County,2010,10434
48191,Texas,Hall County,2010,867
48193,Texas,Hamilton County,2010,1816
48195,Texas,Hansford County,2010,1703
48197,Texas,Hardeman County,2010,1019
48199,Texas,Hardin County,2010,14110
48201,Texas,Harris County,2010,1147835
48203,Texas,Harrison County,2010,16981
48205,Texas,Hartley County,2010,1369
48207,Texas,Haskell County,2010,1228
48209,Texas,Hays County,2010,38761
48211,Texas,Hemphill County,2010,1116
48213,Texas,Henderson County,2010,17842
48215,Texas,Hidalgo County,2010,268484
48217,Texas,Hill County,2010,8520
48219,Texas,Hockley County,2010,6227
48221,Texas,Hood County,2010,10902
48223,Texas,Hopkins County,2010,8994
48225,Texas,Houston County,2010,4926
48227,Texas,Howard County,2010,7857
48229,Texas,Hudspeth County,2010,1047
48231,Texas,Hunt County,2010,21419
48233,Texas,Hutchinson County,2010,5828
48235,Texas,Irion County,2010,368
48237,Texas,Jack County,2010,1992
48239,Texas,Jackson County,2010,3579
48241,Texas,Jasper County,2010,8895
48243,Texas,Jeff Davis County,2010,464
48245,Texas,Jefferson County,2010,60398
48247,Texas,Jim Hogg County,2010,1538
48249,Texas,Jim Wells County,2010,11758
48251,Texas,Johnson County,2010,41149
48253,Texas,Jones County,2010,3734
48255,Texas,Karnes County,2010,2962
48257,Texas,Kaufman County,2010,29754
48259,Texas,Kendall County,2010,8099
48261,Texas,Kenedy County,2010,102
48263,Texas,Kent County,2010,185
48265,Texas,Kerr County,2010,10014
48267,Texas,Kimble County,2010,939
48269,Texas,King County,2010,68
48271,Texas,Kinney County,2010,724
48273,Texas,Kleberg County,2010,8050
48275,Texas,Knox County,2010,942
48277,Texas,Lamar County,2010,12095
48279,Texas,Lamb County,2010,4092
48281,Texas,Lampasas County,2010,4876
48283,Texas,La Salle County,2010,1494
48285,Texas,Lavaca County,2010,4448
48287,Texas,Lee County,2010,4345
48289,Texas,Leon County,2010,3749
48291,Texas,Liberty County,2010,19367
48293,Texas,Limestone County,2010,5517
48295,Texas,Lipscomb County,2010,911
48297,Texas,Live Oak County,2010,2354
48299,Texas,Llano County,2010,3077
48301,Texas,Loving County,2010,9
48303,Texas,Lubbock County,2010,67862
48305,Texas,Lynn County,2010,1645
48307,Texas,McCulloch County,2010,2039
48309,Texas,McLennan County,2010,59745
48311,Texas,McMullen County,2010,119
48313,Texas,Madison County,2010,3000
48315,Texas,Marion County,2010,2009
48317,Texas,Martin County,2010,1456
48319,Texas,Mason County,2010,851
48321,Texas,Matagorda County,2010,9671
48323,Texas,Maverick County,2010,18323
48325,Texas,Medina County,2010,11865
48327,Texas,Menard County,2010,439
48329,Texas,Midland County,2010,37529
48331,Texas,Milam County,2010,6552
48333,Texas,Mills County,2010,1197
48335,Texas,Mitchell County,2010,1820
48337,Texas,Montague County,2010,4527
48339,Texas,Montgomery County,2010,125979
48341,Texas,Moore County,2010,6999
48343,Texas,Morris County,2010,3013
48345,Texas,Motley County,2010,264
48347,Texas,Nacogdoches County,2010,15061
48349,Texas,Navarro County,2010,12923
48351,Texas,Newton County,2010,3353
48353,Texas,Nolan County,2010,3935
48355,Texas,Nueces County,2010,88255
48357,Texas,Ochiltree County,2010,3231
48359,Texas,Oldham County,2010,698
48361,Texas,Orange County,2010,20507
48363,Texas,Palo Pinto County,2010,7031
48365,Texas,Panola County,2010,5870
48367,Texas,Parker County,2010,29869
48369,Texas,Parmer County,2010,3214
48371,Texas,Pecos County,2010,3822
48373,Texas,Polk County,2010,9577
48375,Texas,Potter County,2010,33653
48377,Texas,Presidio County,2010,2264
48379,Texas,Rains County,2010,2363
48381,Texas,Randall County,2010,30103
48383,Texas,Reagan County,2010,1010
48385,Texas,Real County,2010,660
48387,Texas,Red River County,2010,2747
48389,Texas,Reeves County,2010,3142
48391,Texas,Refugio County,2010,1781
48393,Texas,Roberts County,2010,236
48395,Texas,Robertson County,2010,4213
48397,Texas,Rockwall County,2010,23507
48399,Texas,Runnels County,2010,2632
48401,Texas,Rusk County,2010,12379
48403,Texas,Sabine County,2010,2120
48405,Texas,San Augustine County,2010,1866
48407,Texas,San Jacinto County,2010,6326
48409,Texas,San Patricio County,2010,18275
48411,Texas,San Saba County,2010,1285
48413,Texas,Schleicher County,2010,1103
48415,Texas,Scurry County,2010,4234
48417,Texas,Shackelford County,2010,834
48419,Texas,Shelby County,2010,6727
48421,Texas,Sherman County,2010,916
48423,Texas,Smith County,2010,53796
48425,Texas,Somervell County,2010,2246
48427,Texas,Starr County,2010,20678
48429,Texas,Stephens County,2010,2305
48431,Texas,Sterling County,2010,279
48433,Texas,Stonewall County,2010,339
48435,Texas,Sutton County,2010,1134
48437,Texas,Swisher County,2010,2052
48439,Texas,Tarrant County,2010,507061
48441,Texas,Taylor County,2010,32158
48443,Texas,Terrell County,2010,218
48445,Texas,Terry County,2010,3279
48447,Texas,Throckmorton County,2010,366
48449,Texas,Titus County,2010,9883
48451,Texas,Tom Green County,2010,25934
48453,Texas,Travis County,2010,245037
48455,Texas,Trinity County,2010,3041
48457,Texas,Tyler County,2010,4352
48459,Texas,Upshur County,2010,9722
48461,Texas,Upton County,2010,915
48463,Texas,Uvalde County,2010,7633
48465,Texas,Val Verde County,2010,14564
48467,Texas,Van Zandt County,2010,12650
48469,Texas,Victoria County,2010,23177
48471,Texas,Walker County,2010,11318
48473,Texas,Waller County,2010,10656
48475,Texas,Ward County,2010,2920
48477,Texas,Washington County,2010,7450
48479,Texas,Webb County,2010,88158
48481,Texas,Wharton County,2010,11072
48483,Texas,Wheeler County,2010,1371
48485,Texas,Wichita County,2010,30409
48487,Texas,Wilbarger County,2010,3467
48489,Texas,Willacy County,2010,5931
48491,Texas,Williamson County,2010,121452
48493,Texas,Wilson County,2010,11334
48495,Texas,Winkler County,2010,2109
48497,Texas,Wise County,2010,15403
48499,Texas,Wood County,2010,8528
48501,Texas,Yoakum County,2010,2501
48503,Texas,Young County,2010,4459
48505,Texas,Zapata County,2010,4805
48507,Texas,Zavala County,2010,3660
49001,Utah,Beaver County,2010,2244
49003,Utah,Box Elder County,2010,16978
49005,Utah,Cache County,2010,35639
49007,Utah,Carbon County,2010,5722
49009,Utah,Daggett County,2010,243
49011,Utah,Davis County,2010,105339
49013,Utah,Duchesne County,2010,6309
49015,Utah,Emery County,2010,3488
49017,Utah,Garfield County,2010,1379
49019,Utah,Grand County,2010,2118
49021,Utah,Iron County,2010,13944
49023,Utah,Juab County,2010,3837
49025,Utah,Kane County,2010,1729
49027,Utah,Millard County,2010,4061
49029,Utah,Morgan County,2010,3349
49031,Utah,Piute County,2010,468
49033,Utah,Rich County,2010,704
49035,Utah,Salt Lake County,2010,299781
49037,Utah,San Juan County,2010,5017
49039,Utah,Sanpete County,2010,8341
49041,Utah,Sevier County,2010,6600
49043,Utah,Summit County,2010,10070
49045,Utah,Tooele County,2010,21018
49047,Utah,Uintah County,2010,10857
49049,Utah,Utah County,2010,181977
49051,Utah,Wasatch County,2010,7980
49053,Utah,Washington County,2010,41686
49055,Utah,Wayne County,2010,838
49057,Utah,Weber County,2010,69311
50001,Vermont,Addison County,2010,7502
50003,Vermont,Bennington County,2010,7603
50005,Vermont,Caledonia County,2010,6793
50007,Vermont,Chittenden County,2010,31313
50009,Vermont,Essex County,2010,1197
50011,Vermont,Franklin County,2010,11807
50013,Vermont,Grand Isle County,2010,1417
50015,Vermont,Lamoille County,2010,5467
50017,Vermont,Orange County,2010,6049
50019,Vermont,Orleans County,2010,5796
50021,Vermont,Rutland County,2010,11882
50023,Vermont,Washington County,2010,12320
50025,Vermont,Windham County,2010,8838
50027,Vermont,Windsor County,2010,11249
51001,Virginia,Accomack County,2010,6925
51003,Virginia,Albemarle County,2010,21285
51005,Virginia,Alleghany County,2010,3450
51007,Virginia,Amelia County,2010,2822
51009,Virginia,Amherst County,2010,6940
51011,Virginia,Appomattox County,2010,3325
51013,Virginia,Arlington County,2010,32626
51015,Virginia,Augusta County,2010,15755
51017,Virginia,Bath County,2010,804
51019,Virginia,Bedford County,2010,15305
51021,Virginia,Bland County,2010,1220
51023,Virginia,Botetourt County,2010,7434
51025,Virginia,Brunswick County,2010,3367
51027,Virginia,Buchanan County,2010,4513
51029,Virginia,Buckingham County,2010,3297
51031,Virginia,Campbell County,2010,12044
51033,Virginia,Caroline County,2010,6844
51035,Virginia,Carroll County,2010,6218
51036,Virginia,Charles City County,2010,1301
51037,Virginia,Charlotte County,2010,2901
51041,Virginia,Chesterfield County,2010,82515
51043,Virginia,Clarke County,2010,3221
51045,Virginia,Craig County,2010,1111
51047,Virginia,Culpeper County,2010,12085
51049,Virginia,Cumberland County,2010,2287
51051,Virginia,Dickenson County,2010,3323
51053,Virginia,Dinwiddie County,2010,6379
51057,Virginia,Essex County,2010,2451
51059,Virginia,Fairfax County,2010,262648
51061,Virginia,Fauquier County,2010,16445
51063,Virginia,Floyd County,2010,3347
51065,Virginia,Fluvanna County,2010,5918
51067,Virginia,Franklin County,2010,11677
51069,Virginia,Frederick County,2010,19675
51071,Virginia,Giles County,2010,3745
51073,Virginia,Gloucester County,2010,8140
51075,Virginia,Goochland County,2010,4400
51077,Virginia,Grayson County,2010,2950
51079,Virginia,Greene County,2010,4591
51081,Virginia,Greensville County,2010,2006
51083,Virginia,Halifax County,2010,7983
51085,Virginia,Hanover County,2010,24998
51087,Virginia,Henrico County,2010,74372
51089,Virginia,Henry County,2010,11108
51091,Virginia,Highland County,2010,346
51093,Virginia,Isle of Wight County,2010,8031
51095,Virginia,James City County,2010,14385
51097,Virginia,King and Queen County,2010,1442
51099,Virginia,King George County,2010,6540
51101,Virginia,King William County,2010,3935
51103,Virginia,Lancaster County,2010,1831
51105,Virginia,Lee County,2010,5177
51107,Virginia,Loudoun County,2010,95434
51109,Virginia,Louisa County,2010,7338
51111,Virginia,Lunenburg County,2010,2494
51113,Virginia,Madison County,2010,2970
51115,Virginia,Mathews County,2010,1634
51117,Virginia,Mecklenburg County,2010,6376
51119,Virginia,Middlesex County,2010,1761
51121,Virginia,Montgomery County,2010,15115
51125,Virginia,Nelson County,2010,2892
51127,Virginia,New Kent County,2010,4101
51131,Virginia,Northampton County,2010,2436
51133,Virginia,Northumberland County,2010,2021
51135,Virginia,Nottoway County,2010,3263
51137,Virginia,Orange County,2010,7662
51139,Virginia,Page County,2010,5193
51141,Virginia,Patrick County,2010,3566
51143,Virginia,Pittsylvania County,2010,13485
51145,Virginia,Powhatan County,2010,6477
51147,Virginia,Prince Edward County,2010,4057
51149,Virginia,Prince George County,2010,8052
51153,Virginia,Prince William County,2010,116175
51155,Virginia,Pulaski County,2010,6801
51157,Virginia,Rappahannock County,2010,1465
51159,Virginia,Richmond County,2010,1591
51161,Virginia,Roanoke County,2010,20113
51163,Virginia,Rockbridge County,2010,4264
51165,Virginia,Rockingham County,2010,18072
51167,Virginia,Russell County,2010,5905
51169,Virginia,Scott County,2010,4476
51171,Virginia,Shenandoah County,2010,9229
51173,Virginia,Smyth County,2010,6717
51175,Virginia,Southampton County,2010,3918
51177,Virginia,Spotsylvania County,2010,34043
51179,Virginia,Stafford County,2010,37197
51181,Virginia,Surry County,2010,1487
51183,Virginia,Sussex County,2010,2028
51185,Virginia,Tazewell County,2010,9175
51187,Virginia,Warren County,2010,9080
51191,Virginia,Washington County,2010,10754
51193,Virginia,Westmoreland County,2010,3493
51195,Virginia,Wise County,2010,8606
51197,Virginia,Wythe County,2010,6110
51199,Virginia,York County,2010,17276
51510,Virginia,Alexandria City,2010,23970
51515,Virginia,Bedford City,2010,1278
51520,Virginia,Bristol City,2010,3707
51530,Virginia,Buena Vista City,2010,1424
51540,Virginia,Charlottesville City,2010,6474
51550,Virginia,Chesapeake City,2010,57521
51570,Virginia,Colonial Heights City,2010,3888
51580,Virginia,Covington City,2010,1267
51590,Virginia,Danville City,2010,9262
51595,Virginia,Emporia City,2010,1527
51600,Virginia,Fairfax City,2010,4592
51610,Virginia,Falls Church City,2010,3047
51620,Virginia,Franklin City,2010,2046
51630,Virginia,Fredericksburg City,2010,4779
51640,Virginia,Galax City,2010,1544
51650,Virginia,Hampton City,2010,31274
51660,Virginia,Harrisonburg City,2010,7348
51670,Virginia,Hopewell City,2010,5673
51678,Virginia,Lexington City,2010,714
51680,Virginia,Lynchburg City,2010,14774
51683,Virginia,Manassas City,2010,10747
51685,Virginia,Manassas Park City,2010,4059
51690,Virginia,Martinsville City,2010,2955
51700,Virginia,Newport News City,2010,43913
51710,Virginia,Norfolk City,2010,50612
51720,Virginia,Norton City,2010,864
51730,Virginia,Petersburg City,2010,6707
51735,Virginia,Poquoson City,2010,2969
51740,Virginia,Portsmouth City,2010,22666
51750,Virginia,Radford City,2010,2145
51760,Virginia,Richmond City,2010,38009
51770,Virginia,Roanoke City,2010,21126
51775,Virginia,Salem City,2010,4934
51790,Virginia,Staunton City,2010,4615
51800,Virginia,Suffolk City,2010,22137
51810,Virginia,Virginia Beach City,2010,105249
51820,Virginia,Waynesboro City,2010,4896
51830,Virginia,Williamsburg City,2010,1404
51840,Virginia,Winchester City,2010,5821
53001,Washington,Adams County,2010,6512
53003,Washington,Asotin County,2010,4704
53005,Washington,Benton County,2010,47664
53007,Washington,Chelan County,2010,18063
53009,Washington,Clallam County,2010,12989
53011,Washington,Clark County,2010,112575
53013,Washington,Columbia County,2010,823
53015,Washington,Cowlitz County,2010,24721
53017,Washington,Douglas County,2010,10471
53019,Washington,Ferry County,2010,1498
53021,Washington,Franklin County,2010,26714
53023,Washington,Garfield County,2010,454
53025,Washington,Grant County,2010,27225
53027,Washington,Grays Harbor County,2010,15724
53029,Washington,Island County,2010,16294
53031,Washington,Jefferson County,2010,4446
53033,Washington,King County,2010,413502
53035,Washington,Kitsap County,2010,56496
53037,Washington,Kittitas County,2010,7484
53039,Washington,Klickitat County,2010,4483
53041,Washington,Lewis County,2010,17460
53043,Washington,Lincoln County,2010,2396
53045,Washington,Mason County,2010,12374
53047,Washington,Okanogan County,2010,9667
53049,Washington,Pacific County,2010,3748
53051,Washington,Pend Oreille County,2010,2808
53053,Washington,Pierce County,2010,198127
53055,Washington,San Juan County,2010,2493
53057,Washington,Skagit County,2010,27737
53059,Washington,Skamania County,2010,2458
53061,Washington,Snohomish County,2010,174167
53063,Washington,Spokane County,2010,109502
53065,Washington,Stevens County,2010,10495
53067,Washington,Thurston County,2010,58122
53069,Washington,Wahkiakum County,2010,734
53071,Washington,Walla Walla County,2010,13240
53073,Washington,Whatcom County,2010,42205
53075,Washington,Whitman County,2010,6741
53077,Washington,Yakima County,2010,74038
54001,West Virginia,Barbour County,2010,3602
54003,West Virginia,Berkeley County,2010,26216
54005,West Virginia,Boone County,2010,5625
54007,West Virginia,Braxton County,2010,3009
54009,West Virginia,Brooke County,2010,4577
54011,West Virginia,Cabell County,2010,18908
54013,West Virginia,Calhoun County,2010,1514
54015,West Virginia,Clay County,2010,2219
54017,West Virginia,Doddridge County,2010,1676
54019,West Virginia,Fayette County,2010,9456
54021,West Virginia,Gilmer County,2010,1257
54023,West Virginia,Grant County,2010,2557
54025,West Virginia,Greenbrier County,2010,7116
54027,West Virginia,Hampshire County,2010,5386
54029,West Virginia,Hancock County,2010,6161
54031,West Virginia,Hardy County,2010,3009
54033,West Virginia,Harrison County,2010,15172
54035,West Virginia,Jackson County,2010,6589
54037,West Virginia,Jefferson County,2010,12704
54039,West Virginia,Kanawha County,2010,39734
54041,West Virginia,Lewis County,2010,3397
54043,West Virginia,Lincoln County,2010,4930
54045,West Virginia,Logan County,2010,7494
54047,West Virginia,McDowell County,2010,4414
54049,West Virginia,Marion County,2010,11205
54051,West Virginia,Marshall County,2010,6892
54053,West Virginia,Mason County,2010,5932
54055,West Virginia,Mercer County,2010,12792
54057,West Virginia,Mineral County,2010,5871
54059,West Virginia,Mingo County,2010,5916
54061,West Virginia,Monongalia County,2010,15252
54063,West Virginia,Monroe County,2010,2838
54065,West Virginia,Morgan County,2010,3600
54067,West Virginia,Nicholas County,2010,5550
54069,West Virginia,Ohio County,2010,8465
54071,West Virginia,Pendleton County,2010,1463
54073,West Virginia,Pleasants County,2010,1551
54075,West Virginia,Pocahontas County,2010,1560
54077,West Virginia,Preston County,2010,6552
54079,West Virginia,Putnam County,2010,13124
54081,West Virginia,Raleigh County,2010,16380
54083,West Virginia,Randolph County,2010,5706
54085,West Virginia,Ritchie County,2010,2208
54087,West Virginia,Roane County,2010,3237
54089,West Virginia,Summers County,2010,2523
54091,West Virginia,Taylor County,2010,3514
54093,West Virginia,Tucker County,2010,1370
54095,West Virginia,Tyler County,2010,1925
54097,West Virginia,Upshur County,2010,5004
54099,West Virginia,Wayne County,2010,9522
54101,West Virginia,Webster County,2010,1974
54103,West Virginia,Wetzel County,2010,3464
54105,West Virginia,Wirt County,2010,1201
54107,West Virginia,Wood County,2010,18991
54109,West Virginia,Wyoming County,2010,5114
55001,Wisconsin,Adams County,2010,3421
55003,Wisconsin,Ashland County,2010,3744
55005,Wisconsin,Barron County,2010,10150
55007,Wisconsin,Bayfield County,2010,2853
55009,Wisconsin,Brown County,2010,61823
55011,Wisconsin,Buffalo County,2010,3021
55013,Wisconsin,Burnett County,2010,3082
55015,Wisconsin,Calumet County,2010,13238
55017,Wisconsin,Chippewa County,2010,14709
55019,Wisconsin,Clark County,2010,10091
55021,Wisconsin,Columbia County,2010,13267
55023,Wisconsin,Crawford County,2010,3724
55025,Wisconsin,Dane County,2010,106084
55027,Wisconsin,Dodge County,2010,19579
55029,Wisconsin,Door County,2010,5076
55031,Wisconsin,Douglas County,2010,9465
55033,Wisconsin,Dunn County,2010,9059
55035,Wisconsin,Eau Claire County,2010,20872
55037,Wisconsin,Florence County,2010,774
55039,Wisconsin,Fond du Lac County,2010,23044
55041,Wisconsin,Forest County,2010,2043
55043,Wisconsin,Grant County,2010,10886
55045,Wisconsin,Green County,2010,8953
55047,Wisconsin,Green Lake County,2010,4388
55049,Wisconsin,Iowa County,2010,5889
55051,Wisconsin,Iron County,2010,981
55053,Wisconsin,Jackson County,2010,4631
55055,Wisconsin,Jefferson County,2010,19857
55057,Wisconsin,Juneau County,2010,5673
55059,Wisconsin,Kenosha County,2010,42829
55061,Wisconsin,Kewaunee County,2010,4849
55063,Wisconsin,La Crosse County,2010,24462
55065,Wisconsin,Lafayette County,2010,4349
55067,Wisconsin,Langlade County,2010,4215
55069,Wisconsin,Lincoln County,2010,6302
55071,Wisconsin,Manitowoc County,2010,18210
55073,Wisconsin,Marathon County,2010,32869
55075,Wisconsin,Marinette County,2010,8567
55077,Wisconsin,Marquette County,2010,3085
55078,Wisconsin,Menominee County,2010,1379
55079,Wisconsin,Milwaukee County,2010,236377
55081,Wisconsin,Monroe County,2010,11670
55083,Wisconsin,Oconto County,2010,8432
55085,Wisconsin,Oneida County,2010,6639
55087,Wisconsin,Outagamie County,2010,44424
55089,Wisconsin,Ozaukee County,2010,20372
55091,Wisconsin,Pepin County,2010,1704
55093,Wisconsin,Pierce County,2010,9159
55095,Wisconsin,Polk County,2010,10500
55097,Wisconsin,Portage County,2010,14547
55099,Wisconsin,Price County,2010,2699
55101,Wisconsin,Racine County,2010,48510
55103,Wisconsin,Richland County,2010,4200
55105,Wisconsin,Rock County,2010,40183
55107,Wisconsin,Rusk County,2010,3315
55109,Wisconsin,St. Croix County,2010,22883
55111,Wisconsin,Sauk County,2010,14767
55113,Wisconsin,Sawyer County,2010,3454
55115,Wisconsin,Shawano County,2010,9562
55117,Wisconsin,Sheboygan County,2010,27582
55119,Wisconsin,Taylor County,2010,5089
55121,Wisconsin,Trempealeau County,2010,6985
55123,Wisconsin,Vernon County,2010,7878
55125,Wisconsin,Vilas County,2010,3809
55127,Wisconsin,Walworth County,2010,24000
55129,Wisconsin,Washburn County,2010,3232
55131,Wisconsin,Washington County,2010,32377
55133,Wisconsin,Waukesha County,2010,93810
55135,Wisconsin,Waupaca County,2010,11870
55137,Wisconsin,Waushara County,2010,4834
55139,Wisconsin,Winnebago County,2010,36132
55141,Wisconsin,Wood County,2010,17004
56001,Wyoming,Albany County,2010,6037
56003,Wyoming,Big Horn County,2010,3013
56005,Wyoming,Campbell County,2010,12982
56007,Wyoming,Carbon County,2010,3751
56009,Wyoming,Converse County,2010,3512
56011,Wyoming,Crook County,2010,1689
56013,Wyoming,Fremont County,2010,10212
56015,Wyoming,Goshen County,2010,2701
56017,Wyoming,Hot Springs County,2010,964
56019,Wyoming,Johnson County,2010,1896
56021,Wyoming,Laramie County,2010,22401
56023,Wyoming,Lincoln County,2010,5104
56025,Wyoming,Natrona County,2010,18020
56027,Wyoming,Niobrara County,2010,470
56029,Wyoming,Park County,2010,5911
56031,Wyoming,Platte County,2010,1765
56033,Wyoming,Sheridan County,2010,6485
56035,Wyoming,Sublette County,2010,2428
56037,Wyoming,Sweetwater County,2010,11869
56039,Wyoming,Teton County,2010,4076
56041,Wyoming,Uinta County,2010,6371
56043,Wyoming,Washakie County,2010,2172
56045,Wyoming,Weston County,2010,1573
72001,Puerto Rico,Adjuntas Municipio,2010,4999
72003,Puerto Rico,Aguada Municipio,2010,9926
72005,Puerto Rico,Aguadilla Municipio,2010,14433
72007,Puerto Rico,Aguas Buenas Municipio,2010,7185
72009,Puerto Rico,Aibonito Municipio,2010,6238
72011,Puerto Rico,Añasco Municipio,2010,6999
72013,Puerto Rico,Arecibo Municipio,2010,22176
72015,Puerto Rico,Arroyo Municipio,2010,5253
72017,Puerto Rico,Barceloneta Municipio,2010,6320
72019,Puerto Rico,Barranquitas Municipio,2010,8357
72021,Puerto Rico,Bayamón Municipio,2010,46993
72023,Puerto Rico,Cabo Rojo Municipio,2010,11905
72025,Puerto Rico,Caguas Municipio,2010,34542
72027,Puerto Rico,Camuy Municipio,2010,8658
72029,Puerto Rico,Canóvanas Municipio,2010,12719
72031,Puerto Rico,Carolina Municipio,2010,40703
72033,Puerto Rico,Cataño Municipio,2010,7186
72035,Puerto Rico,Cayey Municipio,2010,11417
72037,Puerto Rico,Ceiba Municipio,2010,3353
72039,Puerto Rico,Ciales Municipio,2010,4812
72041,Puerto Rico,Cidra Municipio,2010,10849
72043,Puerto Rico,Coamo Municipio,2010,10795
72045,Puerto Rico,Comerío Municipio,2010,5260
72047,Puerto Rico,Corozal Municipio,2010,9644
72049,Puerto Rico,Culebra Municipio,2010,415
72051,Puerto Rico,Dorado Municipio,2010,10056
72053,Puerto Rico,Fajardo Municipio,2010,9260
72054,Puerto Rico,Florida Municipio,2010,3327
72055,Puerto Rico,Guánica Municipio,2010,4786
72057,Puerto Rico,Guayama Municipio,2010,11684
72059,Puerto Rico,Guayanilla Municipio,2010,5480
72061,Puerto Rico,Guaynabo Municipio,2010,21068
72063,Puerto Rico,Gurabo Municipio,2010,11820
72065,Puerto Rico,Hatillo Municipio,2010,10199
72067,Puerto Rico,Hormigueros Municipio,2010,3693
72069,Puerto Rico,Humacao Municipio,2010,13845
72071,Puerto Rico,Isabela Municipio,2010,10873
72073,Puerto Rico,Jayuya Municipio,2010,4571
72075,Puerto Rico,Juana Díaz Municipio,2010,13835
72077,Puerto Rico,Juncos Municipio,2010,10695
72079,Puerto Rico,Lajas Municipio,2010,5953
72081,Puerto Rico,Lares Municipio,2010,7371
72083,Puerto Rico,Las Marías Municipio,2010,2412
72085,Puerto Rico,Las Piedras Municipio,2010,9753
72087,Puerto Rico,Loíza Municipio,2010,8132
72089,Puerto Rico,Luquillo Municipio,2010,5091
72091,Puerto Rico,Manatí Municipio,2010,11146
72093,Puerto Rico,Maricao Municipio,2010,1574
72095,Puerto Rico,Maunabo Municipio,2010,2954
72097,Puerto Rico,Mayagüez Municipio,2010,17962
72099,Puerto Rico,Moca Municipio,2010,10352
72101,Puerto Rico,Morovis Municipio,2010,9057
72103,Puerto Rico,Naguabo Municipio,2010,7082
72105,Puerto Rico,Naranjito Municipio,2010,7557
72107,Puerto Rico,Orocovis Municipio,2010,6359
72109,Puerto Rico,Patillas Municipio,2010,4667
72111,Puerto Rico,Peñuelas Municipio,2010,6684
72113,Puerto Rico,Ponce Municipio,2010,40605
72115,Puerto Rico,Quebradillas Municipio,2010,6390
72117,Puerto Rico,Rincón Municipio,2010,3424
72119,Puerto Rico,Río Grande Municipio,2010,13478
72121,Puerto Rico,Sabana Grande Municipio,2010,6233
72123,Puerto Rico,Salinas Municipio,2010,8431
72125,Puerto Rico,San Germán Municipio,2010,7990
72127,Puerto Rico,San Juan Municipio,2010,85821
72129,Puerto Rico,San Lorenzo Municipio,2010,9982
72131,Puerto Rico,San Sebastián Municipio,2010,10091
72133,Puerto Rico,Santa Isabel Municipio,2010,6765
72135,Puerto Rico,Toa Alta Municipio,2010,20324
72137,Puerto Rico,Toa Baja Municipio,2010,21829
72139,Puerto Rico,Trujillo Alto Municipio,2010,18815
72141,Puerto Rico,Utuado Municipio,2010,8154
72143,Puerto Rico,Vega Alta Municipio,2010,10426
72145,Puerto Rico,Vega Baja Municipio,2010,15113
72147,Puerto Rico,Vieques Municipio,2010,2196
72149,Puerto Rico,Villalba Municipio,2010,7173
72151,Puerto Rico,Yabucoa Municipio,2010,9488
72153,Puerto Rico,Yauco Municipio,2010,10132
01001,Alabama,Autauga County,2020,14282
01003,Alabama,Baldwin County,2020,49296
01005,Alabama,Barbour County,2020,5089
01007,Alabama,Bibb County,2020,4760
01009,Alabama,Blount County,2020,13731
01011,Alabama,Bullock County,2020,2001
01013,Alabama,Butler County,2020,4148
01015,Alabama,Calhoun County,2020,24152
01017,Alabama,Chambers County,2020,6981
01019,Alabama,Cherokee County,2020,4802
01021,Alabama,Chilton County,2020,10629
01023,Alabama,Choctaw County,2020,2497
01025,Alabama,Clarke County,2020,4838
01027,Alabama,Clay County,2020,2937
01029,Alabama,Cleburne County,2020,3436
01031,Alabama,Coffee County,2020,12691
01033,Alabama,Colbert County,2020,12149
01035,Alabama,Conecuh County,2020,2320
01037,Alabama,Coosa County,2020,1784
01039,Alabama,Covington County,2020,8183
01041,Alabama,Crenshaw County,2020,2834
01043,Alabama,Cullman County,2020,19626
01045,Alabama,Dale County,2020,11278
01047,Alabama,Dallas County,2020,8849
01049,Alabama,DeKalb County,2020,17688
01051,Alabama,Elmore County,2020,18972
01053,Alabama,Escambia County,2020,8182
01055,Alabama,Etowah County,2020,22315
01057,Alabama,Fayette County,2020,3530
01059,Alabama,Franklin County,2020,8182
01061,Alabama,Geneva County,2020,5839
01063,Alabama,Greene County,2020,1660
01065,Alabama,Hale County,2020,3302
01067,Alabama,Henry County,2020,3505
01069,Alabama,Houston County,2020,24556
01071,Alabama,Jackson County,2020,10811
01073,Alabama,Jefferson County,2020,147634
01075,Alabama,Lamar County,2020,2953
01077,Alabama,Lauderdale County,2020,18656
01079,Alabama,Lawrence County,2020,7195
01081,Alabama,Lee County,2020,37797
01083,Alabama,Limestone County,2020,23852
01085,Alabama,Lowndes County,2020,2028
01087,Alabama,Macon County,2020,3306
01089,Alabama,Madison County,2020,84010
01091,Alabama,Marengo County,2020,4270
01093,Alabama,Marion County,2020,6077
01095,Alabama,Marshall County,2020,24082
01097,Alabama,Mobile County,2020,95382
01099,Alabama,Monroe County,2020,4210
01101,Alabama,Montgomery County,2020,51527
01103,Alabama,Morgan County,2020,27936
01105,Alabama,Perry County,2020,1771
01107,Alabama,Pickens County,2020,3676
01109,Alabama,Pike County,2020,6200
01111,Alabama,Randolph County,2020,4703
01113,Alabama,Russell County,2020,14502
01115,Alabama,St. Clair County,2020,21011
01117,Alabama,Shelby County,2020,52537
01119,Alabama,Sumter County,2020,2431
01121,Alabama,Talladega County,2020,17125
01123,Alabama,Tallapoosa County,2020,8299
01125,Alabama,Tuscaloosa County,2020,48012
01127,Alabama,Walker County,2020,13675
01129,Alabama,Washington County,2020,3307
01131,Alabama,Wilcox County,2020,2340
01133,Alabama,Winston County,2020,4774
02013,Alaska,Aleutians East Borough,2020,300
02016,Alaska,Aleutians West Census Area,2020,653
02020,Alaska,Anchorage Municipality,2020,68332
02050,Alaska,Bethel Census Area,2020,6536
02060,Alaska,Bristol Bay Borough,2020,186
02063,Alaska,Chugach Census Area,2020,1646
02066,Alaska,Copper River Census Area,2020,586
02068,Alaska,Denali Borough,2020,328
02070,Alaska,Dillingham Census Area,2020,1538
02090,Alaska,Fairbanks North Star Borough,2020,22907
02100,Alaska,Haines Borough,2020,378
02105,Alaska,Hoonah-Angoon Census Area,2020,520
02110,Alaska,Juneau City and Borough,2020,6888
02122,Alaska,Kenai Peninsula Borough,2020,12812
02130,Alaska,Ketchikan Gateway Borough,2020,3093
02150,Alaska,Kodiak Island Borough,2020,3227
02158,Alaska,Kusilvak Census Area,2020,3421
02164,Alaska,Lake and Peninsula Borough,2020,451
02170,Alaska,Matanuska-Susitna Borough,2020,29000
02180,Alaska,Nome Census Area,2020,3295
02185,Alaska,North Slope Borough,2020,2852
02188,Alaska,Northwest Arctic Borough,2020,2807
02195,Alaska,Petersburg Borough,2020,713
02198,Alaska,Prince of Wales-Hyder Census Area,2020,1370
02220,Alaska,Sitka City and Borough,2020,1744
02230,Alaska,Skagway Municipality,2020,247
02240,Alaska,Southeast Fairbanks Census Area,2020,1585
02275,Alaska,Wrangell City and Borough,2020,420
02282,Alaska,Yakutat City and Borough,2020,128
02290,Alaska,Yukon-Koyukuk Census Area,2020,1425
04001,Arizona,Apache County,2020,16916
04003,Arizona,Cochise County,2020,26117
04005,Arizona,Coconino County,2020,29109
04007,Arizona,Gila County,2020,10266
04009,Arizona,Graham County,2020,10818
04011,Arizona,Greenlee County,2020,2720
04012,Arizona,La Paz County,2020,3052
04013,Arizona,Maricopa County,2020,1038182
04015,Arizona,Mohave County,2020,35806
04017,Arizona,Navajo County,2020,27509
04019,Arizona,Pima County,2020,209168
04021,Arizona,Pinal County,2020,99624
04023,Arizona,Santa Cruz County,2020,12454
04025,Arizona,Yavapai County,2020,37073
04027,Arizona,Yuma County,2020,50712
05001,Arkansas,Arkansas County,2020,3856
05003,Arkansas,Ashley County,2020,4326
05005,Arkansas,Baxter County,2020,7269
05007,Arkansas,Benton County,2020,75729
05009,Arkansas,Boone County,2020,8290
05011,Arkansas,Bradley County,2020,2688
05013,Arkansas,Calhoun County,2020,958
05015,Arkansas,Carroll County,2020,6178
05017,Arkansas,Chicot County,2020,2203
05019,Arkansas,Clark County,2020,4045
05021,Arkansas,Clay County,2020,3168
05023,Arkansas,Cleburne County,2020,4612
05025,Arkansas,Cleveland County,2020,1608
05027,Arkansas,Columbia County,2020,4847
05029,Arkansas,Conway County,2020,4731
05031,Arkansas,Craighead County,2020,27611
05033,Arkansas,Crawford County,2020,14746
05035,Arkansas,Crittenden County,2020,12626
05037,Arkansas,Cross County,2020,4146
05039,Arkansas,Dallas County,2020,1385
05041,Arkansas,Desha County,2020,2790
05043,Arkansas,Drew County,2020,3968
05045,Arkansas,Faulkner County,2020,28825
05047,Arkansas,Franklin County,2020,4111
05049,Arkansas,Fulton County,2020,2666
05051,Arkansas,Garland County,2020,20450
05053,Arkansas,Grant County,2020,4142
05055,Arkansas,Greene County,2020,11250
05057,Arkansas,Hempstead County,2020,5041
05059,Arkansas,Hot Spring County,2020,6999
05061,Arkansas,Howard County,2020,3237
05063,Arkansas,Independence County,2020,9171
05065,Arkansas,Izard County,2020,2405
05067,Arkansas,Jackson County,2020,3313
05069,Arkansas,Jefferson County,2020,13987
05071,Arkansas,Johnson County,2020,6372
05073,Arkansas,Lafayette County,2020,1230
05075,Arkansas,Lawrence County,2020,3619
05077,Arkansas,Lee County,2020,1571
05079,Arkansas,Lincoln County,2020,2083
05081,Arkansas,Little River County,2020,2672
05083,Arkansas,Logan County,2020,4852
05085,Arkansas,Lonoke County,2020,19082
05087,Arkansas,Madison County,2020,3771
05089,Arkansas,Marion County,2020,3006
05091,Arkansas,Miller County,2020,9876
05093,Arkansas,Mississippi County,2020,10497
05095,Arkansas,Monroe County,2020,1435
05097,Arkansas,Montgomery County,2020,1681
05099,Arkansas,Nevada County,2020,1877
05101,Arkansas,Newton County,2020,1297
05103,Arkansas,Ouachita County,2020,4899
05105,Arkansas,Perry County,2020,2199
05107,Arkansas,Phillips County,2020,4240
05109,Arkansas,Pike County,2020,2274
05111,Arkansas,Poinsett County,2020,5435
05113,Arkansas,Polk County,2020,4314
05115,Arkansas,Pope County,2020,14408
05117,Arkansas,Prairie County,2020,1787
05119,Arkansas,Pulaski County,2020,89547
05121,Arkansas,Randolph County,2020,4444
05123,Arkansas,St. Francis County,2020,4684
05125,Arkansas,Saline County,2020,29564
05127,Arkansas,Scott County,2020,2329
05129,Arkansas,Searcy County,2020,1554
05131,Arkansas,Sebastian County,2020,30418
05133,Arkansas,Sevier County,2020,4434
05135,Arkansas,Sharp County,2020,3538
05137,Arkansas,Stone County,2020,2479
05139,Arkansas,Union County,2020,9046
05141,Arkansas,Van Buren County,2020,3018
05143,Arkansas,Washington County,2020,58202
05145,Arkansas,White County,2020,17887
05147,Arkansas,Woodruff County,2020,1316
05149,Arkansas,Yell County,2020,4937
06001,California,Alameda County,2020,343965
06003,California,Alpine County,2020,195
06005,California,Amador County,2020,6432
06007,California,Butte County,2020,43293
06009,California,Calaveras County,2020,7955
06011,California,Colusa County,2020,6106
06013,California,Contra Costa County,2020,263255
06015,California,Del Norte County,2020,5691
06017,California,El Dorado County,2020,39102
06019,California,Fresno County,2020,278409
06021,California,Glenn County,2020,7453
06023,California,Humboldt County,2020,26654
06025,California,Imperial County,2020,47502
06027,California,Inyo County,2020,3836
06029,California,Kern County,2020,257496
06031,California,Kings County,2020,40551
06033,California,Lake County,2020,14083
06035,California,Lassen County,2020,5504
06037,California,Los Angeles County,2020,2054218
06039,California,Madera County,2020,43026
06041,California,Marin County,2020,52870
06043,California,Mariposa County,2020,2944
06045,California,Mendocino County,2020,18850
06047,California,Merced County,2020,80979
06049,California,Modoc County,2020,1795
06051,California,Mono County,2020,2640
06053,California,Monterey County,2020,111258
06055,California,Napa County,2020,27546
06057,California,Nevada County,2020,17910
06059,California,Orange County,2020,667331
06061,California,Placer County,2020,91622
06063,California,Plumas County,2020,3450
06065,California,Riverside County,2020,594680
06067,California,Sacramento County,2020,367746
06069,California,San Benito County,2020,16294
06071,California,San Bernardino County,2020,552612
06073,California,San Diego County,2020,689866
06075,California,San Francisco County,2020,113227
06077,California,San Joaquin County,2020,205833
06079,California,San Luis Obispo County,2020,50680
06081,California,San Mateo County,2020,154206
06083,California,Santa Barbara County,2020,97424
06085,California,Santa Clara County,2020,406542
06087,California,Santa Cruz County,2020,51097
06089,California,Shasta County,2020,38643
06091,California,Sierra County,2020,538
06093,California,Siskiyou County,2020,8486
06095,California,Solano County,2020,98721
06097,California,Sonoma County,2020,95711
06099,California,Stanislaus County,2020,144970
06101,California,Sutter County,2020,25052
06103,California,Tehama County,2020,15978
06105,California,Trinity County,2020,2693
06107,California,Tulare County,2020,142024
06109,California,Tuolumne County,2020,9352
06111,California,Ventura County,2020,187645
06113,California,Yolo County,2020,45147
06115,California,Yuba County,2020,22030
08001,Colorado,Adams County,2020,133301
08003,Colorado,Alamosa County,2020,3832
08005,Colorado,Arapahoe County,2020,153390
08007,Colorado,Archuleta County,2020,2411
08009,Colorado,Baca County,2020,753
08011,Colorado,Bent County,2020,905
08013,Colorado,Boulder County,2020,62118
08014,Colorado,Broomfield County,2020,16196
08015,Colorado,Chaffee County,2020,3005
08017,Colorado,Cheyenne County,2020,410
08019,Colorado,Clear Creek County,2020,1386
08021,Colorado,Conejos County,2020,1946
08023,Colorado,Costilla County,2020,620
08025,Colorado,Crowley County,2020,638
08027,Colorado,Custer County,2020,708
08029,Colorado,Delta County,2020,6203
08031,Colorado,Denver County,2020,134460
08033,Colorado,Dolores County,2020,402
08035,Colorado,Douglas County,2020,91972
08037,Colorado,Eagle County,2020,12468
08039,Colorado,Elbert County,2020,5667
08041,Colorado,El Paso County,2020,171684
08043,Colorado,Fremont County,2020,7735
08045,Colorado,Garfield County,2020,15519
08047,Colorado,Gilpin County,2020,892
08049,Colorado,Grand County,2020,2627
08051,Colorado,Gunnison County,2020,2890
08053,Colorado,Hinsdale County,2020,131
08055,Colorado,Huerfano County,2020,1098
08057,Colorado,Jackson County,2020,242
08059,Colorado,Jefferson County,2020,113844
08061,Colorado,Kiowa County,2020,347
08063,Colorado,Kit Carson County,2020,1782
08065,Colorado,Lake County,2020,1552
08067,Colorado,La Plata County,2020,10369
08069,Colorado,Larimer County,2020,69733
08071,Colorado,Las Animas County,2020,2511
08073,Colorado,Lincoln County,2020,1190
08075,Colorado,Logan County,2020,4097
08077,Colorado,Mesa County,2020,32648
08079,Colorado,Mineral County,2020,92
08081,Colorado,Moffat County,2020,3299
08083,Colorado,Montezuma County,2020,5385
08085,Colorado,Montrose County,2020,9071
08087,Colorado,Morgan County,2020,7721
08089,Colorado,Otero County,2020,4372
08091,Colorado,Ouray County,2020,691
08093,Colorado,Park County,2020,2795
08095,Colorado,Phillips County,2020,1129
08097,Colorado,Pitkin County,2020,2877
08099,Colorado,Prowers County,2020,3039
08101,Colorado,Pueblo County,2020,37299
08103,Colorado,Rio Blanco County,2020,1640
08105,Colorado,Rio Grande County,2020,2580
08107,Colorado,Routt County,2020,4769
08109,Colorado,Saguache County,2020,1272
08111,Colorado,San Juan County,2020,105
08113,Colorado,San Miguel County,2020,1557
08115,Colorado,Sedgwick County,2020,484
08117,Colorado,Summit County,2020,5202
08119,Colorado,Teller County,2020,4166
08121,Colorado,Washington County,2020,1095
08123,Colorado,Weld County,2020,87148
08125,Colorado,Yuma County,2020,2668
09001,Connecticut,Fairfield County,2020,214249
09003,Connecticut,Hartford County,2020,186073
09005,Connecticut,Litchfield County,2020,33307
09007,Connecticut,Middlesex County,2020,28262
09009,Connecticut,New Haven County,2020,173841
09011,Connecticut,New London County,2020,51633
09013,Connecticut,Tolland County,2020,26204
09015,Connecticut,Windham County,2020,23148
10001,Delaware,Kent County,2020,42046
10003,Delaware,New Castle County,2020,120843
10005,Delaware,Sussex County,2020,43516
11001,District of Columbia,District of Columbia,2020,114384
12001,Florida,Alachua County,2020,50563
12003,Florida,Baker County,2020,6621
12005,Florida,Bay County,2020,35557
12007,Florida,Bradford County,2020,5311
12009,Florida,Brevard County,2020,109517
12011,Florida,Broward County,2020,398337
12013,Florida,Calhoun County,2020,2725
12015,Florida,Charlotte County,2020,22607
12017,Florida,Citrus County,2020,22356
12019,Florida,Clay County,2020,52106
12021,Florida,Collier County,2020,62583
12023,Florida,Columbia County,2020,14885
12027,Florida,DeSoto County,2020,6968
12029,Florida,Dixie County,2020,3029
12031,Florida,Duval County,2020,213964
12033,Florida,Escambia County,2020,63760
12035,Florida,Flagler County,2020,18992
12037,Florida,Franklin County,2020,1896
12039,Florida,Gadsden County,2020,9209
12041,Florida,Gilchrist County,2020,3690
12043,Florida,Glades County,2020,2038
12045,Florida,Gulf County,2020,2371
12047,Florida,Hamilton County,2020,2675
12049,Florida,Hardee County,2020,6487
12051,Florida,Hendry County,2020,10175
12053,Florida,Hernando County,2020,35851
12055,Florida,Highlands County,2020,17711
12057,Florida,Hillsborough County,2020,320731
12059,Florida,Holmes County,2020,4055
12061,Florida,Indian River County,2020,25402
12063,Florida,Jackson County,2020,9048
12065,Florida,Jefferson County,2020,2455
12067,Florida,Lafayette County,2020,1407
12069,Florida,Lake County,2020,71512
12071,Florida,Lee County,2020,132497
12073,Florida,Leon County,2020,55607
12075,Florida,Levy County,2020,8622
12077,Florida,Liberty County,2020,1467
12079,Florida,Madison County,2020,3580
12081,Florida,Manatee County,2020,73077
12083,Florida,Marion County,2020,67551
12085,Florida,Martin County,2020,26176
12086,Florida,Miami-Dade County,2020,523147
12087,Florida,Monroe County,2020,12257
12089,Florida,Nassau County,2020,18166
12091,Florida,Okaloosa County,2020,47213
12093,Florida,Okeechobee County,2020,8712
12095,Florida,Orange County,2020,314110
12097,Florida,Osceola County,2020,90840
12099,Florida,Palm Beach County,2020,283567
12101,Florida,Pasco County,2020,113865
12103,Florida,Pinellas County,2020,148986
12105,Florida,Polk County,2020,158610
12107,Florida,Putnam County,2020,15137
12109,Florida,St. Johns County,2020,62824
12111,Florida,St. Lucie County,2020,65485
12113,Florida,Santa Rosa County,2020,42806
12115,Florida,Sarasota County,2020,59542
12117,Florida,Seminole County,2020,100074
12119,Florida,Sumter County,2020,9056
12121,Florida,Suwannee County,2020,9195
12123,Florida,Taylor County,2020,4314
12125,Florida,Union County,2020,3054
12127,Florida,Volusia County,2020,95420
12129,Florida,Wakulla County,2020,6910
12131,Florida,Walton County,2020,15350
12133,Florida,Washington County,2020,5144
13001,Georgia,Appling County,2020,4486
13003,Georgia,Atkinson County,2020,2157
13005,Georgia,Bacon County,2020,2830
13007,Georgia,Baker County,2020,601
13009,Georgia,Baldwin County,2020,8067
13011,Georgia,Banks County,2020,4135
13013,Georgia,Barrow County,2020,21310
13015,Georgia,Bartow County,2020,25331
13017,Georgia,Ben Hill County,2020,4029
13019,Georgia,Berrien County,2020,4470
13021,Georgia,Bibb County,2020,36444
13023,Georgia,Bleckley County,2020,2970
13025,Georgia,Brantley County,2020,4329
13027,Georgia,Brooks County,2020,3554
13029,Georgia,Bryan County,2020,12910
13031,Georgia,Bulloch County,2020,16605
13033,Georgia,Burke County,2020,5818
13035,Georgia,Butts County,2020,5074
13037,Georgia,Calhoun County,2020,886
13039,Georgia,Camden County,2020,12960
13043,Georgia,Candler County,2020,2740
13045,Georgia,Carroll County,2020,28152
13047,Georgia,Catoosa County,2020,15424
13049,Georgia,Charlton County,2020,2383
13051,Georgia,Chatham County,2020,60576
13053,Georgia,Chattahoochee County,2020,2366
13055,Georgia,Chattooga County,2020,5549
13057,Georgia,Cherokee County,2020,63692
13059,Georgia,Clarke County,2020,21841
13061,Georgia,Clay County,2020,602
13063,Georgia,Clayton County,2020,77017
13065,Georgia,Clinch County,2020,1715
13067,Georgia,Cobb County,2020,174301
13069,Georgia,Coffee County,2020,10673
13071,Georgia,Colquitt County,2020,11705
13073,Georgia,Columbia County,2020,41187
13075,Georgia,Cook County,2020,4291
13077,Georgia,Coweta County,2020,35003
13079,Georgia,Crawford County,2020,2524
13081,Georgia,Crisp County,2020,4558
13083,Georgia,Dade County,2020,3264
13085,Georgia,Dawson County,2020,5357
13087,Georgia,Decatur County,2020,6924
13089,Georgia,DeKalb County,2020,169106
13091,Georgia,Dodge County,2020,4216
13093,Georgia,Dooly County,2020,2021
13095,Georgia,Dougherty County,2020,19524
13097,Georgia,Douglas County,2020,35809
13099,Georgia,Early County,2020,2539
13101,Georgia,Echols County,2020,988
13103,Georgia,Effingham County,2020,17474
13105,Georgia,Elbert County,2020,4144
13107,Georgia,Emanuel County,2020,5448
13109,Georgia,Evans County,2020,2647
13111,Georgia,Fannin County,2020,4131
13113,Georgia,Fayette County,2020,27396
13115,Georgia,Floyd County,2020,22289
13117,Georgia,Forsyth County,2020,70090
13119,Georgia,Franklin County,2020,5117
13121,Georgia,Fulton County,2020,219528
13123,Georgia,Gilmer County,2020,5936
13125,Georgia,Glascock County,2020,648
13127,Georgia,Glynn County,2020,18031
13129,Georgia,Gordon County,2020,14044
13131,Georgia,Grady County,2020,6274
13133,Georgia,Greene County,2020,3557
13135,Georgia,Gwinnett County,2020,247578
13137,Georgia,Habersham County,2020,10153
13139,Georgia,Hall County,2020,49292
13141,Georgia,Hancock County,2020,1248
13143,Georgia,Haralson County,2020,7065
13145,Georgia,Harris County,2020,7869
13147,Georgia,Hart County,2020,5392
13149,Georgia,Heard County,2020,2714
13151,Georgia,Henry County,2020,60739
13153,Georgia,Houston County,2020,41515
13155,Georgia,Irwin County,2020,2119
13157,Georgia,Jackson County,2020,19456
13159,Georgia,Jasper County,2020,3470
13161,Georgia,Jeff Davis County,2020,3923
13163,Georgia,Jefferson County,2020,3408
13165,Georgia,Jenkins County,2020,1669
13167,Georgia,Johnson County,2020,1715
13169,Georgia,Jones County,2020,6772
13171,Georgia,Lamar County,2020,3959
13173,Georgia,Lanier County,2020,2551
13175,Georgia,Laurens County,2020,11836
13177,Georgia,Lee County,2020,8487
13179,Georgia,Liberty County,2020,17242
13181,Georgia,Lincoln County,2020,1420
13183,Georgia,Long County,2020,4934
13185,Georgia,Lowndes County,2020,29220
13187,Georgia,Lumpkin County,2020,5799
13189,Georgia,McDuffie County,2020,5017
13191,Georgia,McIntosh County,2020,1935
13193,Georgia,Macon County,2020,2144
13195,Georgia,Madison County,2020,7008
13197,Georgia,Marion County,2020,1644
13199,Georgia,Meriwether County,2020,4087
13201,Georgia,Miller County,2020,1251
13205,Georgia,Mitchell County,2020,4690
13207,Georgia,Monroe County,2020,6044
13209,Georgia,Montgomery County,2020,1818
13211,Georgia,Morgan County,2020,4523
13213,Georgia,Murray County,2020,9763
13215,Georgia,Muscogee County,2020,49870
13217,Georgia,Newton County,2020,27735
13219,Georgia,Oconee County,2020,11578
13221,Georgia,Oglethorpe County,2020,3186
13223,Georgia,Paulding County,2020,44663
13225,Georgia,Peach County,2020,5870
13227,Georgia,Pickens County,2020,6417
13229,Georgia,Pierce County,2020,4817
13231,Georgia,Pike County,2020,4552
13233,Georgia,Polk County,2020,10615
13235,Georgia,Pulaski County,2020,1843
13237,Georgia,Putnam County,2020,4200
13239,Georgia,Quitman County,2020,365
13241,Georgia,Rabun County,2020,3116
13243,Georgia,Randolph County,2020,1448
13245,Georgia,Richmond County,2020,45708
13247,Georgia,Rockdale County,2020,22067
13249,Georgia,Schley County,2020,1219
13251,Georgia,Screven County,2020,3174
13253,Georgia,Seminole County,2020,1870
13255,Georgia,Spalding County,2020,15183
13257,Georgia,Stephens County,2020,5621
13259,Georgia,Stewart County,2020,697
13261,Georgia,Sumter County,2020,6580
13263,Georgia,Talbot County,2020,950
13265,Georgia,Taliaferro County,2020,270
13267,Georgia,Tattnall County,2020,5188
13269,Georgia,Taylor County,2020,1696
13271,Georgia,Telfair County,2020,2287
13273,Georgia,Terrell County,2020,1981
13275,Georgia,Thomas County,2020,10761
13277,Georgia,Tift County,2020,10120
13279,Georgia,Toombs County,2020,6769
13281,Georgia,Towns County,2020,1570
13283,Georgia,Treutlen County,2020,1472
13285,Georgia,Troup County,2020,16845
13287,Georgia,Turner County,2020,2046
13289,Georgia,Twiggs County,2020,1433
13291,Georgia,Union County,2020,3824
13293,Georgia,Upson County,2020,5989
13295,Georgia,Walker County,2020,14860
13297,Georgia,Walton County,2020,23575
13299,Georgia,Ware County,2020,8463
13301,Georgia,Warren County,2020,1056
13303,Georgia,Washington County,2020,4279
13305,Georgia,Wayne County,2020,7039
13307,Georgia,Webster County,2020,501
13309,Georgia,Wheeler County,2020,1254
13311,Georgia,White County,2020,5521
13313,Georgia,Whitfield County,2020,26602
13315,Georgia,Wilcox County,2020,1548
13317,Georgia,Wilkes County,2020,1914
13319,Georgia,Wilkinson County,2020,1851
13321,Georgia,Worth County,2020,4340
15001,Hawaii,Hawaii County,2020,41918
15003,Hawaii,Honolulu County,2020,206669
15005,Hawaii,Kalawao County,2020,10
15007,Hawaii,Kauai County,2020,15754
15009,Hawaii,Maui County,2020,35015
16001,Idaho,Ada County,2020,116488
16003,Idaho,Adams County,2020,760
16005,Idaho,Bannock County,2020,22661
16007,Idaho,Bear Lake County,2020,1742
16009,Idaho,Benewah County,2020,2101
16011,Idaho,Bingham County,2020,14677
16013,Idaho,Blaine County,2020,5120
16015,Idaho,Boise County,2020,1254
16017,Idaho,Bonner County,2020,9202
16019,Idaho,Bonneville County,2020,37759
16021,Idaho,Boundary County,2020,2807
16023,Idaho,Butte County,2020,652
16025,Idaho,Camas County,2020,248
16027,Idaho,Canyon County,2020,64665
16029,Idaho,Caribou County,2020,2056
16031,Idaho,Cassia County,2020,7656
16033,Idaho,Clark County,2020,210
16035,Idaho,Clearwater County,2020,1430
16037,Idaho,Custer County,2020,737
16039,Idaho,Elmore County,2020,7220
16041,Idaho,Franklin County,2020,4512
16043,Idaho,Fremont County,2020,3690
16045,Idaho,Gem County,2020,4527
16047,Idaho,Gooding County,2020,4323
16049,Idaho,Idaho County,2020,3271
16051,Idaho,Jefferson County,2020,10519
16053,Idaho,Jerome County,2020,7363
16055,Idaho,Kootenai County,2020,39157
16057,Idaho,Latah County,2020,7765
16059,Idaho,Lemhi County,2020,1504
16061,Idaho,Lewis County,2020,736
16063,Idaho,Lincoln County,2020,1435
16065,Idaho,Madison County,2020,10772
16067,Idaho,Minidoka County,2020,6230
16069,Idaho,Nez Perce County,2020,9048
16071,Idaho,Oneida County,2020,1291
16073,Idaho,Owyhee County,2020,3191
16075,Idaho,Payette County,2020,6734
16077,Idaho,Power County,2020,2378
16079,Idaho,Shoshone County,2020,2580
16081,Idaho,Teton County,2020,3015
16083,Idaho,Twin Falls County,2020,24574
16085,Idaho,Valley County,2020,2186
16087,Idaho,Washington County,2020,2460
17001,Illinois,Adams County,2020,14707
17003,Illinois,Alexander County,2020,1002
17005,Illinois,Bond County,2020,3050
17007,Illinois,Boone County,2020,13346
17009,Illinois,Brown County,2020,1088
17011,Illinois,Bureau County,2020,7032
17013,Illinois,Calhoun County,2020,902
17015,Illinois,Carroll County,2020,2831
17017,Illinois,Cass County,2020,3216
17019,Illinois,Champaign County,2020,39447
17021,Illinois,Christian County,2020,6814
17023,Illinois,Clark County,2020,3462
17025,Illinois,Clay County,2020,3043
17027,Illinois,Clinton County,2020,8043
17029,Illinois,Coles County,2020,9139
17031,Illinois,Cook County,2020,1103139
17033,Illinois,Crawford County,2020,3788
17035,Illinois,Cumberland County,2020,2388
17037,Illinois,DeKalb County,2020,22538
17039,Illinois,De Witt County,2020,3332
17041,Illinois,Douglas County,2020,4888
17043,Illinois,DuPage County,2020,208544
17045,Illinois,Edgar County,2020,3472
17047,Illinois,Edwards County,2020,1431
17049,Illinois,Effingham County,2020,8084
17051,Illinois,Fayette County,2020,4447
17053,Illinois,Ford County,2020,3033
17055,Illinois,Franklin County,2020,8109
17057,Illinois,Fulton County,2020,6635
17059,Illinois,Gallatin County,2020,1016
17061,Illinois,Greene County,2020,2674
17063,Illinois,Grundy County,2020,13150
17065,Illinois,Hamilton County,2020,1816
17067,Illinois,Hancock County,2020,3752
17069,Illinois,Hardin County,2020,664
17071,Illinois,Henderson County,2020,1202
17073,Illinois,Henry County,2020,11237
17075,Illinois,Iroquois County,2020,5964
17077,Illinois,Jackson County,2020,10232
17079,Illinois,Jasper County,2020,2078
17081,Illinois,Jefferson County,2020,8267
17083,Illinois,Jersey County,2020,4414
17085,Illinois,Jo Daviess County,2020,4223
17087,Illinois,Johnson County,2020,2310
17089,Illinois,Kane County,2020,127708
17091,Illinois,Kankakee County,2020,24548
17093,Illinois,Kendall County,2020,37914
17095,Illinois,Knox County,2020,9939
17097,Illinois,Lake County,2020,170305
17099,Illinois,LaSalle County,2020,23140
17101,Illinois,Lawrence County,2020,2946
17103,Illinois,Lee County,2020,6740
17105,Illinois,Livingston County,2020,7852
17107,Illinois,Logan County,2020,5448
17109,Illinois,McDonough County,2020,4949
17111,Illinois,McHenry County,2020,71352
17113,Illinois,McLean County,2020,36826
17115,Illinois,Macon County,2020,23034
17117,Illinois,Macoupin County,2020,9377
17119,Illinois,Madison County,2020,56719
17121,Illinois,Marion County,2020,8582
17123,Illinois,Marshall County,2020,2437
17125,Illinois,Mason County,2020,2656
17127,Illinois,Massac County,2020,3216
17129,Illinois,Menard County,2020,2790
17131,Illinois,Mercer County,2020,3410
17133,Illinois,Monroe County,2020,7964
17135,Illinois,Montgomery County,2020,5766
17137,Illinois,Morgan County,2020,6496
17139,Illinois,Moultrie County,2020,3584
17141,Illinois,Ogle County,2020,11805
17143,Illinois,Peoria County,2020,42155
17145,Illinois,Perry County,2020,4072
17147,Illinois,Piatt County,2020,3712
17149,Illinois,Pike County,2020,3348
17151,Illinois,Pope County,2020,695
17153,Illinois,Pulaski County,2020,1066
17155,Illinois,Putnam County,2020,1082
17157,Illinois,Randolph County,2020,5962
17159,Illinois,Richland County,2020,3567
17161,Illinois,Rock Island County,2020,31972
17163,Illinois,St. Clair County,2020,60316
17165,Illinois,Saline County,2020,5297
17167,Illinois,Sangamon County,2020,43155
17169,Illinois,Schuyler County,2020,1281
17171,Illinois,Scott County,2020,1083
17173,Illinois,Shelby County,2020,4475
17175,Illinois,Stark County,2020,1183
17177,Illinois,Stephenson County,2020,9499
17179,Illinois,Tazewell County,2020,29773
17181,Illinois,Union County,2020,3512
17183,Illinois,Vermilion County,2020,16977
17185,Illinois,Wabash County,2020,2497
17187,Illinois,Warren County,2020,3582
17189,Illinois,Washington County,2020,2930
17191,Illinois,Wayne County,2020,3767
17193,Illinois,White County,2020,2884
17195,Illinois,Whiteside County,2020,12074
17197,Illinois,Will County,2020,170268
17199,Illinois,Williamson County,2020,14621
17201,Illinois,Winnebago County,2020,65314
17203,Illinois,Woodford County,2020,9468
18001,Indiana,Adams County,2020,11168
18003,Indiana,Allen County,2020,98207
18005,Indiana,Bartholomew County,2020,19768
18007,Indiana,Benton County,2020,2165
18009,Indiana,Blackford County,2020,2585
18011,Indiana,Boone County,2020,18747
18013,Indiana,Brown County,2020,2833
18015,Indiana,Carroll County,2020,4802
18017,Indiana,Cass County,2020,9159
18019,Indiana,Clark County,2020,27570
18021,Indiana,Clay County,2020,6014
18023,Indiana,Clinton County,2020,8639
18025,Indiana,Crawford County,2020,2305
18027,Indiana,Daviess County,2020,9682
18029,Indiana,Dearborn County,2020,11316
18031,Indiana,Decatur County,2020,6155
18033,Indiana,DeKalb County,2020,10539
18035,Indiana,Delaware County,2020,21619
18037,Indiana,Dubois County,2020,10282
18039,Indiana,Elkhart County,2020,56566
18041,Indiana,Fayette County,2020,5085
18043,Indiana,Floyd County,2020,18139
18045,Indiana,Fountain County,2020,3572
18047,Indiana,Franklin County,2020,5363
18049,Indiana,Fulton County,2020,4898
18051,Indiana,Gibson County,2020,7851
18053,Indiana,Grant County,2020,13818
18055,Indiana,Greene County,2020,6803
18057,Indiana,Hamilton County,2020,94272
18059,Indiana,Hancock County,2020,19007
18061,Indiana,Harrison County,2020,9051
18063,Indiana,Hendricks County,2020,44454
18065,Indiana,Henry County,2020,9859
18067,Indiana,Howard County,2020,18511
18069,Indiana,Huntington County,2020,8058
18071,Indiana,Jackson County,2020,11435
18073,Indiana,Jasper County,2020,7886
18075,Indiana,Jay County,2020,5245
18077,Indiana,Jefferson County,2020,6982
18079,Indiana,Jennings County,2020,6559
18081,Indiana,Johnson County,2020,40451
18083,Indiana,Knox County,2020,7993
18085,Indiana,Kosciusko County,2020,18914
18087,Indiana,LaGrange County,2020,13426
18089,Indiana,Lake County,2020,118049
18091,Indiana,LaPorte County,2020,23932
18093,Indiana,Lawrence County,2020,9613
18095,Indiana,Madison County,2020,28177
18097,Indiana,Marion County,2020,234761
18099,Indiana,Marshall County,2020,11456
18101,Indiana,Martin County,2020,2249
18103,Indiana,Miami County,2020,7837
18105,Indiana,Monroe County,2020,23174
18107,Indiana,Montgomery County,2020,8721
18109,Indiana,Morgan County,2020,16007
18111,Indiana,Newton County,2020,2963
18113,Indiana,Noble County,2020,11918
18115,Indiana,Ohio County,2020,1216
18117,Indiana,Orange County,2020,4638
18119,Indiana,Owen County,2020,4518
18121,Indiana,Parke County,2020,3784
18123,Indiana,Perry County,2020,3957
18125,Indiana,Pike County,2020,2749
18127,Indiana,Porter County,2020,38279
18129,Indiana,Posey County,2020,5774
18131,Indiana,Pulaski County,2020,2736
18133,Indiana,Putnam County,2020,7149
18135,Indiana,Randolph County,2020,5512
18137,Indiana,Ripley County,2020,6712
18139,Indiana,Rush County,2020,3856
18141,Indiana,St. Joseph County,2020,62711
18143,Indiana,Scott County,2020,5539
18145,Indiana,Shelby County,2020,10201
18147,Indiana,Spencer County,2020,4362
18149,Indiana,Starke County,2020,5221
18151,Indiana,Steuben County,2020,6931
18153,Indiana,Sullivan County,2020,4229
18155,Indiana,Switzerland County,2020,2390
18157,Indiana,Tippecanoe County,2020,39241
18159,Indiana,Tipton County,2020,3287
18161,Indiana,Union County,2020,1600
18163,Indiana,Vanderburgh County,2020,38948
18165,Indiana,Vermillion County,2020,3291
18167,Indiana,Vigo County,2020,21688
18169,Indiana,Wabash County,2020,6689
18171,Indiana,Warren County,2020,1916
18173,Indiana,Warrick County,2020,15470
18175,Indiana,Washington County,2020,6524
18177,Indiana,Wayne County,2020,14870
18179,Indiana,Wells County,2020,6831
18181,Indiana,White County,2020,5699
18183,Indiana,Whitley County,2020,7821
19001,Iowa,Adair County,2020,1662
19003,Iowa,Adams County,2020,813
19005,Iowa,Allamakee County,2020,3279
19007,Iowa,Appanoose County,2020,2709
19009,Iowa,Audubon County,2020,1237
19011,Iowa,Benton County,2020,6117
19013,Iowa,Black Hawk County,2020,28617
19015,Iowa,Boone County,2020,6182
19017,Iowa,Bremer County,2020,5853
19019,Iowa,Buchanan County,2020,5415
19021,Iowa,Buena Vista County,2020,5496
19023,Iowa,Butler County,2020,3207
19025,Iowa,Calhoun County,2020,2121
19027,Iowa,Carroll County,2020,4981
19029,Iowa,Cass County,2020,2892
19031,Iowa,Cedar County,2020,4222
19033,Iowa,Cerro Gordo County,2020,8697
19035,Iowa,Cherokee County,2020,2526
19037,Iowa,Chickasaw County,2020,2829
19039,Iowa,Clarke County,2020,2416
19041,Iowa,Clay County,2020,3680
19043,Iowa,Clayton County,2020,3704
19045,Iowa,Clinton County,2020,10573
19047,Iowa,Crawford County,2020,4426
19049,Iowa,Dallas County,2020,27628
19051,Iowa,Davis County,2020,2726
19053,Iowa,Decatur County,2020,1772
19055,Iowa,Delaware County,2020,4129
19057,Iowa,Des Moines County,2020,8468
19059,Iowa,Dickinson County,2020,3371
19061,Iowa,Dubuque County,2020,22350
19063,Iowa,Emmet County,2020,2058
19065,Iowa,Fayette County,2020,4199
19067,Iowa,Floyd County,2020,3658
19069,Iowa,Franklin County,2020,2351
19071,Iowa,Fremont County,2020,1484
19073,Iowa,Greene County,2020,1953
19075,Iowa,Grundy County,2020,2936
19077,Iowa,Guthrie County,2020,2391
19079,Iowa,Hamilton County,2020,3475
19081,Iowa,Hancock County,2020,2390
19083,Iowa,Hardin County,2020,3812
19085,Iowa,Harrison County,2020,3414
19087,Iowa,Henry County,2020,4315
19089,Iowa,Howard County,2020,2376
19091,Iowa,Humboldt County,2020,2331
19093,Iowa,Ida County,2020,1606
19095,Iowa,Iowa County,2020,3899
19097,Iowa,Jackson County,2020,4231
19099,Iowa,Jasper County,2020,8367
19101,Iowa,Jefferson County,2020,2939
19103,Iowa,Johnson County,2020,30770
19105,Iowa,Jones County,2020,4407
19107,Iowa,Keokuk County,2020,2379
19109,Iowa,Kossuth County,2020,3175
19111,Iowa,Lee County,2020,7157
19113,Iowa,Linn County,2020,53388
19115,Iowa,Louisa County,2020,2465
19117,Iowa,Lucas County,2020,2020
19119,Iowa,Lyon County,2020,3447
19121,Iowa,Madison County,2020,4227
19123,Iowa,Mahaska County,2020,5257
19125,Iowa,Marion County,2020,7794
19127,Iowa,Marshall County,2020,10088
19129,Iowa,Mills County,2020,3559
19131,Iowa,Mitchell County,2020,2480
19133,Iowa,Monona County,2020,1929
19135,Iowa,Monroe County,2020,1781
19137,Iowa,Montgomery County,2020,2268
19139,Iowa,Muscatine County,2020,10468
19141,Iowa,O'Brien County,2020,3298
19143,Iowa,Osceola County,2020,1410
19145,Iowa,Page County,2020,3190
19147,Iowa,Palo Alto County,2020,2025
19149,Iowa,Plymouth County,2020,6483
19151,Iowa,Pocahontas County,2020,1605
19153,Iowa,Polk County,2020,120746
19155,Iowa,Pottawattamie County,2020,21857
19157,Iowa,Poweshiek County,2020,3625
19159,Iowa,Ringgold County,2020,1040
19161,Iowa,Sac County,2020,2200
19163,Iowa,Scott County,2020,40938
19165,Iowa,Shelby County,2020,2638
19167,Iowa,Sioux County,2020,10011
19169,Iowa,Story County,2020,16506
19171,Iowa,Tama County,2020,4145
19173,Iowa,Taylor County,2020,1380
19175,Iowa,Union County,2020,2777
19177,Iowa,Van Buren County,2020,1718
19179,Iowa,Wapello County,2020,8497
19181,Iowa,Warren County,2020,13323
19183,Iowa,Washington County,2020,5492
19185,Iowa,Wayne County,2020,1705
19187,Iowa,Webster County,2020,7795
19189,Iowa,Winnebago County,2020,2206
19191,Iowa,Winneshiek County,2020,3864
19193,Iowa,Woodbury County,2020,27557
19195,Iowa,Worth County,2020,1683
19197,Iowa,Wright County,2020,3210
20001,Kansas,Allen County,2020,2737
20003,Kansas,Anderson County,2020,2005
20005,Kansas,Atchison County,2020,3599
20007,Kansas,Barber County,2020,936
20009,Kansas,Barton County,2020,6156
20011,Kansas,Bourbon County,2020,3656
20013,Kansas,Brown County,2020,2349
20015,Kansas,Butler County,2020,17310
20017,Kansas,Chase County,2020,527
20019,Kansas,Chautauqua County,2020,738
20021,Kansas,Cherokee County,2020,4501
20023,Kansas,Cheyenne County,2020,576
20025,Kansas,Clark County,2020,474
20027,Kansas,Clay County,2020,1857
20029,Kansas,Cloud County,2020,2037
20031,Kansas,Coffey County,2020,1936
20033,Kansas,Comanche County,2020,396
20035,Kansas,Cowley County,2020,8157
20037,Kansas,Crawford County,2020,8814
20039,Kansas,Decatur County,2020,564
20041,Kansas,Dickinson County,2020,4303
20043,Kansas,Doniphan County,2020,1654
20045,Kansas,Douglas County,2020,22469
20047,Kansas,Edwards County,2020,645
20049,Kansas,Elk County,2020,560
20051,Kansas,Ellis County,2020,5982
20053,Kansas,Ellsworth County,2020,1199
20055,Kansas,Finney County,2020,11294
20057,Kansas,Ford County,2020,10613
20059,Kansas,Franklin County,2020,6069
20061,Kansas,Geary County,2020,10776
20063,Kansas,Gove County,2020,700
20065,Kansas,Graham County,2020,507
20067,Kansas,Grant County,2020,2196
20069,Kansas,Gray County,2020,1603
20071,Kansas,Greeley County,2020,328
20073,Kansas,Greenwood County,2020,1287
20075,Kansas,Hamilton County,2020,726
20077,Kansas,Harper County,2020,1318
20079,Kansas,Harvey County,2020,8113
20081,Kansas,Haskell County,2020,1140
20083,Kansas,Hodgeman County,2020,428
20085,Kansas,Jackson County,2020,3389
20087,Kansas,Jefferson County,2020,4291
20089,Kansas,Jewell County,2020,625
20091,Kansas,Johnson County,2020,147865
20093,Kansas,Kearny County,2020,1150
20095,Kansas,Kingman County,2020,1676
20097,Kansas,Kiowa County,2020,562
20099,Kansas,Labette County,2020,5081
20101,Kansas,Lane County,2020,337
20103,Kansas,Leavenworth County,2020,19709
20105,Kansas,Lincoln County,2020,678
20107,Kansas,Linn County,2020,2173
20109,Kansas,Logan County,2020,695
20111,Kansas,Lyon County,2020,7086
20113,Kansas,McPherson County,2020,6639
20115,Kansas,Marion County,2020,2586
20117,Kansas,Marshall County,2020,2399
20119,Kansas,Meade County,2020,1070
20121,Kansas,Miami County,2020,8451
20123,Kansas,Mitchell County,2020,1336
20125,Kansas,Montgomery County,2020,7422
20127,Kansas,Morris County,2020,1156
20129,Kansas,Morton County,2020,658
20131,Kansas,Nemaha County,2020,2680
20133,Kansas,Neosho County,2020,3926
20135,Kansas,Ness County,2020,537
20137,Kansas,Norton County,2020,1059
20139,Kansas,Osage County,2020,3653
20141,Kansas,Osborne County,2020,747
20143,Kansas,Ottawa County,2020,1324
20145,Kansas,Pawnee County,2020,1279
20147,Kansas,Phillips County,2020,1111
20149,Kansas,Pottawatomie County,2020,7453
20151,Kansas,Pratt County,2020,2175
20153,Kansas,Rawlins County,2020,578
20155,Kansas,Reno County,2020,13755
20157,Kansas,Republic County,2020,995
20159,Kansas,Rice County,2020,2185
20161,Kansas,Riley County,2020,12274
20163,Kansas,Rooks County,2020,1086
20165,Kansas,Rush County,2020,585
20167,Kansas,Russell County,2020,1513
20169,Kansas,Saline County,2020,12566
20171,Kansas,Scott County,2020,1349
20173,Kansas,Sedgwick County,2020,130947
20175,Kansas,Seward County,2020,6707
20177,Kansas,Shawnee County,2020,41774
20179,Kansas,Sheridan County,2020,608
20181,Kansas,Sherman County,2020,1445
20183,Kansas,Smith County,2020,710
20185,Kansas,Stafford County,2020,958
20187,Kansas,Stanton County,2020,598
20189,Kansas,Stevens County,2020,1493
20191,Kansas,Sumner County,2020,5462
20193,Kansas,Thomas County,2020,1878
20195,Kansas,Trego County,2020,583
20197,Kansas,Wabaunsee County,2020,1681
20199,Kansas,Wallace County,2020,388
20201,Kansas,Washington County,2020,1300
20203,Kansas,Wichita County,2020,578
20205,Kansas,Wilson County,2020,2019
20207,Kansas,Woodson County,2020,663
20209,Kansas,Wyandotte County,2020,45673
21001,Kentucky,Adair County,2020,4042
21003,Kentucky,Allen County,2020,4947
21005,Kentucky,Anderson County,2020,5584
21007,Kentucky,Ballard County,2020,1611
21009,Kentucky,Barren County,2020,10683
21011,Kentucky,Bath County,2020,3247
21013,Kentucky,Bell County,2020,5102
21015,Kentucky,Boone County,2020,35831
21017,Kentucky,Bourbon County,2020,4752
21019,Kentucky,Boyd County,2020,10278
21021,Kentucky,Boyle County,2020,6288
21023,Kentucky,Bracken County,2020,2040
21025,Kentucky,Breathitt County,2020,3045
21027,Kentucky,Breckinridge County,2020,4721
21029,Kentucky,Bullitt County,2020,19209
21031,Kentucky,Butler County,2020,2994
21033,Kentucky,Caldwell County,2020,2746
21035,Kentucky,Calloway County,2020,6806
21037,Kentucky,Campbell County,2020,19538
21039,Kentucky,Carlisle County,2020,1106
21041,Kentucky,Carroll County,2020,2706
21043,Kentucky,Carter County,2020,5853
21045,Kentucky,Casey County,2020,3877
21047,Kentucky,Christian County,2020,19070
21049,Kentucky,Clark County,2020,8278
21051,Kentucky,Clay County,2020,4362
21053,Kentucky,Clinton County,2020,2155
21055,Kentucky,Crittenden County,2020,2032
21057,Kentucky,Cumberland County,2020,1239
21059,Kentucky,Daviess County,2020,24810
21061,Kentucky,Edmonson County,2020,2623
21063,Kentucky,Elliott County,2020,1451
21065,Kentucky,Estill County,2020,3079
21067,Kentucky,Fayette County,2020,68074
21069,Kentucky,Fleming County,2020,3613
21071,Kentucky,Floyd County,2020,7903
21073,Kentucky,Franklin County,2020,10884
21075,Kentucky,Fulton County,2020,1326
21077,Kentucky,Gallatin County,2020,2193
21079,Kentucky,Garrard County,2020,3932
21081,Kentucky,Grant County,2020,6544
21083,Kentucky,Graves County,2020,8881
21085,Kentucky,Grayson County,2020,6030
21087,Kentucky,Green County,2020,2463
21089,Kentucky,Greenup County,2020,7969
21091,Kentucky,Hancock County,2020,2163
21093,Kentucky,Hardin County,2020,26607
21095,Kentucky,Harlan County,2020,5943
21097,Kentucky,Harrison County,2020,4215
21099,Kentucky,Hart County,2020,4912
21101,Kentucky,Henderson County,2020,10293
21103,Kentucky,Henry County,2020,3576
21105,Kentucky,Hickman County,2020,991
21107,Kentucky,Hopkins County,2020,10237
21109,Kentucky,Jackson County,2020,2961
21111,Kentucky,Jefferson County,2020,168593
21113,Kentucky,Jessamine County,2020,13287
21115,Kentucky,Johnson County,2020,4929
21117,Kentucky,Kenton County,2020,40121
21119,Kentucky,Knott County,2020,3023
21121,Kentucky,Knox County,2020,7010
21123,Kentucky,Larue County,2020,3529
21125,Kentucky,Laurel County,2020,14631
21127,Kentucky,Lawrence County,2020,3766
21129,Kentucky,Lee County,2020,1382
21131,Kentucky,Leslie County,2020,2270
21133,Kentucky,Letcher County,2020,4596
21135,Kentucky,Lewis County,2020,3132
21137,Kentucky,Lincoln County,2020,5699
21139,Kentucky,Livingston County,2020,1759
21141,Kentucky,Logan County,2020,6454
21143,Kentucky,Lyon County,2020,1163
21145,Kentucky,McCracken County,2020,14817
21147,Kentucky,McCreary County,2020,3860
21149,Kentucky,McLean County,2020,2061
21151,Kentucky,Madison County,2020,19356
21153,Kentucky,Magoffin County,2020,2482
21155,Kentucky,Marion County,2020,4680
21157,Kentucky,Marshall County,2020,6534
21159,Kentucky,Martin County,2020,2224
21161,Kentucky,Mason County,2020,3875
21163,Kentucky,Meade County,2020,7658
21165,Kentucky,Menifee County,2020,1394
21167,Kentucky,Mercer County,2020,5007
21169,Kentucky,Metcalfe County,2020,2419
21171,Kentucky,Monroe County,2020,2668
21173,Kentucky,Montgomery County,2020,6603
21175,Kentucky,Morgan County,2020,2833
21177,Kentucky,Muhlenberg County,2020,6668
21179,Kentucky,Nelson County,2020,10989
21181,Kentucky,Nicholas County,2020,1851
21183,Kentucky,Ohio County,2020,5821
21185,Kentucky,Oldham County,2020,18077
21187,Kentucky,Owen County,2020,2745
21189,Kentucky,Owsley County,2020,865
21191,Kentucky,Pendleton County,2020,3450
21193,Kentucky,Perry County,2020,6221
21195,Kentucky,Pike County,2020,12076
21197,Kentucky,Powell County,2020,3082
21199,Kentucky,Pulaski County,2020,14399
21201,Kentucky,Robertson County,2020,466
21203,Kentucky,Rockcastle County,2020,3485
21205,Kentucky,Rowan County,2020,4847
21207,Kentucky,Russell County,2020,4114
21209,Kentucky,Scott County,2020,14539
21211,Kentucky,Shelby County,2020,11704
21213,Kentucky,Simpson County,2020,4584
21215,Kentucky,Spencer County,2020,4692
21217,Kentucky,Taylor County,2020,5808
21219,Kentucky,Todd County,2020,3332
21221,Kentucky,Trigg County,2020,3086
21223,Kentucky,Trimble County,2020,1843
21225,Kentucky,Union County,2020,3207
21227,Kentucky,Warren County,2020,31657
21229,Kentucky,Washington County,2020,2763
21231,Kentucky,Wayne County,2020,4439
21233,Kentucky,Webster County,2020,3061
21235,Kentucky,Whitley County,2020,8925
21237,Kentucky,Wolfe County,2020,1536
21239,Kentucky,Woodford County,2020,5974
22001,Louisiana,Acadia Parish,2020,14633
22003,Louisiana,Allen Parish,2020,5240
22005,Louisiana,Ascension Parish,2020,34543
22007,Louisiana,Assumption Parish,2020,4423
22009,Louisiana,Avoyelles Parish,2020,9115
22011,Louisiana,Beauregard Parish,2020,9060
22013,Louisiana,Bienville Parish,2020,2908
22015,Louisiana,Bossier Parish,2020,32870
22017,Louisiana,Caddo Parish,2020,55441
22019,Louisiana,Calcasieu Parish,2020,53619
22021,Louisiana,Caldwell Parish,2020,2167
22023,Louisiana,Cameron Parish,2020,1259
22025,Louisiana,Catahoula Parish,2020,1955
22027,Louisiana,Claiborne Parish,2020,2663
22029,Louisiana,Concordia Parish,2020,4470
22031,Louisiana,De Soto Parish,2020,6372
22033,Louisiana,East Baton Rouge Parish,2020,101169
22035,Louisiana,East Carroll Parish,2020,1558
22037,Louisiana,East Feliciana Parish,2020,3356
22039,Louisiana,Evangeline Parish,2020,7942
22041,Louisiana,Franklin Parish,2020,4746
22043,Louisiana,Grant Parish,2020,4642
22045,Louisiana,Iberia Parish,2020,17138
22047,Louisiana,Iberville Parish,2020,6155
22049,Louisiana,Jackson Parish,2020,3248
22051,Louisiana,Jefferson Parish,2020,96127
22053,Louisiana,Jefferson Davis Parish,2020,8211
22055,Louisiana,Lafayette Parish,2020,57878
22057,Louisiana,Lafourche Parish,2020,22938
22059,Louisiana,LaSalle Parish,2020,3228
22061,Louisiana,Lincoln Parish,2020,9741
22063,Louisiana,Livingston Parish,2020,37141
22065,Louisiana,Madison Parish,2020,2582
22067,Louisiana,Morehouse Parish,2020,5567
22069,Louisiana,Natchitoches Parish,2020,8166
22071,Louisiana,Orleans Parish,2020,77801
22073,Louisiana,Ouachita Parish,2020,40168
22075,Louisiana,Plaquemines Parish,2020,6181
22077,Louisiana,Pointe Coupee Parish,2020,4508
22079,Louisiana,Rapides Parish,2020,31231
22081,Louisiana,Red River Parish,2020,1906
22083,Louisiana,Richland Parish,2020,4660
22085,Louisiana,Sabine Parish,2020,5091
22087,Louisiana,St. Bernard Parish,2020,11989
22089,Louisiana,St. Charles Parish,2020,13008
22091,Louisiana,St. Helena Parish,2020,2457
22093,Louisiana,St. James Parish,2020,4687
22095,Louisiana,St. John the Baptist Parish,2020,9974
22097,Louisiana,St. Landry Parish,2020,20729
22099,Louisiana,St. Martin Parish,2020,12363
22101,Louisiana,St. Mary Parish,2020,11885
22103,Louisiana,St. Tammany Parish,2020,62342
22105,Louisiana,Tangipahoa Parish,2020,31666
22107,Louisiana,Tensas Parish,2020,912
22109,Louisiana,Terrebonne Parish,2020,27075
22111,Louisiana,Union Parish,2020,4475
22113,Louisiana,Vermilion Parish,2020,14347
22115,Louisiana,Vernon Parish,2020,12489
22117,Louisiana,Washington Parish,2020,10512
22119,Louisiana,Webster Parish,2020,8214
22121,Louisiana,West Baton Rouge Parish,2020,6673
22123,Louisiana,West Carroll Parish,2020,2219
22125,Louisiana,West Feliciana Parish,2020,2527
22127,Louisiana,Winn Parish,2020,2849
23001,Maine,Androscoggin County,2020,23268
23003,Maine,Aroostook County,2020,12764
23005,Maine,Cumberland County,2020,55971
23007,Maine,Franklin County,2020,5411
23009,Maine,Hancock County,2020,9318
23011,Maine,Kennebec County,2020,23241
23013,Maine,Knox County,2020,6907
23015,Maine,Lincoln County,2020,5769
23017,Maine,Oxford County,2020,11133
23019,Maine,Penobscot County,2020,27725
23021,Maine,Piscataquis County,2020,2899
23023,Maine,Sagadahoc County,2020,6761
23025,Maine,Somerset County,2020,9590
23027,Maine,Waldo County,2020,7318
23029,Maine,Washington County,2020,5691
23031,Maine,York County,2020,38508
24001,Maryland,Allegany County,2020,12067
24003,Maryland,Anne Arundel County,2020,132243
24005,Maryland,Baltimore County,2020,185024
24009,Maryland,Calvert County,2020,21858
24011,Maryland,Caroline County,2020,7921
24013,Maryland,Carroll County,2020,37843
24015,Maryland,Cecil County,2020,23260
24017,Maryland,Charles County,2020,39950
24019,Maryland,Dorchester County,2020,6798
24021,Maryland,Frederick County,2020,64057
24023,Maryland,Garrett County,2020,5471
24025,Maryland,Harford County,2020,58615
24027,Maryland,Howard County,2020,81181
24029,Maryland,Kent County,2020,3034
24031,Maryland,Montgomery County,2020,242942
24033,Maryland,Prince George's County,2020,211152
24035,Maryland,Queen Anne's County,2020,10766
24037,Maryland,St. Mary's County,2020,27407
24039,Maryland,Somerset County,2020,4239
24041,Maryland,Talbot County,2020,6844
24043,Maryland,Washington County,2020,33562
24045,Maryland,Wicomico County,2020,22644
24047,Maryland,Worcester County,2020,9136
24510,Maryland,Baltimore city,2020,114008
25001,Massachusetts,Barnstable County,2020,32712
25003,Massachusetts,Berkshire County,2020,22258
25005,Massachusetts,Bristol County,2020,117324
25007,Massachusetts,Dukes County,2020,3319
25009,Massachusetts,Essex County,2020,168987
25011,Massachusetts,Franklin County,2020,12230
25013,Massachusetts,Hampden County,2020,98386
25015,Massachusetts,Hampshire County,2020,23894
25017,Massachusetts,Middlesex County,2020,318265
25019,Massachusetts,Nantucket County,2020,2703
25021,Massachusetts,Norfolk County,2020,148645
25023,Massachusetts,Plymouth County,2020,111295
25025,Massachusetts,Suffolk County,2020,127650
25027,Massachusetts,Worcester County,2020,178526
26001,Michigan,Alcona County,2020,1346
26003,Michigan,Alger County,2020,1400
26005,Michigan,Allegan County,2020,29107
26007,Michigan,Alpena County,2020,5368
26009,Michigan,Antrim County,2020,4117
26011,Michigan,Arenac County,2020,2675
26013,Michigan,Baraga County,2020,1443
26015,Michigan,Barry County,2020,14189
26017,Michigan,Bay County,2020,20639
26019,Michigan,Benzie County,2020,3132
26021,Michigan,Berrien County,2020,33249
26023,Michigan,Branch County,2020,10855
26025,Michigan,Calhoun County,2020,30663
26027,Michigan,Cass County,2020,11076
26029,Michigan,Charlevoix County,2020,4799
26031,Michigan,Cheboygan County,2020,4467
26033,Michigan,Chippewa County,2020,6859
26035,Michigan,Clare County,2020,6171
26037,Michigan,Clinton County,2020,17928
26039,Michigan,Crawford County,2020,2335
26041,Michigan,Delta County,2020,7192
26043,Michigan,Dickinson County,2020,5151
26045,Michigan,Eaton County,2020,23197
26047,Michigan,Emmet County,2020,6257
26049,Michigan,Genesee County,2020,90302
26051,Michigan,Gladwin County,2020,4809
26053,Michigan,Gogebic County,2020,2373
26055,Michigan,Grand Traverse County,2020,18819
26057,Michigan,Gratiot County,2020,9080
26059,Michigan,Hillsdale County,2020,10150
26061,Michigan,Houghton County,2020,7498
26063,Michigan,Huron County,2020,5956
26065,Michigan,Ingham County,2020,56748
26067,Michigan,Ionia County,2020,14499
26069,Michigan,Iosco County,2020,4331
26071,Michigan,Iron County,2020,2025
26073,Michigan,Isabella County,2020,12366
26075,Michigan,Jackson County,2020,34016
26077,Michigan,Kalamazoo County,2020,57342
26079,Michigan,Kalkaska County,2020,3612
26081,Michigan,Kent County,2020,155619
26083,Michigan,Keweenaw County,2020,318
26085,Michigan,Lake County,2020,1903
26087,Michigan,Lapeer County,2020,18454
26089,Michigan,Leelanau County,2020,3700
26091,Michigan,Lenawee County,2020,20905
26093,Michigan,Livingston County,2020,41558
26095,Michigan,Luce County,2020,1074
26097,Michigan,Mackinac County,2020,1770
26099,Michigan,Macomb County,2020,180015
26101,Michigan,Manistee County,2020,4277
26103,Michigan,Marquette County,2020,12098
26105,Michigan,Mason County,2020,5782
26107,Michigan,Mecosta County,2020,7968
26109,Michigan,Menominee County,2020,4348
26111,Michigan,Midland County,2020,18102
26113,Michigan,Missaukee County,2020,3420
26115,Michigan,Monroe County,2020,32801
26117,Michigan,Montcalm County,2020,14303
26119,Michigan,Montmorency County,2020,1388
26121,Michigan,Muskegon County,2020,39521
26123,Michigan,Newaygo County,2020,11230
26125,Michigan,Oakland County,2020,260994
26127,Michigan,Oceana County,2020,6037
26129,Michigan,Ogemaw County,2020,3854
26131,Michigan,Ontonagon County,2020,669
26133,Michigan,Osceola County,2020,5366
26135,Michigan,Oscoda County,2020,1488
26137,Michigan,Otsego County,2020,5187
26139,Michigan,Ottawa County,2020,70132
26141,Michigan,Presque Isle County,2020,1997
26143,Michigan,Roscommon County,2020,3321
26145,Michigan,Saginaw County,2020,41520
26147,Michigan,St. Clair County,2020,32908
26149,Michigan,St. Joseph County,2020,14952
26151,Michigan,Sanilac County,2020,8698
26153,Michigan,Schoolcraft County,2020,1396
26155,Michigan,Shiawassee County,2020,14214
26157,Michigan,Tuscola County,2020,11370
26159,Michigan,Van Buren County,2020,17382
26161,Michigan,Washtenaw County,2020,68325
26163,Michigan,Wayne County,2020,417045
26165,Michigan,Wexford County,2020,7779
27001,Minnesota,Aitkin County,2020,2663
27003,Minnesota,Anoka County,2020,88133
27005,Minnesota,Becker County,2020,8447
27007,Minnesota,Beltrami County,2020,11452
27009,Minnesota,Benton County,2020,10424
27011,Minnesota,Big Stone County,2020,1091
27013,Minnesota,Blue Earth County,2020,14042
27015,Minnesota,Brown County,2020,5602
27017,Minnesota,Carlton County,2020,8128
27019,Minnesota,Carver County,2020,29032
27021,Minnesota,Cass County,2020,6226
27023,Minnesota,Chippewa County,2020,3005
27025,Minnesota,Chisago County,2020,13052
27027,Minnesota,Clay County,2020,16484
27029,Minnesota,Clearwater County,2020,2107
27031,Minnesota,Cook County,2020,891
27033,Minnesota,Cottonwood County,2020,2748
27035,Minnesota,Crow Wing County,2020,14120
27037,Minnesota,Dakota County,2020,107174
27039,Minnesota,Dodge County,2020,5528
27041,Minnesota,Douglas County,2020,8426
27043,Minnesota,Faribault County,2020,3051
27045,Minnesota,Fillmore County,2020,5117
27047,Minnesota,Freeborn County,2020,6868
27049,Minnesota,Goodhue County,2020,10681
27051,Minnesota,Grant County,2020,1419
27053,Minnesota,Hennepin County,2020,272774
27055,Minnesota,Houston County,2020,4207
27057,Minnesota,Hubbard County,2020,4790
27059,Minnesota,Isanti County,2020,9917
27061,Minnesota,Itasca County,2020,9511
27063,Minnesota,Jackson County,2020,2263
27065,Minnesota,Kanabec County,2020,3489
27067,Minnesota,Kandiyohi County,2020,10873
27069,Minnesota,Kittson County,2020,893
27071,Minnesota,Koochiching County,2020,2231
27073,Minnesota,Lac qui Parle County,2020,1446
27075,Minnesota,Lake County,2020,2061
27077,Minnesota,Lake of the Woods County,2020,697
27079,Minnesota,Le Sueur County,2020,6833
27081,Minnesota,Lincoln County,2020,1320
27083,Minnesota,Lyon County,2020,6408
27085,Minnesota,McLeod County,2020,8277
27087,Minnesota,Mahnomen County,2020,1554
27089,Minnesota,Marshall County,2020,2137
27091,Minnesota,Martin County,2020,4352
27093,Minnesota,Meeker County,2020,5573
27095,Minnesota,Mille Lacs County,2020,6169
27097,Minnesota,Morrison County,2020,8034
27099,Minnesota,Mower County,2020,10212
27101,Minnesota,Murray County,2020,1778
27103,Minnesota,Nicollet County,2020,7873
27105,Minnesota,Nobles County,2020,6234
27107,Minnesota,Norman County,2020,1466
27109,Minnesota,Olmsted County,2020,38622
27111,Minnesota,Otter Tail County,2020,13045
27113,Minnesota,Pennington County,2020,3138
27115,Minnesota,Pine County,2020,5890
27117,Minnesota,Pipestone County,2020,2344
27119,Minnesota,Polk County,2020,7677
27121,Minnesota,Pope County,2020,2500
27123,Minnesota,Ramsey County,2020,125213
27125,Minnesota,Red Lake County,2020,948
27127,Minnesota,Redwood County,2020,3904
27129,Minnesota,Renville County,2020,3375
27131,Minnesota,Rice County,2020,14891
27133,Minnesota,Rock County,2020,2447
27135,Minnesota,Roseau County,2020,3669
27137,Minnesota,St. Louis County,2020,38157
27139,Minnesota,Scott County,2020,40856
27141,Minnesota,Sherburne County,2020,25671
27143,Minnesota,Sibley County,2020,3433
27145,Minnesota,Stearns County,2020,37388
27147,Minnesota,Steele County,2020,9340
27149,Minnesota,Stevens County,2020,2242
27151,Minnesota,Swift County,2020,2297
27153,Minnesota,Todd County,2020,6380
27155,Minnesota,Traverse County,2020,731
27157,Minnesota,Wabasha County,2020,4644
27159,Minnesota,Wadena County,2020,3475
27161,Minnesota,Waseca County,2020,4415
27163,Minnesota,Washington County,2020,65701
27165,Minnesota,Watonwan County,2020,2837
27167,Minnesota,Wilkin County,2020,1532
27169,Minnesota,Winona County,2020,9289
27171,Minnesota,Wright County,2020,39948
27173,Minnesota,Yellow Medicine County,2020,2179
28001,Mississippi,Adams County,2020,6010
28003,Mississippi,Alcorn County,2020,7874
28005,Mississippi,Amite County,2020,2481
28007,Mississippi,Attala County,2020,4396
28009,Mississippi,Benton County,2020,1568
28011,Mississippi,Bolivar County,2020,7323
28013,Mississippi,Calhoun County,2020,2834
28015,Mississippi,Carroll County,2020,1876
28017,Mississippi,Chickasaw County,2020,3884
28019,Mississippi,Choctaw County,2020,1799
28021,Mississippi,Claiborne County,2020,1912
28023,Mississippi,Clarke County,2020,3588
28025,Mississippi,Clay County,2020,4022
28027,Mississippi,Coahoma County,2020,5475
28029,Mississippi,Copiah County,2020,6303
28031,Mississippi,Covington County,2020,4214
28033,Mississippi,DeSoto County,2020,47300
28035,Mississippi,Forrest County,2020,16938
28037,Mississippi,Franklin County,2020,1606
28039,Mississippi,George County,2020,6097
28041,Mississippi,Greene County,2020,2706
28043,Mississippi,Grenada County,2020,4932
28045,Mississippi,Hancock County,2020,9851
28047,Mississippi,Harrison County,2020,49158
28049,Mississippi,Hinds County,2020,50317
28051,Mississippi,Holmes County,2020,4019
28053,Mississippi,Humphreys County,2020,1913
28055,Mississippi,Issaquena County,2020,181
28057,Mississippi,Itawamba County,2020,5334
28059,Mississippi,Jackson County,2020,33576
28061,Mississippi,Jasper County,2020,3659
28063,Mississippi,Jefferson County,2020,1682
28065,Mississippi,Jefferson Davis County,2020,2357
28067,Mississippi,Jones County,2020,16470
28069,Mississippi,Kemper County,2020,1819
28071,Mississippi,Lafayette County,2020,10155
28073,Mississippi,Lamar County,2020,16539
28075,Mississippi,Lauderdale County,2020,17390
28077,Mississippi,Lawrence County,2020,2974
28079,Mississippi,Leake County,2020,5432
28081,Mississippi,Lee County,2020,19647
28083,Mississippi,Leflore County,2020,7353
28085,Mississippi,Lincoln County,2020,8393
28087,Mississippi,Lowndes County,2020,13228
28089,Mississippi,Madison County,2020,26184
28091,Mississippi,Marion County,2020,5772
28093,Mississippi,Marshall County,2020,6596
28095,Mississippi,Monroe County,2020,7552
28097,Mississippi,Montgomery County,2020,2081
28099,Mississippi,Neshoba County,2020,7868
28101,Mississippi,Newton County,2020,5147
28103,Mississippi,Noxubee County,2020,2480
28105,Mississippi,Oktibbeha County,2020,9002
28107,Mississippi,Panola County,2020,8073
28109,Mississippi,Pearl River County,2020,12808
28111,Mississippi,Perry County,2020,2500
28113,Mississippi,Pike County,2020,9648
28115,Mississippi,Pontotoc County,2020,7898
28117,Mississippi,Prentiss County,2020,5582
28119,Mississippi,Quitman County,2020,1291
28121,Mississippi,Rankin County,2020,36721
28123,Mississippi,Scott County,2020,7689
28125,Mississippi,Sharkey County,2020,881
28127,Mississippi,Simpson County,2020,6220
28129,Mississippi,Smith County,2020,3184
28131,Mississippi,Stone County,2020,4039
28133,Mississippi,Sunflower County,2020,5515
28135,Mississippi,Tallahatchie County,2020,2552
28137,Mississippi,Tate County,2020,6352
28139,Mississippi,Tippah County,2020,5091
28141,Mississippi,Tishomingo County,2020,3948
28143,Mississippi,Tunica County,2020,2687
28145,Mississippi,Union County,2020,6657
28147,Mississippi,Walthall County,2020,3083
28149,Mississippi,Warren County,2020,10410
28151,Mississippi,Washington County,2020,10645
28153,Mississippi,Wayne County,2020,4747
28155,Mississippi,Webster County,2020,2305
28157,Mississippi,Wilkinson County,2020,1708
28159,Mississippi,Winston County,2020,4064
28161,Mississippi,Yalobusha County,2020,2501
28163,Mississippi,Yazoo County,2020,5614
29001,Missouri,Adair County,2020,4854
29003,Missouri,Andrew County,2020,4432
29005,Missouri,Atchison County,2020,1137
29007,Missouri,Audrain County,2020,5892
29009,Missouri,Barry County,2020,7948
29011,Missouri,Barton County,2020,2864
29013,Missouri,Bates County,2020,3666
29015,Missouri,Benton County,2020,3478
29017,Missouri,Bollinger County,2020,2321
29019,Missouri,Boone County,2020,38358
29021,Missouri,Buchanan County,2020,18667
29023,Missouri,Butler County,2020,9832
29025,Missouri,Caldwell County,2020,2042
29027,Missouri,Callaway County,2020,9545
29029,Missouri,Camden County,2020,7799
29031,Missouri,Cape Girardeau County,2020,17414
29033,Missouri,Carroll County,2020,1836
29035,Missouri,Carter County,2020,1131
29037,Missouri,Cass County,2020,26171
29039,Missouri,Cedar County,2020,3547
29041,Missouri,Chariton County,2020,1658
29043,Missouri,Christian County,2020,23161
29045,Missouri,Clark County,2020,1569
29047,Missouri,Clay County,2020,61962
29049,Missouri,Clinton County,2020,4954
29051,Missouri,Cole County,2020,17116
29053,Missouri,Cooper County,2020,3807
29055,Missouri,Crawford County,2020,5210
29057,Missouri,Dade County,2020,1613
29059,Missouri,Dallas County,2020,4074
29061,Missouri,Daviess County,2020,2178
29063,Missouri,DeKalb County,2020,2102
29065,Missouri,Dent County,2020,3176
29067,Missouri,Douglas County,2020,2504
29069,Missouri,Dunklin County,2020,6966
29071,Missouri,Franklin County,2020,23605
29073,Missouri,Gasconade County,2020,3102
29075,Missouri,Gentry County,2020,1567
29077,Missouri,Greene County,2020,61471
29079,Missouri,Grundy County,2020,2450
29081,Missouri,Harrison County,2020,1918
29083,Missouri,Henry County,2020,4859
29085,Missouri,Hickory County,2020,1353
29087,Missouri,Holt County,2020,911
29089,Missouri,Howard County,2020,2248
29091,Missouri,Howell County,2020,9469
29093,Missouri,Iron County,2020,2004
29095,Missouri,Jackson County,2020,163037
29097,Missouri,Jasper County,2020,30446
29099,Missouri,Jefferson County,2020,52389
29101,Missouri,Johnson County,2020,12165
29103,Missouri,Knox County,2020,906
29105,Missouri,Laclede County,2020,8642
29107,Missouri,Lafayette County,2020,7584
29109,Missouri,Lawrence County,2020,9589
29111,Missouri,Lewis County,2020,2131
29113,Missouri,Lincoln County,2020,15189
29115,Missouri,Linn County,2020,2764
29117,Missouri,Livingston County,2020,3084
29119,Missouri,McDonald County,2020,6129
29121,Missouri,Macon County,2020,3543
29123,Missouri,Madison County,2020,2878
29125,Missouri,Maries County,2020,1827
29127,Missouri,Marion County,2020,6601
29129,Missouri,Mercer County,2020,811
29131,Missouri,Miller County,2020,5838
29133,Missouri,Mississippi County,2020,2635
29135,Missouri,Moniteau County,2020,3946
29137,Missouri,Monroe County,2020,1952
29139,Missouri,Montgomery County,2020,2474
29141,Missouri,Morgan County,2020,4786
29143,Missouri,New Madrid County,2020,3894
29145,Missouri,Newton County,2020,13906
29147,Missouri,Nodaway County,2020,4237
29149,Missouri,Oregon County,2020,1891
29151,Missouri,Osage County,2020,3020
29153,Missouri,Ozark County,2020,1606
29155,Missouri,Pemiscot County,2020,4033
29157,Missouri,Perry County,2020,4380
29159,Missouri,Pettis County,2020,10776
29161,Missouri,Phelps County,2020,9145
29163,Missouri,Pike County,2020,4075
29165,Missouri,Platte County,2020,25526
29167,Missouri,Polk County,2020,7611
29169,Missouri,Pulaski County,2020,12202
29171,Missouri,Putnam County,2020,1025
29173,Missouri,Ralls County,2020,2265
29175,Missouri,Randolph County,2020,5295
29177,Missouri,Ray County,2020,5330
29179,Missouri,Reynolds County,2020,1306
29181,Missouri,Ripley County,2020,2388
29183,Missouri,St. Charles County,2020,94645
29185,Missouri,St. Clair County,2020,1974
29186,Missouri,Ste. Genevieve County,2020,3966
29187,Missouri,St. Francois County,2020,14017
29189,Missouri,St. Louis County,2020,219748
29195,Missouri,Saline County,2020,5213
29197,Missouri,Schuyler County,2020,1042
29199,Missouri,Scotland County,2020,1405
29201,Missouri,Scott County,2020,9118
29203,Missouri,Shannon County,2020,1535
29205,Missouri,Shelby County,2020,1492
29207,Missouri,Stoddard County,2020,6438
29209,Missouri,Stone County,2020,5290
29211,Missouri,Sullivan County,2020,1400
29213,Missouri,Taney County,2020,11365
29215,Missouri,Texas County,2020,5347
29217,Missouri,Vernon County,2020,4777
29219,Missouri,Warren County,2020,8274
29221,Missouri,Washington County,2020,5220
29223,Missouri,Wayne County,2020,2115
29225,Missouri,Webster County,2020,10585
29227,Missouri,Worth County,2020,408
29229,Missouri,Wright County,2020,4698
29510,Missouri,St. Louis city,2020,54031
30001,Montana,Beaverhead County,2020,1847
30003,Montana,Big Horn County,2020,4377
30005,Montana,Blaine County,2020,2079
30007,Montana,Broadwater County,2020,1465
30009,Montana,Carbon County,2020,1967
30011,Montana,Carter County,2020,327
30013,Montana,Cascade County,2020,18827
30015,Montana,Chouteau County,2020,1549
30017,Montana,Custer County,2020,2620
30019,Montana,Daniels County,2020,350
30021,Montana,Dawson County,2020,1966
30023,Montana,Deer Lodge County,2020,1570
30025,Montana,Fallon County,2020,840
30027,Montana,Fergus County,2020,2370
30029,Montana,Flathead County,2020,22852
30031,Montana,Gallatin County,2020,23501
30033,Montana,Garfield County,2020,276
30035,Montana,Glacier County,2020,4330
30037,Montana,Golden Valley County,2020,162
30039,Montana,Granite County,2020,603
30041,Montana,Hill County,2020,4312
30043,Montana,Jefferson County,2020,2519
30045,Montana,Judith Basin County,2020,376
30047,Montana,Lake County,2020,7222
30049,Montana,Lewis and Clark County,2020,15288
30051,Montana,Liberty County,2020,467
30053,Montana,Lincoln County,2020,3640
30055,Montana,McCone County,2020,376
30057,Montana,Madison County,2020,1392
30059,Montana,Meagher County,2020,336
30061,Montana,Mineral County,2020,816
30063,Montana,Missoula County,2020,22887
30065,Montana,Musselshell County,2020,910
30067,Montana,Park County,2020,2918
30069,Montana,Petroleum County,2020,83
30071,Montana,Phillips County,2020,982
30073,Montana,Pondera County,2020,1439
30075,Montana,Powder River County,2020,315
30077,Montana,Powell County,2020,1025
30079,Montana,Prairie County,2020,205
30081,Montana,Ravalli County,2020,8517
30083,Montana,Richland County,2020,2812
30085,Montana,Roosevelt County,2020,3334
30087,Montana,Rosebud County,2020,2253
30089,Montana,Sanders County,2020,2186
30091,Montana,Sheridan County,2020,753
30093,Montana,Silver Bow County,2020,7012
30095,Montana,Stillwater County,2020,1868
30097,Montana,Sweet Grass County,2020,755
30099,Montana,Teton County,2020,1458
30101,Montana,Toole County,2020,1000
30103,Montana,Treasure County,2020,181
30105,Montana,Valley County,2020,1757
30107,Montana,Wheatland County,2020,459
30109,Montana,Wibaux County,2020,207
30111,Montana,Yellowstone County,2020,38164
31001,Nebraska,Adams County,2020,7363
31003,Nebraska,Antelope County,2020,1472
31005,Nebraska,Arthur County,2020,118
31007,Nebraska,Banner County,2020,161
31009,Nebraska,Blaine County,2020,88
31011,Nebraska,Boone County,2020,1288
31013,Nebraska,Box Butte County,2020,2658
31015,Nebraska,Boyd County,2020,348
31017,Nebraska,Brown County,2020,595
31019,Nebraska,Buffalo County,2020,12047
31021,Nebraska,Burt County,2020,1492
31023,Nebraska,Butler County,2020,1992
31025,Nebraska,Cass County,2020,6345
31027,Nebraska,Cedar County,2020,2111
31029,Nebraska,Chase County,2020,944
31031,Nebraska,Cherry County,2020,1222
31033,Nebraska,Cheyenne County,2020,2147
31035,Nebraska,Clay County,2020,1475
31037,Nebraska,Colfax County,2020,3207
31039,Nebraska,Cuming County,2020,2217
31041,Nebraska,Custer County,2020,2485
31043,Nebraska,Dakota County,2020,6264
31045,Nebraska,Dawes County,2020,1632
31047,Nebraska,Dawson County,2020,6784
31049,Nebraska,Deuel County,2020,394
31051,Nebraska,Dixon County,2020,1388
31053,Nebraska,Dodge County,2020,9117
31055,Nebraska,Douglas County,2020,148527
31057,Nebraska,Dundy County,2020,327
31059,Nebraska,Fillmore County,2020,1261
31061,Nebraska,Franklin County,2020,618
31063,Nebraska,Frontier County,2020,538
31065,Nebraska,Furnas County,2020,1042
31067,Nebraska,Gage County,2020,4909
31069,Nebraska,Garden County,2020,355
31071,Nebraska,Garfield County,2020,382
31073,Nebraska,Gosper County,2020,417
31075,Nebraska,Grant County,2020,137
31077,Nebraska,Greeley County,2020,512
31079,Nebraska,Hall County,2020,16995
31081,Nebraska,Hamilton County,2020,2401
31083,Nebraska,Harlan County,2020,637
31085,Nebraska,Hayes County,2020,195
31087,Nebraska,Hitchcock County,2020,583
31089,Nebraska,Holt County,2020,2444
31091,Nebraska,Hooker County,2020,137
31093,Nebraska,Howard County,2020,1595
31095,Nebraska,Jefferson County,2020,1593
31097,Nebraska,Johnson County,2020,964
31099,Nebraska,Kearney County,2020,1684
31101,Nebraska,Keith County,2020,1819
31103,Nebraska,Keya Paha County,2020,157
31105,Nebraska,Kimball County,2020,672
31107,Nebraska,Knox County,2020,2059
31109,Nebraska,Lancaster County,2020,74003
31111,Nebraska,Lincoln County,2020,8100
31113,Nebraska,Logan County,2020,176
31115,Nebraska,Loup County,2020,124
31117,Nebraska,McPherson County,2020,76
31119,Nebraska,Madison County,2020,8846
31121,Nebraska,Merrick County,2020,1844
31123,Nebraska,Morrill County,2020,1013
31125,Nebraska,Nance County,2020,788
31127,Nebraska,Nemaha County,2020,1632
31129,Nebraska,Nuckolls County,2020,793
31131,Nebraska,Otoe County,2020,3852
31133,Nebraska,Pawnee County,2020,559
31135,Nebraska,Perkins County,2020,730
31137,Nebraska,Phelps County,2020,2127
31139,Nebraska,Pierce County,2020,1843
31141,Nebraska,Platte County,2020,9002
31143,Nebraska,Polk County,2020,1172
31145,Nebraska,Red Willow County,2020,2410
31147,Nebraska,Richardson County,2020,1700
31149,Nebraska,Rock County,2020,246
31151,Nebraska,Saline County,2020,3808
31153,Nebraska,Sarpy County,2020,52408
31155,Nebraska,Saunders County,2020,5660
31157,Nebraska,Scotts Bluff County,2020,8715
31159,Nebraska,Seward County,2020,4193
31161,Nebraska,Sheridan County,2020,1166
31163,Nebraska,Sherman County,2020,633
31165,Nebraska,Sioux County,2020,230
31167,Nebraska,Stanton County,2020,1507
31169,Nebraska,Thayer County,2020,1154
31171,Nebraska,Thomas County,2020,145
31173,Nebraska,Thurston County,2020,2263
31175,Nebraska,Valley County,2020,957
31177,Nebraska,Washington County,2020,5058
31179,Nebraska,Wayne County,2020,1959
31181,Nebraska,Webster County,2020,764
31183,Nebraska,Wheeler County,2020,166
31185,Nebraska,York County,2020,3241
32001,Nevada,Churchill County,2020,5735
32003,Nevada,Clark County,2020,514221
32005,Nevada,Douglas County,2020,8263
32007,Nevada,Elko County,2020,15294
32009,Nevada,Esmeralda County,2020,133
32011,Nevada,Eureka County,2020,406
32013,Nevada,Humboldt County,2020,4529
32015,Nevada,Lander County,2020,1454
32017,Nevada,Lincoln County,2020,1085
32019,Nevada,Lyon County,2020,13117
32021,Nevada,Mineral County,2020,923
32023,Nevada,Nye County,2020,8487
32027,Nevada,Pershing County,2020,1235
32029,Nevada,Storey County,2020,619
32031,Nevada,Washoe County,2020,102645
32033,Nevada,White Pine County,2020,1903
32510,Nevada,Carson City,2020,11239
33001,New Hampshire,Belknap County,2020,11252
33003,New Hampshire,Carroll County,2020,7541
33005,New Hampshire,Cheshire County,2020,13753
33007,New Hampshire,Coos County,2020,5101
33009,New Hampshire,Grafton County,2020,14416
33011,New Hampshire,Hillsborough County,2020,84673
33013,New Hampshire,Merrimack County,2020,28553
33015,New Hampshire,Rockingham County,2020,60089
33017,New Hampshire,Strafford County,2020,23434
33019,New Hampshire,Sullivan County,2020,8037
34001,New Jersey,Atlantic County,2020,56541
34003,New Jersey,Bergen County,2020,200498
34005,New Jersey,Burlington County,2020,96455
34007,New Jersey,Camden County,2020,116981
34009,New Jersey,Cape May County,2020,16292
34011,New Jersey,Cumberland County,2020,35731
34013,New Jersey,Essex County,2020,202220
34015,New Jersey,Gloucester County,2020,65013
34017,New Jersey,Hudson County,2020,142103
34019,New Jersey,Hunterdon County,2020,24927
34021,New Jersey,Mercer County,2020,82668
34023,New Jersey,Middlesex County,2020,183153
34025,New Jersey,Monmouth County,2020,131945
34027,New Jersey,Morris County,2020,105692
34029,New Jersey,Ocean County,2020,154629
34031,New Jersey,Passaic County,2020,120302
34033,New Jersey,Salem County,2020,14299
34035,New Jersey,Somerset County,2020,74157
34037,New Jersey,Sussex County,2020,27776
34039,New Jersey,Union County,2020,134489
34041,New Jersey,Warren County,2020,21813
35001,New Mexico,Bernalillo County,2020,142673
35003,New Mexico,Catron County,2020,363
35005,New Mexico,Chaves County,2020,17186
35006,New Mexico,Cibola County,2020,6414
35007,New Mexico,Colfax County,2020,2279
35009,New Mexico,Curry County,2020,12967
35011,New Mexico,De Baca County,2020,338
35013,New Mexico,Doña Ana County,2020,52419
35015,New Mexico,Eddy County,2020,16393
35017,New Mexico,Grant County,2020,5354
35019,New Mexico,Guadalupe County,2020,866
35021,New Mexico,Harding County,2020,96
35023,New Mexico,Hidalgo County,2020,939
35025,New Mexico,Lea County,2020,21719
35027,New Mexico,Lincoln County,2020,3591
35028,New Mexico,Los Alamos County,2020,4369
35029,New Mexico,Luna County,2020,6309
35031,New Mexico,McKinley County,2020,20222
35033,New Mexico,Mora County,2020,690
35035,New Mexico,Otero County,2020,15621
35037,New Mexico,Quay County,2020,1918
35039,New Mexico,Rio Arriba County,2020,8576
35041,New Mexico,Roosevelt County,2020,4751
35043,New Mexico,Sandoval County,2020,34878
35045,New Mexico,San Juan County,2020,31997
35047,New Mexico,San Miguel County,2020,5290
35049,New Mexico,Santa Fe County,2020,26973
35051,New Mexico,Sierra County,2020,1781
35053,New Mexico,Socorro County,2020,3520
35055,New Mexico,Taos County,2020,6044
35057,New Mexico,Torrance County,2020,3112
35059,New Mexico,Union County,2020,819
35061,New Mexico,Valencia County,2020,18066
36001,New York,Albany County,2020,58973
36003,New York,Allegany County,2020,9593
36005,New York,Bronx County,2020,349579
36007,New York,Broome County,2020,37038
36009,New York,Cattaraugus County,2020,16825
36011,New York,Cayuga County,2020,15036
36013,New York,Chautauqua County,2020,26343
36015,New York,Chemung County,2020,17663
36017,New York,Chenango County,2020,9711
36019,New York,Clinton County,2020,14805
36021,New York,Columbia County,2020,10722
36023,New York,Cortland County,2020,8959
36025,New York,Delaware County,2020,7759
36027,New York,Dutchess County,2020,56288
36029,New York,Erie County,2020,192116
36031,New York,Essex County,2020,6739
36033,New York,Franklin County,2020,9690
36035,New York,Fulton County,2020,10606
36037,New York,Genesee County,2020,11554
36039,New York,Greene County,2020,8306
36041,New York,Hamilton County,2020,666
36043,New York,Herkimer County,2020,12417
36045,New York,Jefferson County,2020,26683
36047,New York,Kings County,2020,595703
36049,New York,Lewis County,2020,6160
36051,New York,Livingston County,2020,11725
36053,New York,Madison County,2020,13153
36055,New York,Monroe County,2020,154313
36057,New York,Montgomery County,2020,11284
36059,New York,Nassau County,2020,296890
36061,New York,New York County,2020,232511
36063,New York,Niagara County,2020,42158
36065,New York,Oneida County,2020,49666
36067,New York,Onondaga County,2020,98730
36069,New York,Ontario County,2020,22152
36071,New York,Orange County,2020,102007
36073,New York,Orleans County,2020,8153
36075,New York,Oswego County,2020,24731
36077,New York,Otsego County,2020,10060
36079,New York,Putnam County,2020,19398
36081,New York,Queens County,2020,455995
36083,New York,Rensselaer County,2020,31049
36085,New York,Richmond County,2020,106354
36087,New York,Rockland County,2020,98813
36089,New York,St. Lawrence County,2020,22241
36091,New York,Saratoga County,2020,46893
36093,New York,Schenectady County,2020,33780
36095,New York,Schoharie County,2020,5373
36097,New York,Schuyler County,2020,3390
36099,New York,Seneca County,2020,6994
36101,New York,Steuben County,2020,20137
36103,New York,Suffolk County,2020,311508
36105,New York,Sullivan County,2020,16838
36107,New York,Tioga County,2020,10380
36109,New York,Tompkins County,2020,15692
36111,New York,Ulster County,2020,32394
36113,New York,Warren County,2020,11734
36115,New York,Washington County,2020,11810
36117,New York,Wayne County,2020,19539
36119,New York,Westchester County,2020,222015
36121,New York,Wyoming County,2020,7636
36123,New York,Yates County,2020,5684
37001,North Carolina,Alamance County,2020,37446
37003,North Carolina,Alexander County,2020,7171
37005,North Carolina,Alleghany County,2020,1946
37007,North Carolina,Anson County,2020,4210
37009,North Carolina,Ashe County,2020,4593
37011,North Carolina,Avery County,2020,2702
37013,North Carolina,Beaufort County,2020,8647
37015,North Carolina,Bertie County,2020,3038
37017,North Carolina,Bladen County,2020,6180
37019,North Carolina,Brunswick County,2020,20087
37021,North Carolina,Buncombe County,2020,49578
37023,North Carolina,Burke County,2020,17552
37025,North Carolina,Cabarrus County,2020,58265
37027,North Carolina,Caldwell County,2020,16216
37029,North Carolina,Camden County,2020,2468
37031,North Carolina,Carteret County,2020,11473
37033,North Carolina,Caswell County,2020,4140
37035,North Carolina,Catawba County,2020,34044
37037,North Carolina,Chatham County,2020,15497
37039,North Carolina,Cherokee County,2020,4723
37041,North Carolina,Chowan County,2020,2594
37043,North Carolina,Clay County,2020,1855
37045,North Carolina,Cleveland County,2020,21487
37047,North Carolina,Columbus County,2020,10307
37049,North Carolina,Craven County,2020,20937
37051,North Carolina,Cumberland County,2020,80247
37053,North Carolina,Currituck County,2020,6096
37055,North Carolina,Dare County,2020,6470
37057,North Carolina,Davidson County,2020,36751
37059,North Carolina,Davie County,2020,8928
37061,North Carolina,Duplin County,2020,11672
37063,North Carolina,Durham County,2020,65268
37065,North Carolina,Edgecombe County,2020,10711
37067,North Carolina,Forsyth County,2020,85202
37069,North Carolina,Franklin County,2020,15429
37071,North Carolina,Gaston County,2020,50097
37073,North Carolina,Gates County,2020,2135
37075,North Carolina,Graham County,2020,1660
37077,North Carolina,Granville County,2020,12797
37079,North Carolina,Greene County,2020,3885
37081,North Carolina,Guilford County,2020,117536
37083,North Carolina,Halifax County,2020,9647
37085,North Carolina,Harnett County,2020,35499
37087,North Carolina,Haywood County,2020,10998
37089,North Carolina,Henderson County,2020,21853
37091,North Carolina,Hertford County,2020,3913
37093,North Carolina,Hoke County,2020,14610
37095,North Carolina,Hyde County,2020,804
37097,North Carolina,Iredell County,2020,42898
37099,North Carolina,Jackson County,2020,7319
37101,North Carolina,Johnston County,2020,55900
37103,North Carolina,Jones County,2020,1691
37105,North Carolina,Lee County,2020,14893
37107,North Carolina,Lenoir County,2020,12199
37109,North Carolina,Lincoln County,2020,18394
37111,North Carolina,McDowell County,2020,8773
37113,North Carolina,Macon County,2020,6669
37115,North Carolina,Madison County,2020,3712
37117,North Carolina,Martin County,2020,4416
37119,North Carolina,Mecklenburg County,2020,255457
37121,North Carolina,Mitchell County,2020,2657
37123,North Carolina,Montgomery County,2020,5574
37125,North Carolina,Moore County,2020,21515
37127,North Carolina,Nash County,2020,20396
37129,North Carolina,New Hanover County,2020,41589
37131,North Carolina,Northampton County,2020,3099
37133,North Carolina,Onslow County,2020,47109
37135,North Carolina,Orange County,2020,29169
37137,North Carolina,Pamlico County,2020,1798
37139,North Carolina,Pasquotank County,2020,8604
37141,North Carolina,Pender County,2020,13595
37143,North Carolina,Perquimans County,2020,2413
37145,North Carolina,Person County,2020,8134
37147,North Carolina,Pitt County,2020,37970
37149,North Carolina,Polk County,2020,3124
37151,North Carolina,Randolph County,2020,31856
37153,North Carolina,Richmond County,2020,9708
37155,North Carolina,Robeson County,2020,28075
37157,North Carolina,Rockingham County,2020,18313
37159,North Carolina,Rowan County,2020,31907
37161,North Carolina,Rutherford County,2020,13025
37163,North Carolina,Sampson County,2020,14100
37165,North Carolina,Scotland County,2020,7329
37167,North Carolina,Stanly County,2020,13240
37169,North Carolina,Stokes County,2020,8471
37171,North Carolina,Surry County,2020,14921
37173,North Carolina,Swain County,2020,3142
37175,North Carolina,Transylvania County,2020,5687
37177,North Carolina,Tyrrell County,2020,671
37179,North Carolina,Union County,2020,64403
37181,North Carolina,Vance County,2020,9707
37183,North Carolina,Wake County,2020,269331
37185,North Carolina,Warren County,2020,3350
37187,North Carolina,Washington County,2020,2153
37189,North Carolina,Watauga County,2020,7496
37191,North Carolina,Wayne County,2020,26831
37193,North Carolina,Wilkes County,2020,13318
37195,North Carolina,Wilson County,2020,17729
37197,North Carolina,Yadkin County,2020,7730
37199,North Carolina,Yancey County,2020,3365
38001,North Dakota,Adams County,2020,433
38003,North Dakota,Barnes County,2020,2113
38005,North Dakota,Benson County,2020,2038
38007,North Dakota,Billings County,2020,208
38009,North Dakota,Bottineau County,2020,1398
38011,North Dakota,Bowman County,2020,701
38013,North Dakota,Burke County,2020,560
38015,North Dakota,Burleigh County,2020,22837
38017,North Dakota,Cass County,2020,41591
38019,North Dakota,Cavalier County,2020,819
38021,North Dakota,Dickey County,2020,1225
38023,North Dakota,Divide County,2020,504
38025,North Dakota,Dunn County,2020,1039
38027,North Dakota,Eddy County,2020,523
38029,North Dakota,Emmons County,2020,686
38031,North Dakota,Foster County,2020,770
38033,North Dakota,Golden Valley County,2020,462
38035,North Dakota,Grand Forks County,2020,15386
38037,North Dakota,Grant County,2020,416
38039,North Dakota,Griggs County,2020,479
38041,North Dakota,Hettinger County,2020,546
38043,North Dakota,Kidder County,2020,517
38045,North Dakota,LaMoure County,2020,923
38047,North Dakota,Logan County,2020,452
38049,North Dakota,McHenry County,2020,1246
38051,North Dakota,McIntosh County,2020,476
38053,North Dakota,McKenzie County,2020,4338
38055,North Dakota,McLean County,2020,2192
38057,North Dakota,Mercer County,2020,1992
38059,North Dakota,Morton County,2020,7926
38061,North Dakota,Mountrail County,2020,2734
38063,North Dakota,Nelson County,2020,542
38065,North Dakota,Oliver County,2020,463
38067,North Dakota,Pembina County,2020,1479
38069,North Dakota,Pierce County,2020,894
38071,North Dakota,Ramsey County,2020,2678
38073,North Dakota,Ransom County,2020,1388
38075,North Dakota,Renville County,2020,504
38077,North Dakota,Richland County,2020,3698
38079,North Dakota,Rolette County,2020,4026
38081,North Dakota,Sargent County,2020,805
38083,North Dakota,Sheridan County,2020,249
38085,North Dakota,Sioux County,2020,1354
38087,North Dakota,Slope County,2020,152
38089,North Dakota,Stark County,2020,8673
38091,North Dakota,Steele County,2020,391
38093,North Dakota,Stutsman County,2020,4339
38095,North Dakota,Towner County,2020,494
38097,North Dakota,Traill County,2020,1866
38099,North Dakota,Walsh County,2020,2404
38101,North Dakota,Ward County,2020,17113
38103,North Dakota,Wells County,2020,802
38105,North Dakota,Williams County,2020,11157
39001,Ohio,Adams County,2020,6581
39003,Ohio,Allen County,2020,23787
39005,Ohio,Ashland County,2020,11809
39007,Ohio,Ashtabula County,2020,21162
39009,Ohio,Athens County,2020,9798
39011,Ohio,Auglaize County,2020,11056
39013,Ohio,Belmont County,2020,12715
39015,Ohio,Brown County,2020,9942
39017,Ohio,Butler County,2020,91275
39019,Ohio,Carroll County,2020,5570
39021,Ohio,Champaign County,2020,8836
39023,Ohio,Clark County,2020,30309
39025,Ohio,Clermont County,2020,47786
39027,Ohio,Clinton County,2020,9347
39029,Ohio,Columbiana County,2020,20559
39031,Ohio,Coshocton County,2020,8941
39033,Ohio,Crawford County,2020,8876
39035,Ohio,Cuyahoga County,2020,255925
39037,Ohio,Darke County,2020,12273
39039,Ohio,Defiance County,2020,8866
39041,Ohio,Delaware County,2020,57025
39043,Ohio,Erie County,2020,15092
39045,Ohio,Fairfield County,2020,38588
39047,Ohio,Fayette County,2020,6753
39049,Ohio,Franklin County,2020,301574
39051,Ohio,Fulton County,2020,10054
39053,Ohio,Gallia County,2020,6788
39055,Ohio,Geauga County,2020,21425
39057,Ohio,Greene County,2020,35361
39059,Ohio,Guernsey County,2020,8332
39061,Ohio,Hamilton County,2020,185113
39063,Ohio,Hancock County,2020,16460
39065,Ohio,Hardin County,2020,7068
39067,Ohio,Harrison County,2020,3056
39069,Ohio,Henry County,2020,6450
39071,Ohio,Highland County,2020,10350
39073,Ohio,Hocking County,2020,6128
39075,Ohio,Holmes County,2020,13704
39077,Ohio,Huron County,2020,13785
39079,Ohio,Jackson County,2020,7747
39081,Ohio,Jefferson County,2020,12681
39083,Ohio,Knox County,2020,14425
39085,Ohio,Lake County,2020,45292
39087,Ohio,Lawrence County,2020,12661
39089,Ohio,Licking County,2020,41054
39091,Ohio,Logan County,2020,10315
39093,Ohio,Lorain County,2020,67722
39095,Ohio,Lucas County,2020,96413
39097,Ohio,Madison County,2020,9192
39099,Ohio,Mahoning County,2020,44947
39101,Ohio,Marion County,2020,13731
39103,Ohio,Medina County,2020,40252
39105,Ohio,Meigs County,2020,4703
39107,Ohio,Mercer County,2020,10849
39109,Ohio,Miami County,2020,25327
39111,Ohio,Monroe County,2020,2687
39113,Ohio,Montgomery County,2020,116723
39115,Ohio,Morgan County,2020,2855
39117,Ohio,Morrow County,2020,8055
39119,Ohio,Muskingum County,2020,19460
39121,Ohio,Noble County,2020,2682
39123,Ohio,Ottawa County,2020,7425
39125,Ohio,Paulding County,2020,4533
39127,Ohio,Perry County,2020,8448
39129,Ohio,Pickaway County,2020,13138
39131,Ohio,Pike County,2020,6461
39133,Ohio,Portage County,2020,29757
39135,Ohio,Preble County,2020,9254
39137,Ohio,Putnam County,2020,8775
39139,Ohio,Richland County,2020,27053
39141,Ohio,Ross County,2020,16289
39143,Ohio,Sandusky County,2020,12946
39145,Ohio,Scioto County,2020,15880
39147,Ohio,Seneca County,2020,12038
39149,Ohio,Shelby County,2020,11960
39151,Ohio,Stark County,2020,79954
39153,Ohio,Summit County,2020,111916
39155,Ohio,Trumbull County,2020,40188
39157,Ohio,Tuscarawas County,2020,21206
39159,Ohio,Union County,2020,16170
39161,Ohio,Van Wert County,2020,6868
39163,Ohio,Vinton County,2020,2819
39165,Ohio,Warren County,2020,60084
39167,Ohio,Washington County,2020,11911
39169,Ohio,Wayne County,2020,28057
39171,Ohio,Williams County,2020,8222
39173,Ohio,Wood County,2020,27293
39175,Ohio,Wyandot County,2020,4949
40001,Oklahoma,Adair County,2020,5075
40003,Oklahoma,Alfalfa County,2020,1139
40005,Oklahoma,Atoka County,2020,3062
40007,Oklahoma,Beaver County,2020,1301
40009,Oklahoma,Beckham County,2020,5397
40011,Oklahoma,Blaine County,2020,2187
40013,Oklahoma,Bryan County,2020,10801
40015,Oklahoma,Caddo County,2020,5863
40017,Oklahoma,Canadian County,2020,41671
40019,Oklahoma,Carter County,2020,11318
40021,Oklahoma,Cherokee County,2020,11089
40023,Oklahoma,Choctaw County,2020,3248
40025,Oklahoma,Cimarron County,2020,558
40027,Oklahoma,Cleveland County,2020,66826
40029,Oklahoma,Coal County,2020,1214
40031,Oklahoma,Comanche County,2020,28954
40033,Oklahoma,Cotton County,2020,1312
40035,Oklahoma,Craig County,2020,3028
40037,Oklahoma,Creek County,2020,16872
40039,Oklahoma,Custer County,2020,7049
40041,Oklahoma,Delaware County,2020,8077
40043,Oklahoma,Dewey County,2020,1148
40045,Oklahoma,Ellis County,2020,858
40047,Oklahoma,Garfield County,2020,16336
40049,Oklahoma,Garvin County,2020,6208
40051,Oklahoma,Grady County,2020,13169
40053,Oklahoma,Grant County,2020,978
40055,Oklahoma,Greer County,2020,1150
40057,Oklahoma,Harmon County,2020,609
40059,Oklahoma,Harper County,2020,826
40061,Oklahoma,Haskell County,2020,2808
40063,Oklahoma,Hughes County,2020,2829
40065,Oklahoma,Jackson County,2020,6087
40067,Oklahoma,Jefferson County,2020,1279
40069,Oklahoma,Johnston County,2020,2323
40071,Oklahoma,Kay County,2020,10623
40073,Oklahoma,Kingfisher County,2020,4039
40075,Oklahoma,Kiowa County,2020,2018
40077,Oklahoma,Latimer County,2020,2138
40079,Oklahoma,Le Flore County,2020,11470
40081,Oklahoma,Lincoln County,2020,8036
40083,Oklahoma,Logan County,2020,12842
40085,Oklahoma,Love County,2020,2320
40087,Oklahoma,McClain County,2020,10882
40089,Oklahoma,McCurtain County,2020,7772
40091,Oklahoma,McIntosh County,2020,3721
40093,Oklahoma,Major County,2020,1950
40095,Oklahoma,Marshall County,2020,3530
40097,Oklahoma,Mayes County,2020,9354
40099,Oklahoma,Murray County,2020,3241
40101,Oklahoma,Muskogee County,2020,15288
40103,Oklahoma,Noble County,2020,2560
40105,Oklahoma,Nowata County,2020,2109
40107,Oklahoma,Okfuskee County,2020,2364
40109,Oklahoma,Oklahoma County,2020,194470
40111,Oklahoma,Okmulgee County,2020,8470
40113,Oklahoma,Osage County,2020,10308
40115,Oklahoma,Ottawa County,2020,7093
40117,Oklahoma,Pawnee County,2020,3647
40119,Oklahoma,Payne County,2020,15205
40121,Oklahoma,Pittsburg County,2020,9669
40123,Oklahoma,Pontotoc County,2020,9095
40125,Oklahoma,Pottawatomie County,2020,16990
40127,Oklahoma,Pushmataha County,2020,2366
40129,Oklahoma,Roger Mills County,2020,856
40131,Oklahoma,Rogers County,2020,22833
40133,Oklahoma,Seminole County,2020,5779
40135,Oklahoma,Sequoyah County,2020,9322
40137,Oklahoma,Stephens County,2020,9926
40139,Oklahoma,Texas County,2020,6262
40141,Oklahoma,Tillman County,2020,1707
40143,Oklahoma,Tulsa County,2020,163442
40145,Oklahoma,Wagoner County,2020,20468
40147,Oklahoma,Washington County,2020,12322
40149,Oklahoma,Washita County,2020,2852
40151,Oklahoma,Woods County,2020,1704
40153,Oklahoma,Woodward County,2020,4963
41001,Oregon,Baker County,2020,3288
41003,Oregon,Benton County,2020,15492
41005,Oregon,Clackamas County,2020,90533
41007,Oregon,Clatsop County,2020,7810
41009,Oregon,Columbia County,2020,10860
41011,Oregon,Coos County,2020,11546
41013,Oregon,Crook County,2020,4867
41015,Oregon,Curry County,2020,3325
41017,Oregon,Deschutes County,2020,40086
41019,Oregon,Douglas County,2020,21242
41021,Oregon,Gilliam County,2020,399
41023,Oregon,Grant County,2020,1323
41025,Oregon,Harney County,2020,1656
41027,Oregon,Hood River County,2020,5605
41029,Oregon,Jackson County,2020,45227
41031,Oregon,Jefferson County,2020,5519
41033,Oregon,Josephine County,2020,16341
41035,Oregon,Klamath County,2020,14512
41037,Oregon,Lake County,2020,1556
41039,Oregon,Lane County,2020,69494
41041,Oregon,Lincoln County,2020,8015
41043,Oregon,Linn County,2020,28208
41045,Oregon,Malheur County,2020,7723
41047,Oregon,Marion County,2020,83178
41049,Oregon,Morrow County,2020,3344
41051,Oregon,Multnomah County,2020,148718
41053,Oregon,Polk County,2020,19781
41055,Oregon,Sherman County,2020,362
41057,Oregon,Tillamook County,2020,4995
41059,Oregon,Umatilla County,2020,19682
41061,Oregon,Union County,2020,5817
41063,Oregon,Wallowa County,2020,1375
41065,Oregon,Wasco County,2020,5697
41067,Oregon,Washington County,2020,135408
41069,Oregon,Wheeler County,2020,234
41071,Oregon,Yamhill County,2020,23386
42001,Pennsylvania,Adams County,2020,20847
42003,Pennsylvania,Allegheny County,2020,230395
42005,Pennsylvania,Armstrong County,2020,12376
42007,Pennsylvania,Beaver County,2020,32100
42009,Pennsylvania,Bedford County,2020,9293
42011,Pennsylvania,Berks County,2020,95191
42013,Pennsylvania,Blair County,2020,24347
42015,Pennsylvania,Bradford County,2020,13026
42017,Pennsylvania,Bucks County,2020,131198
42019,Pennsylvania,Butler County,2020,38438
42021,Pennsylvania,Cambria County,2020,25084
42023,Pennsylvania,Cameron County,2020,796
42025,Pennsylvania,Carbon County,2020,12459
42027,Pennsylvania,Centre County,2020,23733
42029,Pennsylvania,Chester County,2020,121527
42031,Pennsylvania,Clarion County,2020,7275
42033,Pennsylvania,Clearfield County,2020,14614
42035,Pennsylvania,Clinton County,2020,7852
42037,Pennsylvania,Columbia County,2020,11629
42039,Pennsylvania,Crawford County,2020,17330
42041,Pennsylvania,Cumberland County,2020,52936
42043,Pennsylvania,Dauphin County,2020,61908
42045,Pennsylvania,Delaware County,2020,127040
42047,Pennsylvania,Elk County,2020,5761
42049,Pennsylvania,Erie County,2020,56535
42051,Pennsylvania,Fayette County,2020,24096
42053,Pennsylvania,Forest County,2020,650
42055,Pennsylvania,Franklin County,2020,34968
42057,Pennsylvania,Fulton County,2020,3042
42059,Pennsylvania,Greene County,2020,6682
42061,Pennsylvania,Huntingdon County,2020,8017
42063,Pennsylvania,Indiana County,2020,15520
42065,Pennsylvania,Jefferson County,2020,9246
42067,Pennsylvania,Juniata County,2020,5166
42069,Pennsylvania,Lackawanna County,2020,42299
42071,Pennsylvania,Lancaster County,2020,127670
42073,Pennsylvania,Lawrence County,2020,17014
42075,Pennsylvania,Lebanon County,2020,32023
42077,Pennsylvania,Lehigh County,2020,82622
42079,Pennsylvania,Luzerne County,2020,63139
42081,Pennsylvania,Lycoming County,2020,23388
42083,Pennsylvania,McKean County,2020,8111
42085,Pennsylvania,Mercer County,2020,21624
42087,Pennsylvania,Mifflin County,2020,10086
42089,Pennsylvania,Monroe County,2020,34056
42091,Pennsylvania,Montgomery County,2020,182529
42093,Pennsylvania,Montour County,2020,3743
42095,Pennsylvania,Northampton County,2020,61275
42097,Pennsylvania,Northumberland County,2020,18372
42099,Pennsylvania,Perry County,2020,9925
42101,Pennsylvania,Philadelphia County,2020,325435
42103,Pennsylvania,Pike County,2020,11088
42105,Pennsylvania,Potter County,2020,3256
42107,Pennsylvania,Schuylkill County,2020,27117
42109,Pennsylvania,Snyder County,2020,8592
42111,Pennsylvania,Somerset County,2020,13434
42113,Pennsylvania,Sullivan County,2020,983
42115,Pennsylvania,Susquehanna County,2020,7511
42117,Pennsylvania,Tioga County,2020,8325
42119,Pennsylvania,Union County,2020,8001
42121,Pennsylvania,Venango County,2020,10134
42123,Pennsylvania,Warren County,2020,7482
42125,Pennsylvania,Washington County,2020,40158
42127,Pennsylvania,Wayne County,2020,8568
42129,Pennsylvania,Westmoreland County,2020,65049
42131,Pennsylvania,Wyoming County,2020,4996
42133,Pennsylvania,York County,2020,100070
44001,Rhode Island,Bristol County,2020,9202
44003,Rhode Island,Kent County,2020,31192
44005,Rhode Island,Newport County,2020,14753
44007,Rhode Island,Providence County,2020,133561
44009,Rhode Island,Washington County,2020,21077
45001,South Carolina,Abbeville County,2020,4926
45003,South Carolina,Aiken County,2020,35882
45005,South Carolina,Allendale County,2020,1352
45007,South Carolina,Anderson County,2020,45744
45009,South Carolina,Bamberg County,2020,2621
45011,South Carolina,Barnwell County,2020,4625
45013,South Carolina,Beaufort County,2020,35349
45015,South Carolina,Berkeley County,2020,55912
45017,South Carolina,Calhoun County,2020,2696
45019,South Carolina,Charleston County,2020,80338
45021,South Carolina,Cherokee County,2020,12665
45023,South Carolina,Chester County,2020,7150
45025,South Carolina,Chesterfield County,2020,9576
45027,South Carolina,Clarendon County,2020,6095
45029,South Carolina,Colleton County,2020,8166
45031,South Carolina,Darlington County,2020,13764
45033,South Carolina,Dillon County,2020,6801
45035,South Carolina,Dorchester County,2020,40289
45037,South Carolina,Edgefield County,2020,4882
45039,South Carolina,Fairfield County,2020,3641
45041,South Carolina,Florence County,2020,31360
45043,South Carolina,Georgetown County,2020,11264
45045,South Carolina,Greenville County,2020,119291
45047,South Carolina,Greenwood County,2020,15092
45049,South Carolina,Hampton County,2020,3853
45051,South Carolina,Horry County,2020,60947
45053,South Carolina,Jasper County,2020,5689
45055,South Carolina,Kershaw County,2020,14939
45057,South Carolina,Lancaster County,2020,21408
45059,South Carolina,Laurens County,2020,14748
45061,South Carolina,Lee County,2020,2945
45063,South Carolina,Lexington County,2020,68586
45065,South Carolina,McCormick County,2020,1084
45067,South Carolina,Marion County,2020,6342
45069,South Carolina,Marlboro County,2020,5083
45071,South Carolina,Newberry County,2020,8010
45073,South Carolina,Oconee County,2020,15028
45075,South Carolina,Orangeburg County,2020,17656
45077,South Carolina,Pickens County,2020,24338
45079,South Carolina,Richland County,2020,88666
45081,South Carolina,Saluda County,2020,4126
45083,South Carolina,Spartanburg County,2020,75985
45085,South Carolina,Sumter County,2020,24154
45087,South Carolina,Union County,2020,5822
45089,South Carolina,Williamsburg County,2020,6096
45091,South Carolina,York County,2020,68979
46003,South Dakota,Aurora County,2020,710
46005,South Dakota,Beadle County,2020,5215
46007,South Dakota,Bennett County,2020,1114
46009,South Dakota,Bon Homme County,2020,1296
46011,South Dakota,Brookings County,2020,7234
46013,South Dakota,Brown County,2020,9061
46015,South Dakota,Brule County,2020,1233
46017,South Dakota,Buffalo County,2020,752
46019,South Dakota,Butte County,2020,2476
46021,South Dakota,Campbell County,2020,275
46023,South Dakota,Charles Mix County,2020,2692
46025,South Dakota,Clark County,2020,1058
46027,South Dakota,Clay County,2020,2568
46029,South Dakota,Codington County,2020,6618
46031,South Dakota,Corson County,2020,1351
46033,South Dakota,Custer County,2020,1393
46035,South Dakota,Davison County,2020,4595
46037,South Dakota,Day County,2020,1257
46039,South Dakota,Deuel County,2020,1026
46041,South Dakota,Dewey County,2020,1644
46043,South Dakota,Douglas County,2020,654
46045,South Dakota,Edmunds County,2020,911
46047,South Dakota,Fall River County,2020,1201
46049,South Dakota,Faulk County,2020,473
46051,South Dakota,Grant County,2020,1720
46053,South Dakota,Gregory County,2020,899
46055,South Dakota,Haakon County,2020,423
46057,South Dakota,Hamlin County,2020,1993
46059,South Dakota,Hand County,2020,682
46061,South Dakota,Hanson County,2020,1014
46063,South Dakota,Harding County,2020,325
46065,South Dakota,Hughes County,2020,4268
46067,South Dakota,Hutchinson County,2020,1887
46069,South Dakota,Hyde County,2020,274
46071,South Dakota,Jackson County,2020,891
46073,South Dakota,Jerauld County,2020,380
46075,South Dakota,Jones County,2020,226
46077,South Dakota,Kingsbury County,2020,1187
46079,South Dakota,Lake County,2020,2433
46081,South Dakota,Lawrence County,2020,4945
46083,South Dakota,Lincoln County,2020,18405
46085,South Dakota,Lyman County,2020,1096
46087,South Dakota,McCook County,2020,1445
46089,South Dakota,McPherson County,2020,496
46091,South Dakota,Marshall County,2020,1050
46093,South Dakota,Meade County,2020,7498
46095,South Dakota,Mellette County,2020,633
46097,South Dakota,Miner County,2020,522
46099,South Dakota,Minnehaha County,2020,49210
46101,South Dakota,Moody County,2020,1705
46102,South Dakota,Oglala Lakota County,2020,5067
46103,South Dakota,Pennington County,2020,24440
46105,South Dakota,Perkins County,2020,591
46107,South Dakota,Potter County,2020,483
46109,South Dakota,Roberts County,2020,2885
46111,South Dakota,Sanborn County,2020,563
46115,South Dakota,Spink County,2020,1480
46117,South Dakota,Stanley County,2020,736
46119,South Dakota,Sully County,2020,306
46121,South Dakota,Todd County,2020,3704
46123,South Dakota,Tripp County,2020,1340
46125,South Dakota,Turner County,2020,2260
46127,South Dakota,Union County,2020,4154
46129,South Dakota,Walworth County,2020,1218
46135,South Dakota,Yankton County,2020,4928
46137,South Dakota,Ziebach County,2020,843
47001,Tennessee,Anderson County,2020,16287
47003,Tennessee,Bedford County,2020,12583
47005,Tennessee,Benton County,2020,3091
47007,Tennessee,Bledsoe County,2020,2603
47009,Tennessee,Blount County,2020,27615
47011,Tennessee,Bradley County,2020,23719
47013,Tennessee,Campbell County,2020,8024
47015,Tennessee,Cannon County,2020,3098
47017,Tennessee,Carroll County,2020,5956
47019,Tennessee,Carter County,2020,10459
47021,Tennessee,Cheatham County,2020,8813
47023,Tennessee,Chester County,2020,3850
47025,Tennessee,Claiborne County,2020,6107
47027,Tennessee,Clay County,2020,1543
47029,Tennessee,Cocke County,2020,7065
47031,Tennessee,Coffee County,2020,13289
47033,Tennessee,Crockett County,2020,3268
47035,Tennessee,Cumberland County,2020,10571
47037,Tennessee,Davidson County,2020,143066
47039,Tennessee,Decatur County,2020,2313
47041,Tennessee,DeKalb County,2020,4416
47043,Tennessee,Dickson County,2020,12111
47045,Tennessee,Dyer County,2020,8858
47047,Tennessee,Fayette County,2020,7885
47049,Tennessee,Fentress County,2020,3801
47051,Tennessee,Franklin County,2020,8376
47053,Tennessee,Gibson County,2020,12159
47055,Tennessee,Giles County,2020,6364
47057,Tennessee,Grainger County,2020,4823
47059,Tennessee,Greene County,2020,13813
47061,Tennessee,Grundy County,2020,2761
47063,Tennessee,Hamblen County,2020,14985
47065,Tennessee,Hamilton County,2020,76760
47067,Tennessee,Hancock County,2020,1384
47069,Tennessee,Hardeman County,2020,4671
47071,Tennessee,Hardin County,2020,5462
47073,Tennessee,Hawkins County,2020,11313
47075,Tennessee,Haywood County,2020,4023
47077,Tennessee,Henderson County,2020,6283
47079,Tennessee,Henry County,2020,6638
47081,Tennessee,Hickman County,2020,5182
47083,Tennessee,Houston County,2020,1782
47085,Tennessee,Humphreys County,2020,4332
47087,Tennessee,Jackson County,2020,2199
47089,Tennessee,Jefferson County,2020,10952
47091,Tennessee,Johnson County,2020,3137
47093,Tennessee,Knox County,2020,100369
47095,Tennessee,Lake County,2020,1038
47097,Tennessee,Lauderdale County,2020,5509
47099,Tennessee,Lawrence County,2020,10806
47101,Tennessee,Lewis County,2020,2825
47103,Tennessee,Lincoln County,2020,7844
47105,Tennessee,Loudon County,2020,10200
47107,Tennessee,McMinn County,2020,11264
47109,Tennessee,McNairy County,2020,5451
47111,Tennessee,Macon County,2020,6138
47113,Tennessee,Madison County,2020,21581
47115,Tennessee,Marion County,2020,5920
47117,Tennessee,Marshall County,2020,8031
47119,Tennessee,Maury County,2020,23120
47121,Tennessee,Meigs County,2020,2657
47123,Tennessee,Monroe County,2020,9777
47125,Tennessee,Montgomery County,2020,59447
47127,Tennessee,Moore County,2020,1333
47129,Tennessee,Morgan County,2020,4137
47131,Tennessee,Obion County,2020,6691
47133,Tennessee,Overton County,2020,4874
47135,Tennessee,Perry County,2020,1796
47137,Tennessee,Pickett County,2020,911
47139,Tennessee,Polk County,2020,3291
47141,Tennessee,Putnam County,2020,16653
47143,Tennessee,Rhea County,2020,7236
47145,Tennessee,Roane County,2020,10423
47147,Tennessee,Robertson County,2020,17243
47149,Tennessee,Rutherford County,2020,85940
47151,Tennessee,Scott County,2020,5319
47153,Tennessee,Sequatchie County,2020,3321
47155,Tennessee,Sevier County,2020,20021
47157,Tennessee,Shelby County,2020,223681
47159,Tennessee,Smith County,2020,4580
47161,Tennessee,Stewart County,2020,2901
47163,Tennessee,Sullivan County,2020,30224
47165,Tennessee,Sumner County,2020,46619
47167,Tennessee,Tipton County,2020,14918
47169,Tennessee,Trousdale County,2020,2191
47171,Tennessee,Unicoi County,2020,3215
47173,Tennessee,Union County,2020,4447
47175,Tennessee,Van Buren County,2020,1332
47177,Tennessee,Warren County,2020,9492
47179,Tennessee,Washington County,2020,25307
47181,Tennessee,Wayne County,2020,2895
47183,Tennessee,Weakley County,2020,6403
47185,Tennessee,White County,2020,5984
47187,Tennessee,Williamson County,2020,68283
47189,Tennessee,Wilson County,2020,34939
48001,Texas,Anderson County,2020,10541
48003,Texas,Andrews County,2020,5662
48005,Texas,Angelina County,2020,21337
48007,Texas,Aransas County,2020,4014
48009,Texas,Archer County,2020,1948
48011,Texas,Armstrong County,2020,421
48013,Texas,Atascosa County,2020,12998
48015,Texas,Austin County,2020,7010
48017,Texas,Bailey County,2020,2066
48019,Texas,Bandera County,2020,3502
48021,Texas,Bastrop County,2020,24189
48023,Texas,Baylor County,2020,829
48025,Texas,Bee County,2020,6025
48027,Texas,Bell County,2020,98484
48029,Texas,Bexar County,2020,496936
48031,Texas,Blanco County,2020,1953
48033,Texas,Borden County,2020,160
48035,Texas,Bosque County,2020,3779
48037,Texas,Bowie County,2020,21356
48039,Texas,Brazoria County,2020,96131
48041,Texas,Brazos County,2020,47914
48043,Texas,Brewster County,2020,1700
48045,Texas,Briscoe County,2020,322
48047,Texas,Brooks County,2020,1747
48049,Texas,Brown County,2020,8217
48051,Texas,Burleson County,2020,3731
48053,Texas,Burnet County,2020,10147
48055,Texas,Caldwell County,2020,11849
48057,Texas,Calhoun County,2020,4604
48059,Texas,Callahan County,2020,3012
48061,Texas,Cameron County,2020,119809
48063,Texas,Camp County,2020,3119
48065,Texas,Carson County,2020,1406
48067,Texas,Cass County,2020,6227
48069,Texas,Castro County,2020,2094
48071,Texas,Chambers County,2020,13107
48073,Texas,Cherokee County,2020,12525
48075,Texas,Childress County,2020,1346
48077,Texas,Clay County,2020,2074
48079,Texas,Cochran County,2020,730
48081,Texas,Coke County,2020,651
48083,Texas,Coleman County,2020,1519
48085,Texas,Collin County,2020,277627
48087,Texas,Collingsworth County,2020,664
48089,Texas,Colorado County,2020,4464
48091,Texas,Comal County,2020,34966
48093,Texas,Comanche County,2020,3028
48095,Texas,Concho County,2020,452
48097,Texas,Cooke County,2020,10145
48099,Texas,Coryell County,2020,20487
48101,Texas,Cottle County,2020,283
48103,Texas,Crane County,2020,1324
48105,Texas,Crockett County,2020,704
48107,Texas,Crosby County,2020,1321
48109,Texas,Culberson County,2020,467
48111,Texas,Dallam County,2020,2093
48113,Texas,Dallas County,2020,640961
48115,Texas,Dawson County,2020,3006
48117,Texas,Deaf Smith County,2020,5634
48119,Texas,Delta County,2020,1149
48121,Texas,Denton County,2020,228006
48123,Texas,DeWitt County,2020,4406
48125,Texas,Dickens County,2020,401
48127,Texas,Dimmit County,2020,2307
48129,Texas,Donley County,2020,667
48131,Texas,Duval County,2020,2319
48133,Texas,Eastland County,2020,3739
48135,Texas,Ector County,2020,45711
48137,Texas,Edwards County,2020,282
48139,Texas,Ellis County,2020,51471
48141,Texas,El Paso County,2020,220695
48143,Texas,Erath County,2020,8708
48145,Texas,Falls County,2020,3522
48147,Texas,Fannin County,2020,7535
48149,Texas,Fayette County,2020,5039
48151,Texas,Fisher County,2020,810
48153,Texas,Floyd County,2020,1473
48155,Texas,Foard County,2020,196
48157,Texas,Fort Bend County,2020,225786
48159,Texas,Franklin County,2020,2336
48161,Texas,Freestone County,2020,4143
48163,Texas,Frio County,2020,4560
48165,Texas,Gaines County,2020,7463
48167,Texas,Galveston County,2020,83300
48169,Texas,Garza County,2020,1027
48171,Texas,Gillespie County,2020,4804
48173,Texas,Glasscock County,2020,272
48175,Texas,Goliad County,2020,1512
48177,Texas,Gonzales County,2020,4964
48179,Texas,Gray County,2020,5125
48181,Texas,Grayson County,2020,31620
48183,Texas,Gregg County,2020,30236
48185,Texas,Grimes County,2020,6223
48187,Texas,Guadalupe County,2020,44484
48189,Texas,Hale County,2020,8379
48191,Texas,Hall County,2020,626
48193,Texas,Hamilton County,2020,1731
48195,Texas,Hansford County,2020,1509
48197,Texas,Hardeman County,2020,809
48199,Texas,Hardin County,2020,13599
48201,Texas,Harris County,2020,1211561
48203,Texas,Harrison County,2020,16974
48205,Texas,Hartley County,2020,1160
48207,Texas,Haskell County,2020,1084
48209,Texas,Hays County,2020,55544
48211,Texas,Hemphill County,2020,986
48213,Texas,Henderson County,2020,17220
48215,Texas,Hidalgo County,2020,262556
48217,Texas,Hill County,2020,8388
48219,Texas,Hockley County,2020,5600
48221,Texas,Hood County,2020,12389
48223,Texas,Hopkins County,2020,8916
48225,Texas,Houston County,2020,4180
48227,Texas,Howard County,2020,7998
48229,Texas,Hudspeth County,2020,535
48231,Texas,Hunt County,2020,23813
48233,Texas,Hutchinson County,2020,5187
48235,Texas,Irion County,2020,329
48237,Texas,Jack County,2020,1823
48239,Texas,Jackson County,2020,3648
48241,Texas,Jasper County,2020,7441
48243,Texas,Jeff Davis County,2020,285
48245,Texas,Jefferson County,2020,60846
48247,Texas,Jim Hogg County,2020,1322
48249,Texas,Jim Wells County,2020,10261
48251,Texas,Johnson County,2020,45962
48253,Texas,Jones County,2020,3476
48255,Texas,Karnes County,2020,2855
48257,Texas,Kaufman County,2020,41664
48259,Texas,Kendall County,2020,10100
48261,Texas,Kenedy County,2020,83
48263,Texas,Kent County,2020,145
48265,Texas,Kerr County,2020,9328
48267,Texas,Kimble County,2020,729
48269,Texas,King County,2020,76
48271,Texas,Kinney County,2020,555
48273,Texas,Kleberg County,2020,7249
48275,Texas,Knox County,2020,827
48277,Texas,Lamar County,2020,11688
48279,Texas,Lamb County,2020,3534
48281,Texas,Lampasas County,2020,4771
48283,Texas,La Salle County,2020,1396
48285,Texas,Lavaca County,2020,4656
48287,Texas,Lee County,2020,4305
48289,Texas,Leon County,2020,3313
48291,Texas,Liberty County,2020,24324
48293,Texas,Limestone County,2020,5052
48295,Texas,Lipscomb County,2020,755
48297,Texas,Live Oak County,2020,2039
48299,Texas,Llano County,2020,3130
48301,Texas,Loving County,2020,24
48303,Texas,Lubbock County,2020,73097
48305,Texas,Lynn County,2020,1588
48307,Texas,McCulloch County,2020,1645
48309,Texas,McLennan County,2020,63188
48311,Texas,McMullen County,2020,113
48313,Texas,Madison County,2020,2754
48315,Texas,Marion County,2020,1709
48317,Texas,Martin County,2020,1541
48319,Texas,Mason County,2020,751
48321,Texas,Matagorda County,2020,9108
48323,Texas,Maverick County,2020,16958
48325,Texas,Medina County,2020,11777
48327,Texas,Menard County,2020,360
48329,Texas,Midland County,2020,46849
48331,Texas,Milam County,2020,5684
48333,Texas,Mills County,2020,887
48335,Texas,Mitchell County,2020,1775
48337,Texas,Montague County,2020,4413
48339,Texas,Montgomery County,2020,162119
48341,Texas,Moore County,2020,6414
48343,Texas,Morris County,2020,2673
48345,Texas,Motley County,2020,222
48347,Texas,Nacogdoches County,2020,14650
48349,Texas,Navarro County,2020,13376
48351,Texas,Newton County,2020,2545
48353,Texas,Nolan County,2020,3710
48355,Texas,Nueces County,2020,83122
48357,Texas,Ochiltree County,2020,3024
48359,Texas,Oldham County,2020,529
48361,Texas,Orange County,2020,20332
48363,Texas,Palo Pinto County,2020,6371
48365,Texas,Panola County,2020,5315
48367,Texas,Parker County,2020,36788
48369,Texas,Parmer County,2020,2840
48371,Texas,Pecos County,2020,3613
48373,Texas,Polk County,2020,9459
48375,Texas,Potter County,2020,29927
48377,Texas,Presidio County,2020,1459
48379,Texas,Rains County,2020,2518
48381,Texas,Randall County,2020,34000
48383,Texas,Reagan County,2020,983
48385,Texas,Real County,2020,476
48387,Texas,Red River County,2020,2308
48389,Texas,Reeves County,2020,3129
48391,Texas,Refugio County,2020,1497
48393,Texas,Roberts County,2020,201
48395,Texas,Robertson County,2020,4035
48397,Texas,Rockwall County,2020,29294
48399,Texas,Runnels County,2020,2264
48401,Texas,Rusk County,2020,11496
48403,Texas,Sabine County,2020,1831
48405,Texas,San Augustine County,2020,1632
48407,Texas,San Jacinto County,2020,5955
48409,Texas,San Patricio County,2020,17378
48411,Texas,San Saba County,2020,1124
48413,Texas,Schleicher County,2020,584
48415,Texas,Scurry County,2020,4283
48417,Texas,Shackelford County,2020,743
48419,Texas,Shelby County,2020,5951
48421,Texas,Sherman County,2020,808
48423,Texas,Smith County,2020,56021
48425,Texas,Somervell County,2020,2237
48427,Texas,Starr County,2020,19810
48429,Texas,Stephens County,2020,1974
48431,Texas,Sterling County,2020,357
48433,Texas,Stonewall County,2020,242
48435,Texas,Sutton County,2020,817
48437,Texas,Swisher County,2020,1702
48439,Texas,Tarrant County,2020,536594
48441,Texas,Taylor County,2020,34643
48443,Texas,Terrell County,2020,144
48445,Texas,Terry County,2020,3249
48447,Texas,Throckmorton County,2020,312
48449,Texas,Titus County,2020,8592
48451,Texas,Tom Green County,2020,28248
48453,Texas,Travis County,2020,273698
48455,Texas,Trinity County,2020,2620
48457,Texas,Tyler County,2020,3823
48459,Texas,Upshur County,2020,10038
48461,Texas,Upton County,2020,870
48463,Texas,Uvalde County,2020,6084
48465,Texas,Val Verde County,2020,12615
48467,Texas,Van Zandt County,2020,13571
48469,Texas,Victoria County,2020,22516
48471,Texas,Walker County,2020,11557
48473,Texas,Waller County,2020,13595
48475,Texas,Ward County,2020,3158
48477,Texas,Washington County,2020,7544
48479,Texas,Webb County,2020,80660
48481,Texas,Wharton County,2020,10256
48483,Texas,Wheeler County,2020,1217
48485,Texas,Wichita County,2020,28658
48487,Texas,Wilbarger County,2020,2966
48489,Texas,Willacy County,2020,4680
48491,Texas,Williamson County,2020,155972
48493,Texas,Wilson County,2020,11982
48495,Texas,Winkler County,2020,2189
48497,Texas,Wise County,2020,16796
48499,Texas,Wood County,2020,8292
48501,Texas,Yoakum County,2020,2221
48503,Texas,Young County,2020,4219
48505,Texas,Zapata County,2020,4297
48507,Texas,Zavala County,2020,2751
49001,Utah,Beaver County,2020,2162
49003,Utah,Box Elder County,2020,18255
49005,Utah,Cache County,2020,38993
49007,Utah,Carbon County,2020,5227
49009,Utah,Daggett County,2020,219
49011,Utah,Davis County,2020,116295
49013,Utah,Duchesne County,2020,6328
49015,Utah,Emery County,2020,2869
49017,Utah,Garfield County,2020,1202
49019,Utah,Grand County,2020,2047
49021,Utah,Iron County,2020,16259
49023,Utah,Juab County,2020,4030
49025,Utah,Kane County,2020,1752
49027,Utah,Millard County,2020,4040
49029,Utah,Morgan County,2020,4299
49031,Utah,Piute County,2020,346
49033,Utah,Rich County,2020,767
49035,Utah,Salt Lake County,2020,310343
49037,Utah,San Juan County,2020,4176
49039,Utah,Sanpete County,2020,8003
49041,Utah,Sevier County,2020,6449
49043,Utah,Summit County,2020,10351
49045,Utah,Tooele County,2020,23959
49047,Utah,Uintah County,2020,11774
49049,Utah,Utah County,2020,216133
49051,Utah,Wasatch County,2020,10578
49053,Utah,Washington County,2020,47542
49055,Utah,Wayne County,2020,536
49057,Utah,Weber County,2020,72631
50001,Vermont,Addison County,2020,6354
50003,Vermont,Bennington County,2020,7162
50005,Vermont,Caledonia County,2020,6108
50007,Vermont,Chittenden County,2020,29723
50009,Vermont,Essex County,2020,1029
50011,Vermont,Franklin County,2020,11059
50013,Vermont,Grand Isle County,2020,1270
50015,Vermont,Lamoille County,2020,5201
50017,Vermont,Orange County,2020,5585
50019,Vermont,Orleans County,2020,5258
50021,Vermont,Rutland County,2020,10560
50023,Vermont,Washington County,2020,11090
50025,Vermont,Windham County,2020,8012
50027,Vermont,Windsor County,2020,10184
51001,Virginia,Accomack County,2020,6541
51003,Virginia,Albemarle County,2020,22850
51005,Virginia,Alleghany County,2020,2843
51007,Virginia,Amelia County,2020,2677
51009,Virginia,Amherst County,2020,6388
51011,Virginia,Appomattox County,2020,3574
51013,Virginia,Arlington County,2020,42080
51015,Virginia,Augusta County,2020,15470
51017,Virginia,Bath County,2020,697
51019,Virginia,Bedford County,2020,15880
51021,Virginia,Bland County,2020,942
51023,Virginia,Botetourt County,2020,6672
51025,Virginia,Brunswick County,2020,2512
51027,Virginia,Buchanan County,2020,3568
51029,Virginia,Buckingham County,2020,3201
51031,Virginia,Campbell County,2020,11541
51033,Virginia,Caroline County,2020,7018
51035,Virginia,Carroll County,2020,5445
51036,Virginia,Charles City County,2020,994
51037,Virginia,Charlotte County,2020,2400
51041,Virginia,Chesterfield County,2020,87595
51043,Virginia,Clarke County,2020,2890
51045,Virginia,Craig County,2020,919
51047,Virginia,Culpeper County,2020,12649
51049,Virginia,Cumberland County,2020,1974
51051,Virginia,Dickenson County,2020,2751
51053,Virginia,Dinwiddie County,2020,5957
51057,Virginia,Essex County,2020,2001
51059,Virginia,Fairfax County,2020,268203
51061,Virginia,Fauquier County,2020,16868
51063,Virginia,Floyd County,2020,3068
51065,Virginia,Fluvanna County,2020,5411
51067,Virginia,Franklin County,2020,10280
51069,Virginia,Frederick County,2020,20991
51071,Virginia,Giles County,2020,3362
51073,Virginia,Gloucester County,2020,7639
51075,Virginia,Goochland County,2020,4322
51077,Virginia,Grayson County,2020,2459
51079,Virginia,Greene County,2020,4660
51081,Virginia,Greensville County,2020,1700
51083,Virginia,Halifax County,2020,6797
51085,Virginia,Hanover County,2020,24156
51087,Virginia,Henrico County,2020,75453
51089,Virginia,Henry County,2020,9861
51091,Virginia,Highland County,2020,329
51093,Virginia,Isle of Wight County,2020,8224
51095,Virginia,James City County,2020,15386
51097,Virginia,King and Queen County,2020,1152
51099,Virginia,King George County,2020,6775
51101,Virginia,King William County,2020,4066
51103,Virginia,Lancaster County,2020,1531
51105,Virginia,Lee County,2020,4273
51107,Virginia,Loudoun County,2020,118167
51109,Virginia,Louisa County,2020,7735
51111,Virginia,Lunenburg County,2020,2357
51113,Virginia,Madison County,2020,2915
51115,Virginia,Mathews County,2020,1321
51117,Virginia,Mecklenburg County,2020,5591
51119,Virginia,Middlesex County,2020,1590
51121,Virginia,Montgomery County,2020,16112
51125,Virginia,Nelson County,2020,2488
51127,Virginia,New Kent County,2020,4768
51131,Virginia,Northampton County,2020,2225
51133,Virginia,Northumberland County,2020,1725
51135,Virginia,Nottoway County,2020,2921
51137,Virginia,Orange County,2020,7663
51139,Virginia,Page County,2020,4728
51141,Virginia,Patrick County,2020,3076
51143,Virginia,Pittsylvania County,2020,11725
51145,Virginia,Powhatan County,2020,6397
51147,Virginia,Prince Edward County,2020,3465
51149,Virginia,Prince George County,2020,8469
51153,Virginia,Prince William County,2020,128802
51155,Virginia,Pulaski County,2020,6031
51157,Virginia,Rappahannock County,2020,1209
51159,Virginia,Richmond County,2020,1575
51161,Virginia,Roanoke County,2020,19785
51163,Virginia,Rockbridge County,2020,4129
51165,Virginia,Rockingham County,2020,18386
51167,Virginia,Russell County,2020,4951
51169,Virginia,Scott County,2020,3920
51171,Virginia,Shenandoah County,2020,9324
51173,Virginia,Smyth County,2020,5847
51175,Virginia,Southampton County,2020,3483
51177,Virginia,Spotsylvania County,2020,34676
51179,Virginia,Stafford County,2020,41867
51181,Virginia,Surry County,2020,1132
51183,Virginia,Sussex County,2020,1618
51185,Virginia,Tazewell County,2020,7577
51187,Virginia,Warren County,2020,8986
51191,Virginia,Washington County,2020,9971
51193,Virginia,Westmoreland County,2020,3422
51195,Virginia,Wise County,2020,6979
51197,Virginia,Wythe County,2020,5598
51199,Virginia,York County,2020,17063
51510,Virginia,Alexandria city,2020,29433
51520,Virginia,Bristol city,2020,3495
51530,Virginia,Buena Vista city,2020,1287
51540,Virginia,Charlottesville city,2020,7673
51550,Virginia,Chesapeake city,2020,60134
51570,Virginia,Colonial Heights city,2020,3933
51580,Virginia,Covington city,2020,1177
51590,Virginia,Danville city,2020,8814
51595,Virginia,Emporia city,2020,1368
51600,Virginia,Fairfax city,2020,4703
51610,Virginia,Falls Church city,2020,3609
51620,Virginia,Franklin city,2020,1887
51630,Virginia,Fredericksburg city,2020,5733
51640,Virginia,Galax city,2020,1402
51650,Virginia,Hampton city,2020,27978
51660,Virginia,Harrisonburg city,2020,9370
51670,Virginia,Hopewell city,2020,5488
51678,Virginia,Lexington city,2020,831
51680,Virginia,Lynchburg city,2020,14600
51683,Virginia,Manassas city,2020,11112
51685,Virginia,Manassas Park city,2020,4518
51690,Virginia,Martinsville city,2020,2826
51700,Virginia,Newport News city,2020,41528
51710,Virginia,Norfolk city,2020,45519
51720,Virginia,Norton city,2020,792
51730,Virginia,Petersburg city,2020,6402
51735,Virginia,Poquoson city,2020,2867
51740,Virginia,Portsmouth city,2020,21751
51750,Virginia,Radford city,2020,2238
51760,Virginia,Richmond city,2020,38664
51770,Virginia,Roanoke city,2020,21063
51775,Virginia,Salem city,2020,4764
51790,Virginia,Staunton city,2020,4745
51800,Virginia,Suffolk city,2020,22315
51810,Virginia,Virginia Beach city,2020,101384
51820,Virginia,Waynesboro city,2020,4772
51830,Virginia,Williamsburg city,2020,1515
51840,Virginia,Winchester city,2020,5885
53001,Washington,Adams County,2020,6983
53003,Washington,Asotin County,2020,4556
53005,Washington,Benton County,2020,54229
53007,Washington,Chelan County,2020,17669
53009,Washington,Clallam County,2020,12567
53011,Washington,Clark County,2020,117476
53013,Washington,Columbia County,2020,675
53015,Washington,Cowlitz County,2020,25134
53017,Washington,Douglas County,2020,10739
53019,Washington,Ferry County,2020,1347
53021,Washington,Franklin County,2020,30447
53023,Washington,Garfield County,2020,487
53025,Washington,Grant County,2020,28223
53027,Washington,Grays Harbor County,2020,15106
53029,Washington,Island County,2020,15682
53031,Washington,Jefferson County,2020,4026
53033,Washington,King County,2020,456205
53035,Washington,Kitsap County,2020,56059
53037,Washington,Kittitas County,2020,8222
53039,Washington,Klickitat County,2020,4439
53041,Washington,Lewis County,2020,18149
53043,Washington,Lincoln County,2020,2294
53045,Washington,Mason County,2020,12461
53047,Washington,Okanogan County,2020,9126
53049,Washington,Pacific County,2020,4007
53051,Washington,Pend Oreille County,2020,2523
53053,Washington,Pierce County,2020,211764
53055,Washington,San Juan County,2020,2530
53057,Washington,Skagit County,2020,27813
53059,Washington,Skamania County,2020,2238
53061,Washington,Snohomish County,2020,188160
53063,Washington,Spokane County,2020,117788
53065,Washington,Stevens County,2020,9837
53067,Washington,Thurston County,2020,63704
53069,Washington,Wahkiakum County,2020,767
53071,Washington,Walla Walla County,2020,12987
53073,Washington,Whatcom County,2020,44364
53075,Washington,Whitman County,2020,7452
53077,Washington,Yakima County,2020,72357
54001,West Virginia,Barbour County,2020,3135
54003,West Virginia,Berkeley County,2020,28725
54005,West Virginia,Boone County,2020,4543
54007,West Virginia,Braxton County,2020,2360
54009,West Virginia,Brooke County,2020,4064
54011,West Virginia,Cabell County,2020,17937
54013,West Virginia,Calhoun County,2020,1220
54015,West Virginia,Clay County,2020,1731
54017,West Virginia,Doddridge County,2020,1384
54019,West Virginia,Fayette County,2020,8406
54021,West Virginia,Gilmer County,2020,1132
54023,West Virginia,Grant County,2020,2054
54025,West Virginia,Greenbrier County,2020,6363
54027,West Virginia,Hampshire County,2020,4514
54029,West Virginia,Hancock County,2020,5407
54031,West Virginia,Hardy County,2020,3024
54033,West Virginia,Harrison County,2020,13920
54035,West Virginia,Jackson County,2020,5937
54037,West Virginia,Jefferson County,2020,12736
54039,West Virginia,Kanawha County,2020,35354
54041,West Virginia,Lewis County,2020,3533
54043,West Virginia,Lincoln County,2020,4545
54045,West Virginia,Logan County,2020,6438
54047,West Virginia,McDowell County,2020,3388
54049,West Virginia,Marion County,2020,11311
54051,West Virginia,Marshall County,2020,5868
54053,West Virginia,Mason County,2020,5238
54055,West Virginia,Mercer County,2020,12030
54057,West Virginia,Mineral County,2020,5505
54059,West Virginia,Mingo County,2020,4936
54061,West Virginia,Monongalia County,2020,17759
54063,West Virginia,Monroe County,2020,2481
54065,West Virginia,Morgan County,2020,3113
54067,West Virginia,Nicholas County,2020,4827
54069,West Virginia,Ohio County,2020,8118
54071,West Virginia,Pendleton County,2020,1041
54073,West Virginia,Pleasants County,2020,1438
54075,West Virginia,Pocahontas County,2020,1346
54077,West Virginia,Preston County,2020,6438
54079,West Virginia,Putnam County,2020,12973
54081,West Virginia,Raleigh County,2020,15492
54083,West Virginia,Randolph County,2020,5186
54085,West Virginia,Ritchie County,2020,1631
54087,West Virginia,Roane County,2020,2891
54089,West Virginia,Summers County,2020,2082
54091,West Virginia,Taylor County,2020,3442
54093,West Virginia,Tucker County,2020,1272
54095,West Virginia,Tyler County,2020,1674
54097,West Virginia,Upshur County,2020,4967
54099,West Virginia,Wayne County,2020,8473
54101,West Virginia,Webster County,2020,1664
54103,West Virginia,Wetzel County,2020,2803
54105,West Virginia,Wirt County,2020,1083
54107,West Virginia,Wood County,2020,17378
54109,West Virginia,Wyoming County,2020,4474
55001,Wisconsin,Adams County,2020,3010
55003,Wisconsin,Ashland County,2020,3441
55005,Wisconsin,Barron County,2020,9864
55007,Wisconsin,Bayfield County,2020,2770
55009,Wisconsin,Brown County,2020,62610
55011,Wisconsin,Buffalo County,2020,2763
55013,Wisconsin,Burnett County,2020,2884
55015,Wisconsin,Calumet County,2020,12730
55017,Wisconsin,Chippewa County,2020,14761
55019,Wisconsin,Clark County,2020,9971
55021,Wisconsin,Columbia County,2020,12353
55023,Wisconsin,Crawford County,2020,3296
55025,Wisconsin,Dane County,2020,113098
55027,Wisconsin,Dodge County,2020,17788
55029,Wisconsin,Door County,2020,4761
55031,Wisconsin,Douglas County,2020,8655
55033,Wisconsin,Dunn County,2020,9249
55035,Wisconsin,Eau Claire County,2020,21917
55037,Wisconsin,Florence County,2020,710
55039,Wisconsin,Fond du Lac County,2020,22095
55041,Wisconsin,Forest County,2020,1877
55043,Wisconsin,Grant County,2020,11091
55045,Wisconsin,Green County,2020,8229
55047,Wisconsin,Green Lake County,2020,4005
55049,Wisconsin,Iowa County,2020,5268
55051,Wisconsin,Iron County,2020,882
55053,Wisconsin,Jackson County,2020,4729
55055,Wisconsin,Jefferson County,2020,18551
55057,Wisconsin,Juneau County,2020,5331
55059,Wisconsin,Kenosha County,2020,37699
55061,Wisconsin,Kewaunee County,2020,4450
55063,Wisconsin,La Crosse County,2020,24173
55065,Wisconsin,Lafayette County,2020,4120
55067,Wisconsin,Langlade County,2020,3844
55069,Wisconsin,Lincoln County,2020,5398
55071,Wisconsin,Manitowoc County,2020,16763
55073,Wisconsin,Marathon County,2020,31136
55075,Wisconsin,Marinette County,2020,7954
55077,Wisconsin,Marquette County,2020,3042
55078,Wisconsin,Menominee County,2020,1362
55079,Wisconsin,Milwaukee County,2020,219043
55081,Wisconsin,Monroe County,2020,11600
55083,Wisconsin,Oconto County,2020,7956
55085,Wisconsin,Oneida County,2020,6384
55087,Wisconsin,Outagamie County,2020,44519
55089,Wisconsin,Ozaukee County,2020,19660
55091,Wisconsin,Pepin County,2020,1613
55093,Wisconsin,Pierce County,2020,8831
55095,Wisconsin,Polk County,2020,9410
55097,Wisconsin,Portage County,2020,13852
55099,Wisconsin,Price County,2020,2488
55101,Wisconsin,Racine County,2020,44676
55103,Wisconsin,Richland County,2020,3935
55105,Wisconsin,Rock County,2020,37405
55107,Wisconsin,Rusk County,2020,2886
55109,Wisconsin,St. Croix County,2020,23189
55111,Wisconsin,Sauk County,2020,14566
55113,Wisconsin,Sawyer County,2020,3350
55115,Wisconsin,Shawano County,2020,8724
55117,Wisconsin,Sheboygan County,2020,25600
55119,Wisconsin,Taylor County,2020,4787
55121,Wisconsin,Trempealeau County,2020,7610
55123,Wisconsin,Vernon County,2020,7980
55125,Wisconsin,Vilas County,2020,3594
55127,Wisconsin,Walworth County,2020,21508
55129,Wisconsin,Washburn County,2020,3011
55131,Wisconsin,Washington County,2020,29731
55133,Wisconsin,Waukesha County,2020,88785
55135,Wisconsin,Waupaca County,2020,10444
55137,Wisconsin,Waushara County,2020,4460
55139,Wisconsin,Winnebago County,2020,35528
55141,Wisconsin,Wood County,2020,15663
56001,Wyoming,Albany County,2020,6214
56003,Wyoming,Big Horn County,2020,2894
56005,Wyoming,Campbell County,2020,13179
56007,Wyoming,Carbon County,2020,3316
56009,Wyoming,Converse County,2020,3420
56011,Wyoming,Crook County,2020,1749
56013,Wyoming,Fremont County,2020,9637
56015,Wyoming,Goshen County,2020,2493
56017,Wyoming,Hot Springs County,2020,968
56019,Wyoming,Johnson County,2020,1767
56021,Wyoming,Laramie County,2020,23378
56023,Wyoming,Lincoln County,2020,5121
56025,Wyoming,Natrona County,2020,19518
56027,Wyoming,Niobrara County,2020,434
56029,Wyoming,Park County,2020,6083
56031,Wyoming,Platte County,2020,1716
56033,Wyoming,Sheridan County,2020,6618
56035,Wyoming,Sublette County,2020,2119
56037,Wyoming,Sweetwater County,2020,11202
56039,Wyoming,Teton County,2020,4576
56041,Wyoming,Uinta County,2020,5823
56043,Wyoming,Washakie County,2020,1839
56045,Wyoming,Weston County,2020,1450
72001,Puerto Rico,Adjuntas Municipio,2020,3214
72003,Puerto Rico,Aguada Municipio,2020,6164
72005,Puerto Rico,Aguadilla Municipio,2020,9458
72007,Puerto Rico,Aguas Buenas Municipio,2020,4118
72009,Puerto Rico,Aibonito Municipio,2020,4399
72011,Puerto Rico,Añasco Municipio,2020,4138
72013,Puerto Rico,Arecibo Municipio,2020,14475
72015,Puerto Rico,Arroyo Municipio,2020,2875
72017,Puerto Rico,Barceloneta Municipio,2020,4244
72019,Puerto Rico,Barranquitas Municipio,2020,5591
72021,Puerto Rico,Bayamón Municipio,2020,30767
72023,Puerto Rico,Cabo Rojo Municipio,2020,7713
72025,Puerto Rico,Caguas Municipio,2020,21310
72027,Puerto Rico,Camuy Municipio,2020,5609
72029,Puerto Rico,Canóvanas Municipio,2020,7831
72031,Puerto Rico,Carolina Municipio,2020,25027
72033,Puerto Rico,Cataño Municipio,2020,4146
72035,Puerto Rico,Cayey Municipio,2020,6949
72037,Puerto Rico,Ceiba Municipio,2020,1950
72039,Puerto Rico,Ciales Municipio,2020,3182
72041,Puerto Rico,Cidra Municipio,2020,6916
72043,Puerto Rico,Coamo Municipio,2020,6297
72045,Puerto Rico,Comerío Municipio,2020,3554
72047,Puerto Rico,Corozal Municipio,2020,6381
72049,Puerto Rico,Culebra Municipio,2020,270
72051,Puerto Rico,Dorado Municipio,2020,6820
72053,Puerto Rico,Fajardo Municipio,2020,5632
72054,Puerto Rico,Florida Municipio,2020,2173
72055,Puerto Rico,Guánica Municipio,2020,2267
72057,Puerto Rico,Guayama Municipio,2020,6217
72059,Puerto Rico,Guayanilla Municipio,2020,3105
72061,Puerto Rico,Guaynabo Municipio,2020,14126
72063,Puerto Rico,Gurabo Municipio,2020,7003
72065,Puerto Rico,Hatillo Municipio,2020,6591
72067,Puerto Rico,Hormigueros Municipio,2020,2272
72069,Puerto Rico,Humacao Municipio,2020,8578
72071,Puerto Rico,Isabela Municipio,2020,7351
72073,Puerto Rico,Jayuya Municipio,2020,2840
72075,Puerto Rico,Juana Díaz Municipio,2020,8971
72077,Puerto Rico,Juncos Municipio,2020,7197
72079,Puerto Rico,Lajas Municipio,2020,3761
72081,Puerto Rico,Lares Municipio,2020,4637
72083,Puerto Rico,Las Marías Municipio,2020,1608
72085,Puerto Rico,Las Piedras Municipio,2020,6366
72087,Puerto Rico,Loíza Municipio,2020,4435
72089,Puerto Rico,Luquillo Municipio,2020,2988
72091,Puerto Rico,Manatí Municipio,2020,6846
72093,Puerto Rico,Maricao Municipio,2020,854
72095,Puerto Rico,Maunabo Municipio,2020,1744
72097,Puerto Rico,Mayagüez Municipio,2020,11163
72099,Puerto Rico,Moca Municipio,2020,6716
72101,Puerto Rico,Morovis Municipio,2020,5383
72103,Puerto Rico,Naguabo Municipio,2020,4446
72105,Puerto Rico,Naranjito Municipio,2020,5365
72107,Puerto Rico,Orocovis Municipio,2020,4014
72109,Puerto Rico,Patillas Municipio,2020,2520
72111,Puerto Rico,Peñuelas Municipio,2020,3925
72113,Puerto Rico,Ponce Municipio,2020,23653
72115,Puerto Rico,Quebradillas Municipio,2020,4144
72117,Puerto Rico,Rincón Municipio,2020,2323
72119,Puerto Rico,Río Grande Municipio,2020,8057
72121,Puerto Rico,Sabana Grande Municipio,2020,3937
72123,Puerto Rico,Salinas Municipio,2020,4485
72125,Puerto Rico,San Germán Municipio,2020,5345
72127,Puerto Rico,San Juan Municipio,2020,53987
72129,Puerto Rico,San Lorenzo Municipio,2020,6472
72131,Puerto Rico,San Sebastián Municipio,2020,6759
72133,Puerto Rico,Santa Isabel Municipio,2020,3819
72135,Puerto Rico,Toa Alta Municipio,2020,12446
72137,Puerto Rico,Toa Baja Municipio,2020,12132
72139,Puerto Rico,Trujillo Alto Municipio,2020,11797
72141,Puerto Rico,Utuado Municipio,2020,4808
72143,Puerto Rico,Vega Alta Municipio,2020,6584
72145,Puerto Rico,Vega Baja Municipio,2020,9739
72147,Puerto Rico,Vieques Municipio,2020,1556
72149,Puerto Rico,Villalba Municipio,2020,4023
72151,Puerto Rico,Yabucoa Municipio,2020,4928
72153,Puerto Rico,Yauco Municipio,2020,5485
